ref	continent	sample	maf_bin	accuracy
REF	AFRICA	HGDP00452	[0.01, 0.03)	0.9631023646509183
REF	AFRICA	HGDP00452	[0.03, 0.06)	0.9508996349775496
REF	AFRICA	HGDP00452	[0.06, 0.1)	0.9353384577765022
REF	AFRICA	HGDP00452	[0.1, 0.18)	0.9220464843817301
REF	AFRICA	HGDP00452	[0.18, 0.3)	0.9056203100598028
REF	AFRICA	HGDP00452	[0.3, 0.51)	0.8821228937949893
REF	AFRICA	HGDP00453	[0.01, 0.03)	0.9707734403938297
REF	AFRICA	HGDP00453	[0.03, 0.06)	0.9535807733307491
REF	AFRICA	HGDP00453	[0.06, 0.1)	0.9438969157656365
REF	AFRICA	HGDP00453	[0.1, 0.18)	0.9190744473734084
REF	AFRICA	HGDP00453	[0.18, 0.3)	0.9044109244657754
REF	AFRICA	HGDP00453	[0.3, 0.51)	0.881278401093819
REF	AFRICA	HGDP00462	[0.01, 0.03)	0.9616804674337742
REF	AFRICA	HGDP00462	[0.03, 0.06)	0.938624543721937
REF	AFRICA	HGDP00462	[0.06, 0.1)	0.9290764307509117
REF	AFRICA	HGDP00462	[0.1, 0.18)	0.9079702279423167
REF	AFRICA	HGDP00462	[0.18, 0.3)	0.8945358625680875
REF	AFRICA	HGDP00462	[0.3, 0.51)	0.8808058873205452
REF	AFRICA	HGDP00463	[0.01, 0.03)	0.9607962624416007
REF	AFRICA	HGDP00463	[0.03, 0.06)	0.9343282617824725
REF	AFRICA	HGDP00463	[0.06, 0.1)	0.9245898850721355
REF	AFRICA	HGDP00463	[0.1, 0.18)	0.8993039403180512
REF	AFRICA	HGDP00463	[0.18, 0.3)	0.8932598179255705
REF	AFRICA	HGDP00463	[0.3, 0.51)	0.867786624844171
REF	AFRICA	HGDP00904	[0.01, 0.03)	0.9903095912344219
REF	AFRICA	HGDP00904	[0.03, 0.06)	0.9804029244866536
REF	AFRICA	HGDP00904	[0.06, 0.1)	0.9789387512093474
REF	AFRICA	HGDP00904	[0.1, 0.18)	0.9572112816801917
REF	AFRICA	HGDP00904	[0.18, 0.3)	0.9577952995848094
REF	AFRICA	HGDP00904	[0.3, 0.51)	0.9543973941368079
REF	AFRICA	HGDP00905	[0.01, 0.03)	0.9845264126369622
REF	AFRICA	HGDP00905	[0.03, 0.06)	0.9763435302731747
REF	AFRICA	HGDP00905	[0.06, 0.1)	0.9719431420704026
REF	AFRICA	HGDP00905	[0.1, 0.18)	0.9573749590806498
REF	AFRICA	HGDP00905	[0.18, 0.3)	0.9510436902449244
REF	AFRICA	HGDP00905	[0.3, 0.51)	0.9466863714963607
REF	AFRICA	HGDP00920	[0.01, 0.03)	0.9861155918796525
REF	AFRICA	HGDP00920	[0.03, 0.06)	0.9822980262945377
REF	AFRICA	HGDP00920	[0.06, 0.1)	0.9813308667963726
REF	AFRICA	HGDP00920	[0.1, 0.18)	0.9700556503161558
REF	AFRICA	HGDP00920	[0.18, 0.3)	0.963289909724603
REF	AFRICA	HGDP00920	[0.3, 0.51)	0.9531105481159771
REF	AFRICA	HGDP00924	[0.01, 0.03)	0.9892103093522601
REF	AFRICA	HGDP00924	[0.03, 0.06)	0.9891031646046667
REF	AFRICA	HGDP00924	[0.06, 0.1)	0.9796085435737143
REF	AFRICA	HGDP00924	[0.1, 0.18)	0.976266776933547
REF	AFRICA	HGDP00924	[0.18, 0.3)	0.9639279320458615
REF	AFRICA	HGDP00924	[0.3, 0.51)	0.9584992158282061
REF	AFRICA	HGDP00933	[0.01, 0.03)	0.9885411812500746
REF	AFRICA	HGDP00933	[0.03, 0.06)	0.9805859740930969
REF	AFRICA	HGDP00933	[0.06, 0.1)	0.9832764541404863
REF	AFRICA	HGDP00933	[0.1, 0.18)	0.973553177925949
REF	AFRICA	HGDP00933	[0.18, 0.3)	0.9710509275130461
REF	AFRICA	HGDP00933	[0.3, 0.51)	0.9598664897253388
REF	AFRICA	HGDP00940	[0.01, 0.03)	0.9858766175574435
REF	AFRICA	HGDP00940	[0.03, 0.06)	0.9847853474173854
REF	AFRICA	HGDP00940	[0.06, 0.1)	0.9778117989772377
REF	AFRICA	HGDP00940	[0.1, 0.18)	0.9667304147068452
REF	AFRICA	HGDP00940	[0.18, 0.3)	0.9636232049670514
REF	AFRICA	HGDP00940	[0.3, 0.51)	0.9527385691880806
REF	AFRICA	HGDP00984	[0.01, 0.03)	0.9684553894684017
REF	AFRICA	HGDP00984	[0.03, 0.06)	0.9409072799905245
REF	AFRICA	HGDP00984	[0.06, 0.1)	0.9226230344783592
REF	AFRICA	HGDP00984	[0.1, 0.18)	0.9018107889250702
REF	AFRICA	HGDP00984	[0.18, 0.3)	0.8862510951129394
REF	AFRICA	HGDP00984	[0.3, 0.51)	0.8649917561426791
REF	AFRICA	HGDP00992	[0.01, 0.03)	0.9442472906286219
REF	AFRICA	HGDP00992	[0.03, 0.06)	0.9129329930764177
REF	AFRICA	HGDP00992	[0.06, 0.1)	0.8902603684921166
REF	AFRICA	HGDP00992	[0.1, 0.18)	0.8713581778398028
REF	AFRICA	HGDP00992	[0.18, 0.3)	0.8628632918142689
REF	AFRICA	HGDP00992	[0.3, 0.51)	0.8270901194353963
REF	AFRICA	HGDP00993	[0.01, 0.03)	0.9829611308264927
REF	AFRICA	HGDP00993	[0.03, 0.06)	0.9637454103003091
REF	AFRICA	HGDP00993	[0.06, 0.1)	0.9612264642405298
REF	AFRICA	HGDP00993	[0.1, 0.18)	0.9415757826364123
REF	AFRICA	HGDP00993	[0.18, 0.3)	0.9332933379042395
REF	AFRICA	HGDP00993	[0.3, 0.51)	0.9158824948727228
REF	AFRICA	HGDP00994	[0.01, 0.03)	0.9838811819669976
REF	AFRICA	HGDP00994	[0.03, 0.06)	0.9706797600973393
REF	AFRICA	HGDP00994	[0.06, 0.1)	0.9689875503673225
REF	AFRICA	HGDP00994	[0.1, 0.18)	0.9510949156630658
REF	AFRICA	HGDP00994	[0.18, 0.3)	0.9552241648573495
REF	AFRICA	HGDP00994	[0.3, 0.51)	0.9377186632886959
REF	AFRICA	HGDP01086	[0.01, 0.03)	0.9659342103690959
REF	AFRICA	HGDP01086	[0.03, 0.06)	0.949069138913116
REF	AFRICA	HGDP01086	[0.06, 0.1)	0.9289382196281059
REF	AFRICA	HGDP01086	[0.1, 0.18)	0.9143019589600454
REF	AFRICA	HGDP01086	[0.18, 0.3)	0.9068106502114044
REF	AFRICA	HGDP01086	[0.3, 0.51)	0.8737684481441268
REF	AFRICA	HGDP01094	[0.01, 0.03)	0.9657191334791076
REF	AFRICA	HGDP01094	[0.03, 0.06)	0.9468940788836129
REF	AFRICA	HGDP01094	[0.06, 0.1)	0.9292890632475361
REF	AFRICA	HGDP01094	[0.1, 0.18)	0.9200737409762065
REF	AFRICA	HGDP01094	[0.18, 0.3)	0.9025063802232126
REF	AFRICA	HGDP01094	[0.3, 0.51)	0.8704709052157478
REF	AFRICA	HGDP01202	[0.01, 0.03)	0.9865815918079603
REF	AFRICA	HGDP01202	[0.03, 0.06)	0.9789277600111982
REF	AFRICA	HGDP01202	[0.06, 0.1)	0.9706354522161623
REF	AFRICA	HGDP01202	[0.1, 0.18)	0.9595372236867044
REF	AFRICA	HGDP01202	[0.18, 0.3)	0.9557098236392031
REF	AFRICA	HGDP01202	[0.3, 0.51)	0.9405738528974142
REF	AFRICA	HGDP01285	[0.01, 0.03)	0.9859363611379958
REF	AFRICA	HGDP01285	[0.03, 0.06)	0.9738131386546931
REF	AFRICA	HGDP01285	[0.06, 0.1)	0.9769293741162463
REF	AFRICA	HGDP01285	[0.1, 0.18)	0.9636808462983064
REF	AFRICA	HGDP01285	[0.18, 0.3)	0.9532720070087228
REF	AFRICA	HGDP01285	[0.3, 0.51)	0.9477419873728236
REF	AFRICA	HGDP01405	[0.01, 0.03)	0.9852552843196999
REF	AFRICA	HGDP01405	[0.03, 0.06)	0.9783893788157767
REF	AFRICA	HGDP01405	[0.06, 0.1)	0.9764190561243475
REF	AFRICA	HGDP01405	[0.1, 0.18)	0.9623455832945678
REF	AFRICA	HGDP01405	[0.18, 0.3)	0.961090161124443
REF	AFRICA	HGDP01405	[0.3, 0.51)	0.9460530019704829
REF	AFRICA	HGDP01415	[0.01, 0.03)	0.9845622587852935
REF	AFRICA	HGDP01415	[0.03, 0.06)	0.9780448148507068
REF	AFRICA	HGDP01415	[0.06, 0.1)	0.9652133235522385
REF	AFRICA	HGDP01415	[0.1, 0.18)	0.9526627728674559
REF	AFRICA	HGDP01415	[0.18, 0.3)	0.9499104864205995
REF	AFRICA	HGDP01415	[0.3, 0.51)	0.9330035790404954
REF	AFRICA	LP6005441-DNA_B02	[0.01, 0.03)	0.9788985673489383
REF	AFRICA	LP6005441-DNA_B02	[0.03, 0.06)	0.9770649610750396
REF	AFRICA	LP6005441-DNA_B02	[0.06, 0.1)	0.9747498910258455
REF	AFRICA	LP6005441-DNA_B02	[0.1, 0.18)	0.9577884598818076
REF	AFRICA	LP6005441-DNA_B02	[0.18, 0.3)	0.9530529844208281
REF	AFRICA	LP6005441-DNA_B02	[0.3, 0.51)	0.9545984638275625
REF	AFRICA	LP6005441-DNA_B11	[0.01, 0.03)	0.9516435459009931
REF	AFRICA	LP6005441-DNA_B11	[0.03, 0.06)	0.913309859913213
REF	AFRICA	LP6005441-DNA_B11	[0.06, 0.1)	0.901668101936019
REF	AFRICA	LP6005441-DNA_B11	[0.1, 0.18)	0.8767939904550232
REF	AFRICA	LP6005441-DNA_B11	[0.18, 0.3)	0.8587589989715461
REF	AFRICA	LP6005441-DNA_B11	[0.3, 0.51)	0.8260747174970846
REF	AFRICA	LP6005443-DNA_A01	[0.01, 0.03)	0.9853628227646938
REF	AFRICA	LP6005443-DNA_A01	[0.03, 0.06)	0.9824810759009809
REF	AFRICA	LP6005443-DNA_A01	[0.06, 0.1)	0.9756535791364995
REF	AFRICA	LP6005443-DNA_A01	[0.1, 0.18)	0.9627590840957255
REF	AFRICA	LP6005443-DNA_A01	[0.18, 0.3)	0.9549575286633909
REF	AFRICA	LP6005443-DNA_A01	[0.3, 0.51)	0.9449370651867937
REF	AFRICA	LP6005443-DNA_E02	[0.01, 0.03)	0.9823517463048594
REF	AFRICA	LP6005443-DNA_E02	[0.03, 0.06)	0.9763435302731747
REF	AFRICA	LP6005443-DNA_E02	[0.06, 0.1)	0.9685303904995801
REF	AFRICA	LP6005443-DNA_E02	[0.1, 0.18)	0.9555831222756327
REF	AFRICA	LP6005443-DNA_E02	[0.18, 0.3)	0.9469870110082658
REF	AFRICA	LP6005443-DNA_E02	[0.3, 0.51)	0.9360799453090441
REF	AFRICA	LP6005443-DNA_G02	[0.01, 0.03)	0.9660059026657586
REF	AFRICA	LP6005443-DNA_G02	[0.03, 0.06)	0.9421455567399941
REF	AFRICA	LP6005443-DNA_G02	[0.06, 0.1)	0.9309582283460381
REF	AFRICA	LP6005443-DNA_G02	[0.1, 0.18)	0.9179545493702727
REF	AFRICA	LP6005443-DNA_G02	[0.18, 0.3)	0.8964975431379271
REF	AFRICA	LP6005443-DNA_G02	[0.3, 0.51)	0.8735171110306833
REF	AFRICA	LP6005443-DNA_G08	[0.01, 0.03)	0.9536509302075492
REF	AFRICA	LP6005443-DNA_G08	[0.03, 0.06)	0.9200611601037999
REF	AFRICA	LP6005443-DNA_G08	[0.06, 0.1)	0.9017318916850061
REF	AFRICA	LP6005443-DNA_G08	[0.1, 0.18)	0.8781637118588583
REF	AFRICA	LP6005443-DNA_G08	[0.18, 0.3)	0.8564449777168324
REF	AFRICA	LP6005443-DNA_G08	[0.3, 0.51)	0.8218120400530825
REF	AFRICA	LP6005592-DNA_C03	[0.01, 0.03)	0.9667706204968276
REF	AFRICA	LP6005592-DNA_C03	[0.03, 0.06)	0.9498982459540655
REF	AFRICA	LP6005592-DNA_C03	[0.06, 0.1)	0.9299269607374094
REF	AFRICA	LP6005592-DNA_C03	[0.1, 0.18)	0.9093054909460554
REF	AFRICA	LP6005592-DNA_C03	[0.18, 0.3)	0.9013350855140365
REF	AFRICA	LP6005592-DNA_C03	[0.3, 0.51)	0.8737885551132023
REF	AFRICA	SS6004473	[0.01, 0.03)	0.9442592393447325
REF	AFRICA	SS6004473	[0.03, 0.06)	0.9102626223471266
REF	AFRICA	SS6004473	[0.06, 0.1)	0.900381675331441
REF	AFRICA	SS6004473	[0.1, 0.18)	0.8651384366223875
REF	AFRICA	SS6004473	[0.18, 0.3)	0.8452462575705634
REF	AFRICA	SS6004473	[0.3, 0.51)	0.8181324647122693
REF	AMERICA	HGDP00703	[0.01, 0.03)	0.9913252321038105
REF	AMERICA	HGDP00703	[0.03, 0.06)	0.9909982664125506
REF	AMERICA	HGDP00703	[0.06, 0.1)	0.9880500536897053
REF	AMERICA	HGDP00703	[0.1, 0.18)	0.9798590651436054
REF	AMERICA	HGDP00703	[0.18, 0.3)	0.9716508589494534
REF	AMERICA	HGDP00703	[0.3, 0.51)	0.9477319338882856
REF	AMERICA	HGDP00704	[0.01, 0.03)	0.9915044628454672
REF	AMERICA	HGDP00704	[0.03, 0.06)	0.9901260888759675
REF	AMERICA	HGDP00704	[0.06, 0.1)	0.9850944619866255
REF	AMERICA	HGDP00704	[0.1, 0.18)	0.9838734687548458
REF	AMERICA	HGDP00704	[0.18, 0.3)	0.9718413133737097
REF	AMERICA	HGDP00704	[0.3, 0.51)	0.9599569710861784
REF	AMERICA	HGDP00708	[0.01, 0.03)	0.9924245139859722
REF	AMERICA	HGDP00708	[0.03, 0.06)	0.9902014622433266
REF	AMERICA	HGDP00708	[0.06, 0.1)	0.9844778277464145
REF	AMERICA	HGDP00708	[0.1, 0.18)	0.9799452111438467
REF	AMERICA	HGDP00708	[0.18, 0.3)	0.9706224050584695
REF	AMERICA	HGDP00708	[0.3, 0.51)	0.9571721558692242
REF	AMERICA	HGDP00832	[0.01, 0.03)	0.9917314884515659
REF	AMERICA	HGDP00832	[0.03, 0.06)	0.9937440105092009
REF	AMERICA	HGDP00832	[0.06, 0.1)	0.9912820676383972
REF	AMERICA	HGDP00832	[0.1, 0.18)	0.9872934649644216
REF	AMERICA	HGDP00832	[0.18, 0.3)	0.9773930598407801
REF	AMERICA	HGDP00832	[0.3, 0.51)	0.9703723810672779
REF	AMERICA	HGDP00837	[0.01, 0.03)	0.9900825656283233
REF	AMERICA	HGDP00837	[0.03, 0.06)	0.9867988930882622
REF	AMERICA	HGDP00837	[0.06, 0.1)	0.9857536227261612
REF	AMERICA	HGDP00837	[0.1, 0.18)	0.9794714081425199
REF	AMERICA	HGDP00837	[0.18, 0.3)	0.9775644688226107
REF	AMERICA	HGDP00837	[0.3, 0.51)	0.9701109904692967
REF	AMERICA	HGDP00849	[0.01, 0.03)	0.9911221039299326
REF	AMERICA	HGDP00849	[0.03, 0.06)	0.990083018380334
REF	AMERICA	HGDP00849	[0.06, 0.1)	0.9846904602430391
REF	AMERICA	HGDP00849	[0.1, 0.18)	0.9811512551472236
REF	AMERICA	HGDP00849	[0.18, 0.3)	0.9765645830952653
REF	AMERICA	HGDP00849	[0.3, 0.51)	0.9636063859733783
REF	AMERICA	HGDP00854	[0.01, 0.03)	0.9891266683394869
REF	AMERICA	HGDP00854	[0.03, 0.06)	0.99038451184977
REF	AMERICA	HGDP00854	[0.06, 0.1)	0.9865935210878278
REF	AMERICA	HGDP00854	[0.1, 0.18)	0.9839251563549904
REF	AMERICA	HGDP00854	[0.18, 0.3)	0.9719174951434122
REF	AMERICA	HGDP00854	[0.3, 0.51)	0.9662403989222663
REF	AMERICA	HGDP00856	[0.01, 0.03)	0.9920182576382168
REF	AMERICA	HGDP00856	[0.03, 0.06)	0.9882955928115342
REF	AMERICA	HGDP00856	[0.06, 0.1)	0.9845628807450643
REF	AMERICA	HGDP00856	[0.1, 0.18)	0.9806257645457522
REF	AMERICA	HGDP00856	[0.18, 0.3)	0.9749933340951511
REF	AMERICA	HGDP00856	[0.3, 0.51)	0.9528290505489202
REF	AMERICA	HGDP00873	[0.01, 0.03)	0.9924006165537512
REF	AMERICA	HGDP00873	[0.03, 0.06)	0.9893723552023777
REF	AMERICA	HGDP00873	[0.06, 0.1)	0.9831276113928493
REF	AMERICA	HGDP00873	[0.1, 0.18)	0.9808669733464276
REF	AMERICA	HGDP00873	[0.18, 0.3)	0.9702510189311698
REF	AMERICA	HGDP00873	[0.3, 0.51)	0.960821570756424
REF	AMERICA	HGDP00876	[0.01, 0.03)	0.9881110274700985
REF	AMERICA	HGDP00876	[0.03, 0.06)	0.9866373787296356
REF	AMERICA	HGDP00876	[0.06, 0.1)	0.9874759459488192
REF	AMERICA	HGDP00876	[0.1, 0.18)	0.9824176013507694
REF	AMERICA	HGDP00876	[0.18, 0.3)	0.9687559517007579
REF	AMERICA	HGDP00876	[0.3, 0.51)	0.9589918365705553
REF	AMERICA	HGDP00995	[0.01, 0.03)	0.9903693348149741
REF	AMERICA	HGDP00995	[0.03, 0.06)	0.9873049714119584
REF	AMERICA	HGDP00995	[0.06, 0.1)	0.9845628807450643
REF	AMERICA	HGDP00995	[0.1, 0.18)	0.9803931703451008
REF	AMERICA	HGDP00995	[0.18, 0.3)	0.9716508589494534
REF	AMERICA	HGDP00995	[0.3, 0.51)	0.9556641331885631
REF	AMERICA	HGDP00999	[0.01, 0.03)	0.9887562581400628
REF	AMERICA	HGDP00999	[0.03, 0.06)	0.990556793832305
REF	AMERICA	HGDP00999	[0.06, 0.1)	0.9857429911013299
REF	AMERICA	HGDP00999	[0.1, 0.18)	0.9833135197532779
REF	AMERICA	HGDP00999	[0.18, 0.3)	0.9746695615739154
REF	AMERICA	HGDP00999	[0.3, 0.51)	0.965054087746813
REF	AMERICA	HGDP01014	[0.01, 0.03)	0.9911340526460433
REF	AMERICA	HGDP01014	[0.03, 0.06)	0.9879294935986476
REF	AMERICA	HGDP01014	[0.06, 0.1)	0.981926237786921
REF	AMERICA	HGDP01014	[0.1, 0.18)	0.9813493909477783
REF	AMERICA	HGDP01014	[0.18, 0.3)	0.9719079724221993
REF	AMERICA	HGDP01014	[0.3, 0.51)	0.9594241364056781
REF	AMERICA	HGDP01037	[0.01, 0.03)	0.9890310786106034
REF	AMERICA	HGDP01037	[0.03, 0.06)	0.9897492220391726
REF	AMERICA	HGDP01037	[0.06, 0.1)	0.9857323594764988
REF	AMERICA	HGDP01037	[0.1, 0.18)	0.9776795713375029
REF	AMERICA	HGDP01037	[0.18, 0.3)	0.9701557917190416
REF	AMERICA	HGDP01037	[0.3, 0.51)	0.9562070213536011
REF	AMERICA	HGDP01057	[0.01, 0.03)	0.9906561040016251
REF	AMERICA	HGDP01057	[0.03, 0.06)	0.9917304648383242
REF	AMERICA	HGDP01057	[0.06, 0.1)	0.9859343603482922
REF	AMERICA	HGDP01057	[0.1, 0.18)	0.9818662669492255
REF	AMERICA	HGDP01057	[0.18, 0.3)	0.9700129509008494
REF	AMERICA	HGDP01057	[0.3, 0.51)	0.9503357863835605
REF	AMERICA	LP6005441-DNA_A04	[0.01, 0.03)	0.9874896942323548
REF	AMERICA	LP6005441-DNA_A04	[0.03, 0.06)	0.9901691593716014
REF	AMERICA	LP6005441-DNA_A04	[0.06, 0.1)	0.9810544445507607
REF	AMERICA	LP6005441-DNA_A04	[0.1, 0.18)	0.9817715063489602
REF	AMERICA	LP6005441-DNA_A04	[0.18, 0.3)	0.9726793128404372
REF	AMERICA	LP6005441-DNA_A04	[0.3, 0.51)	0.9700506695620701
REF	AMERICA	LP6005441-DNA_B12	[0.01, 0.03)	0.9898913861705559
REF	AMERICA	LP6005441-DNA_B12	[0.03, 0.06)	0.989361587578469
REF	AMERICA	LP6005441-DNA_B12	[0.06, 0.1)	0.9879968955655491
REF	AMERICA	LP6005441-DNA_B12	[0.1, 0.18)	0.9819610275494909
REF	AMERICA	LP6005441-DNA_B12	[0.18, 0.3)	0.9701081781129776
REF	AMERICA	LP6005441-DNA_B12	[0.3, 0.51)	0.96012788032332
REF	AMERICA	LP6005441-DNA_E10	[0.01, 0.03)	0.9914925141293569
REF	AMERICA	LP6005441-DNA_E10	[0.03, 0.06)	0.9920104230599434
REF	AMERICA	LP6005441-DNA_E10	[0.06, 0.1)	0.9877417365696
REF	AMERICA	LP6005441-DNA_E10	[0.1, 0.18)	0.9817198187488155
REF	AMERICA	LP6005441-DNA_E10	[0.18, 0.3)	0.9645373862034814
REF	AMERICA	LP6005441-DNA_E10	[0.3, 0.51)	0.9618269192101983
REF	AMERICA	LP6005441-DNA_F10	[0.01, 0.03)	0.9884694889534119
REF	AMERICA	LP6005441-DNA_F10	[0.03, 0.06)	0.9916550914709651
REF	AMERICA	LP6005441-DNA_F10	[0.06, 0.1)	0.9841695106263091
REF	AMERICA	LP6005441-DNA_F10	[0.1, 0.18)	0.9799968987439913
REF	AMERICA	LP6005441-DNA_F10	[0.18, 0.3)	0.9705557460099798
REF	AMERICA	LP6005441-DNA_F10	[0.3, 0.51)	0.9607310893955846
REF	AMERICA	LP6005441-DNA_H06	[0.01, 0.03)	0.9895807195516841
REF	AMERICA	LP6005441-DNA_H06	[0.03, 0.06)	0.9889416502460402
REF	AMERICA	LP6005441-DNA_H06	[0.06, 0.1)	0.982691714774769
REF	AMERICA	LP6005441-DNA_H06	[0.1, 0.18)	0.982529591151083
REF	AMERICA	LP6005441-DNA_H06	[0.18, 0.3)	0.9730602216889499
REF	AMERICA	LP6005441-DNA_H06	[0.3, 0.51)	0.9565991072505731
REF	CENTRAL_SOUTH_ASIA	HGDP00001	[0.01, 0.03)	0.976700003584615
REF	CENTRAL_SOUTH_ASIA	HGDP00001	[0.03, 0.06)	0.9810812847928848
REF	CENTRAL_SOUTH_ASIA	HGDP00001	[0.06, 0.1)	0.9800763350662882
REF	CENTRAL_SOUTH_ASIA	HGDP00001	[0.1, 0.18)	0.9778087903378646
REF	CENTRAL_SOUTH_ASIA	HGDP00001	[0.18, 0.3)	0.9642136136822459
REF	CENTRAL_SOUTH_ASIA	HGDP00001	[0.3, 0.51)	0.945429685929143
REF	CENTRAL_SOUTH_ASIA	HGDP00021	[0.01, 0.03)	0.9782174905306424
REF	CENTRAL_SOUTH_ASIA	HGDP00021	[0.03, 0.06)	0.9788416190199309
REF	CENTRAL_SOUTH_ASIA	HGDP00021	[0.06, 0.1)	0.9769293741162461
REF	CENTRAL_SOUTH_ASIA	HGDP00021	[0.1, 0.18)	0.9665408935063144
REF	CENTRAL_SOUTH_ASIA	HGDP00021	[0.18, 0.3)	0.9549289604997525
REF	CENTRAL_SOUTH_ASIA	HGDP00021	[0.3, 0.51)	0.9444444444444444
REF	CENTRAL_SOUTH_ASIA	HGDP00023	[0.01, 0.03)	0.97973497747667
REF	CENTRAL_SOUTH_ASIA	HGDP00023	[0.03, 0.06)	0.9818565537142919
REF	CENTRAL_SOUTH_ASIA	HGDP00023	[0.06, 0.1)	0.9828299258975749
REF	CENTRAL_SOUTH_ASIA	HGDP00023	[0.1, 0.18)	0.9722093003221861
REF	CENTRAL_SOUTH_ASIA	HGDP00023	[0.18, 0.3)	0.9602331162152896
REF	CENTRAL_SOUTH_ASIA	HGDP00023	[0.3, 0.51)	0.9470080830015684
REF	CENTRAL_SOUTH_ASIA	HGDP00039	[0.01, 0.03)	0.9817662592154472
REF	CENTRAL_SOUTH_ASIA	HGDP00039	[0.03, 0.06)	0.9854852429714334
REF	CENTRAL_SOUTH_ASIA	HGDP00039	[0.06, 0.1)	0.980778022305149
REF	CENTRAL_SOUTH_ASIA	HGDP00039	[0.1, 0.18)	0.9744663255285057
REF	CENTRAL_SOUTH_ASIA	HGDP00039	[0.18, 0.3)	0.9685083609492248
REF	CENTRAL_SOUTH_ASIA	HGDP00039	[0.3, 0.51)	0.9566895886114126
REF	CENTRAL_SOUTH_ASIA	HGDP00052	[0.01, 0.03)	0.9817782079315577
REF	CENTRAL_SOUTH_ASIA	HGDP00052	[0.03, 0.06)	0.9825672168922482
REF	CENTRAL_SOUTH_ASIA	HGDP00052	[0.06, 0.1)	0.9706141889664998
REF	CENTRAL_SOUTH_ASIA	HGDP00052	[0.1, 0.18)	0.9745524715287469
REF	CENTRAL_SOUTH_ASIA	HGDP00052	[0.18, 0.3)	0.9596903211061593
REF	CENTRAL_SOUTH_ASIA	HGDP00052	[0.3, 0.51)	0.9419813407326979
REF	CENTRAL_SOUTH_ASIA	HGDP00068	[0.01, 0.03)	0.9847175920947294
REF	CENTRAL_SOUTH_ASIA	HGDP00068	[0.03, 0.06)	0.9835470706679157
REF	CENTRAL_SOUTH_ASIA	HGDP00068	[0.06, 0.1)	0.9859768868476169
REF	CENTRAL_SOUTH_ASIA	HGDP00068	[0.1, 0.18)	0.9804362433452215
REF	CENTRAL_SOUTH_ASIA	HGDP00068	[0.18, 0.3)	0.96676570296728
REF	CENTRAL_SOUTH_ASIA	HGDP00068	[0.3, 0.51)	0.9622190051071701
REF	CENTRAL_SOUTH_ASIA	HGDP00086	[0.01, 0.03)	0.9796513364638968
REF	CENTRAL_SOUTH_ASIA	HGDP00086	[0.03, 0.06)	0.978593963670037
REF	CENTRAL_SOUTH_ASIA	HGDP00086	[0.06, 0.1)	0.9803102308125751
REF	CENTRAL_SOUTH_ASIA	HGDP00086	[0.1, 0.18)	0.9729156975241638
REF	CENTRAL_SOUTH_ASIA	HGDP00086	[0.18, 0.3)	0.9630137508094313
REF	CENTRAL_SOUTH_ASIA	HGDP00086	[0.3, 0.51)	0.9492500100534844
REF	CENTRAL_SOUTH_ASIA	HGDP00092	[0.01, 0.03)	0.9859363611379958
REF	CENTRAL_SOUTH_ASIA	HGDP00092	[0.03, 0.06)	0.9865620053622766
REF	CENTRAL_SOUTH_ASIA	HGDP00092	[0.06, 0.1)	0.9842333003752964
REF	CENTRAL_SOUTH_ASIA	HGDP00092	[0.1, 0.18)	0.9784979583397944
REF	CENTRAL_SOUTH_ASIA	HGDP00092	[0.18, 0.3)	0.9653563402277834
REF	CENTRAL_SOUTH_ASIA	HGDP00092	[0.3, 0.51)	0.9460932159086339
REF	CENTRAL_SOUTH_ASIA	HGDP00099	[0.01, 0.03)	0.9846458997980666
REF	CENTRAL_SOUTH_ASIA	HGDP00099	[0.03, 0.06)	0.9865835406100936
REF	CENTRAL_SOUTH_ASIA	HGDP00099	[0.06, 0.1)	0.9851050936114567
REF	CENTRAL_SOUTH_ASIA	HGDP00099	[0.1, 0.18)	0.9788253131407109
REF	CENTRAL_SOUTH_ASIA	HGDP00099	[0.18, 0.3)	0.9665466803793853
REF	CENTRAL_SOUTH_ASIA	HGDP00099	[0.3, 0.51)	0.9524269111674106
REF	CENTRAL_SOUTH_ASIA	HGDP00100	[0.01, 0.03)	0.9843232844630845
REF	CENTRAL_SOUTH_ASIA	HGDP00100	[0.03, 0.06)	0.9877572116161127
REF	CENTRAL_SOUTH_ASIA	HGDP00100	[0.06, 0.1)	0.9860300449717729
REF	CENTRAL_SOUTH_ASIA	HGDP00100	[0.1, 0.18)	0.976266776933547
REF	CENTRAL_SOUTH_ASIA	HGDP00100	[0.18, 0.3)	0.963080409857921
REF	CENTRAL_SOUTH_ASIA	HGDP00100	[0.3, 0.51)	0.9427956729802549
REF	CENTRAL_SOUTH_ASIA	HGDP00105	[0.01, 0.03)	0.9813719515838023
REF	CENTRAL_SOUTH_ASIA	HGDP00105	[0.03, 0.06)	0.9804890654779209
REF	CENTRAL_SOUTH_ASIA	HGDP00105	[0.06, 0.1)	0.9793852794522587
REF	CENTRAL_SOUTH_ASIA	HGDP00105	[0.1, 0.18)	0.9709084957185438
REF	CENTRAL_SOUTH_ASIA	HGDP00105	[0.18, 0.3)	0.9578905267969375
REF	CENTRAL_SOUTH_ASIA	HGDP00105	[0.3, 0.51)	0.9466260505891341
REF	CENTRAL_SOUTH_ASIA	HGDP00118	[0.01, 0.03)	0.9860558482991002
REF	CENTRAL_SOUTH_ASIA	HGDP00118	[0.03, 0.06)	0.989361587578469
REF	CENTRAL_SOUTH_ASIA	HGDP00118	[0.06, 0.1)	0.981926237786921
REF	CENTRAL_SOUTH_ASIA	HGDP00118	[0.1, 0.18)	0.9735187195258523
REF	CENTRAL_SOUTH_ASIA	HGDP00118	[0.18, 0.3)	0.9573572544090199
REF	CENTRAL_SOUTH_ASIA	HGDP00118	[0.3, 0.51)	0.954970442755459
REF	CENTRAL_SOUTH_ASIA	HGDP00131	[0.01, 0.03)	0.9802129261210882
REF	CENTRAL_SOUTH_ASIA	HGDP00131	[0.03, 0.06)	0.9852268199976311
REF	CENTRAL_SOUTH_ASIA	HGDP00131	[0.06, 0.1)	0.9830425583941993
REF	CENTRAL_SOUTH_ASIA	HGDP00131	[0.1, 0.18)	0.9756637549318585
REF	CENTRAL_SOUTH_ASIA	HGDP00131	[0.18, 0.3)	0.966603816706662
REF	CENTRAL_SOUTH_ASIA	HGDP00131	[0.3, 0.51)	0.9510596372702778
REF	CENTRAL_SOUTH_ASIA	HGDP00141	[0.01, 0.03)	0.9787073878911711
REF	CENTRAL_SOUTH_ASIA	HGDP00141	[0.03, 0.06)	0.978744710404755
REF	CENTRAL_SOUTH_ASIA	HGDP00141	[0.06, 0.1)	0.9714966138274913
REF	CENTRAL_SOUTH_ASIA	HGDP00141	[0.1, 0.18)	0.976619975534536
REF	CENTRAL_SOUTH_ASIA	HGDP00141	[0.18, 0.3)	0.9655944082581038
REF	CENTRAL_SOUTH_ASIA	HGDP00141	[0.3, 0.51)	0.9452085092693127
REF	CENTRAL_SOUTH_ASIA	HGDP00143	[0.01, 0.03)	0.9819335412409936
REF	CENTRAL_SOUTH_ASIA	HGDP00143	[0.03, 0.06)	0.9832671124462965
REF	CENTRAL_SOUTH_ASIA	HGDP00143	[0.06, 0.1)	0.9835103498867732
REF	CENTRAL_SOUTH_ASIA	HGDP00143	[0.1, 0.18)	0.973923605726986
REF	CENTRAL_SOUTH_ASIA	HGDP00143	[0.18, 0.3)	0.9647944996762274
REF	CENTRAL_SOUTH_ASIA	HGDP00143	[0.3, 0.51)	0.9491394217235695
REF	CENTRAL_SOUTH_ASIA	HGDP00151	[0.01, 0.03)	0.9859841560024376
REF	CENTRAL_SOUTH_ASIA	HGDP00151	[0.03, 0.06)	0.9880264022138235
REF	CENTRAL_SOUTH_ASIA	HGDP00151	[0.06, 0.1)	0.9890706896735028
REF	CENTRAL_SOUTH_ASIA	HGDP00151	[0.1, 0.18)	0.9853379507589464
REF	CENTRAL_SOUTH_ASIA	HGDP00151	[0.18, 0.3)	0.9717175179979431
REF	CENTRAL_SOUTH_ASIA	HGDP00151	[0.3, 0.51)	0.9576446696424981
REF	CENTRAL_SOUTH_ASIA	HGDP00163	[0.01, 0.03)	0.98288943852983
REF	CENTRAL_SOUTH_ASIA	HGDP00163	[0.03, 0.06)	0.9852591228693564
REF	CENTRAL_SOUTH_ASIA	HGDP00163	[0.06, 0.1)	0.9857217278516676
REF	CENTRAL_SOUTH_ASIA	HGDP00163	[0.1, 0.18)	0.9781533743388295
REF	CENTRAL_SOUTH_ASIA	HGDP00163	[0.18, 0.3)	0.9645945225307584
REF	CENTRAL_SOUTH_ASIA	HGDP00163	[0.3, 0.51)	0.9498833795793621
REF	CENTRAL_SOUTH_ASIA	HGDP00179	[0.01, 0.03)	0.9838214383864453
REF	CENTRAL_SOUTH_ASIA	HGDP00179	[0.03, 0.06)	0.9842577338458722
REF	CENTRAL_SOUTH_ASIA	HGDP00179	[0.06, 0.1)	0.9878161579434184
REF	CENTRAL_SOUTH_ASIA	HGDP00179	[0.1, 0.18)	0.9794111059423511
REF	CENTRAL_SOUTH_ASIA	HGDP00179	[0.18, 0.3)	0.971108063840323
REF	CENTRAL_SOUTH_ASIA	HGDP00179	[0.3, 0.51)	0.9597760083644992
REF	CENTRAL_SOUTH_ASIA	HGDP00197	[0.01, 0.03)	0.985207489455258
REF	CENTRAL_SOUTH_ASIA	HGDP00197	[0.03, 0.06)	0.9851406790063637
REF	CENTRAL_SOUTH_ASIA	HGDP00197	[0.06, 0.1)	0.9863170988422161
REF	CENTRAL_SOUTH_ASIA	HGDP00197	[0.1, 0.18)	0.9792043555417721
REF	CENTRAL_SOUTH_ASIA	HGDP00197	[0.18, 0.3)	0.9574810497847864
REF	CENTRAL_SOUTH_ASIA	HGDP00197	[0.3, 0.51)	0.9513210278682591
REF	CENTRAL_SOUTH_ASIA	HGDP00201	[0.01, 0.03)	0.9851596945908163
REF	CENTRAL_SOUTH_ASIA	HGDP00201	[0.03, 0.06)	0.9819965328251015
REF	CENTRAL_SOUTH_ASIA	HGDP00201	[0.06, 0.1)	0.9828724523968998
REF	CENTRAL_SOUTH_ASIA	HGDP00201	[0.1, 0.18)	0.9742078875277821
REF	CENTRAL_SOUTH_ASIA	HGDP00201	[0.18, 0.3)	0.9624328648154497
REF	CENTRAL_SOUTH_ASIA	HGDP00201	[0.3, 0.51)	0.9492801705070977
REF	CENTRAL_SOUTH_ASIA	HGDP00213	[0.01, 0.03)	0.985207489455258
REF	CENTRAL_SOUTH_ASIA	HGDP00213	[0.03, 0.06)	0.984925326528195
REF	CENTRAL_SOUTH_ASIA	HGDP00213	[0.06, 0.1)	0.9836804558840727
REF	CENTRAL_SOUTH_ASIA	HGDP00213	[0.1, 0.18)	0.9795920125428577
REF	CENTRAL_SOUTH_ASIA	HGDP00213	[0.18, 0.3)	0.9680512703310098
REF	CENTRAL_SOUTH_ASIA	HGDP00213	[0.3, 0.51)	0.966572163912012
REF	CENTRAL_SOUTH_ASIA	HGDP00214	[0.01, 0.03)	0.9853150279002522
REF	CENTRAL_SOUTH_ASIA	HGDP00214	[0.03, 0.06)	0.9850760732629129
REF	CENTRAL_SOUTH_ASIA	HGDP00214	[0.06, 0.1)	0.9792258050797903
REF	CENTRAL_SOUTH_ASIA	HGDP00214	[0.1, 0.18)	0.9729156975241638
REF	CENTRAL_SOUTH_ASIA	HGDP00214	[0.18, 0.3)	0.9555193692149468
REF	CENTRAL_SOUTH_ASIA	HGDP00214	[0.3, 0.51)	0.9475509711666064
REF	CENTRAL_SOUTH_ASIA	HGDP00239	[0.01, 0.03)	0.9819215925248833
REF	CENTRAL_SOUTH_ASIA	HGDP00239	[0.03, 0.06)	0.9833424858136556
REF	CENTRAL_SOUTH_ASIA	HGDP00239	[0.06, 0.1)	0.9809481283024485
REF	CENTRAL_SOUTH_ASIA	HGDP00239	[0.1, 0.18)	0.9767836529349943
REF	CENTRAL_SOUTH_ASIA	HGDP00239	[0.18, 0.3)	0.9655658400944654
REF	CENTRAL_SOUTH_ASIA	HGDP00239	[0.3, 0.51)	0.9489383520328146
REF	CENTRAL_SOUTH_ASIA	HGDP00248	[0.01, 0.03)	0.9790897468067057
REF	CENTRAL_SOUTH_ASIA	HGDP00248	[0.03, 0.06)	0.9819426947055594
REF	CENTRAL_SOUTH_ASIA	HGDP00248	[0.06, 0.1)	0.9820219224104021
REF	CENTRAL_SOUTH_ASIA	HGDP00248	[0.1, 0.18)	0.9749918161299771
REF	CENTRAL_SOUTH_ASIA	HGDP00248	[0.18, 0.3)	0.9637279549003923
REF	CENTRAL_SOUTH_ASIA	HGDP00248	[0.3, 0.51)	0.9439719306711706
REF	CENTRAL_SOUTH_ASIA	HGDP00274	[0.01, 0.03)	0.9815392336093487
REF	CENTRAL_SOUTH_ASIA	HGDP00274	[0.03, 0.06)	0.98420389572633
REF	CENTRAL_SOUTH_ASIA	HGDP00274	[0.06, 0.1)	0.9825535036519631
REF	CENTRAL_SOUTH_ASIA	HGDP00274	[0.1, 0.18)	0.9702279423166382
REF	CENTRAL_SOUTH_ASIA	HGDP00274	[0.18, 0.3)	0.9668990210642594
REF	CENTRAL_SOUTH_ASIA	HGDP00274	[0.3, 0.51)	0.9546185707966381
REF	CENTRAL_SOUTH_ASIA	HGDP00277	[0.01, 0.03)	0.978838823768386
REF	CENTRAL_SOUTH_ASIA	HGDP00277	[0.03, 0.06)	0.9818888565860172
REF	CENTRAL_SOUTH_ASIA	HGDP00277	[0.06, 0.1)	0.9811820240487354
REF	CENTRAL_SOUTH_ASIA	HGDP00277	[0.1, 0.18)	0.9782050619389742
REF	CENTRAL_SOUTH_ASIA	HGDP00277	[0.18, 0.3)	0.9692797013674629
REF	CENTRAL_SOUTH_ASIA	HGDP00277	[0.3, 0.51)	0.9568806048176298
REF	CENTRAL_SOUTH_ASIA	HGDP00302	[0.01, 0.03)	0.9844547203402995
REF	CENTRAL_SOUTH_ASIA	HGDP00302	[0.03, 0.06)	0.9849683970238287
REF	CENTRAL_SOUTH_ASIA	HGDP00302	[0.06, 0.1)	0.9844671961215832
REF	CENTRAL_SOUTH_ASIA	HGDP00302	[0.1, 0.18)	0.9782050619389742
REF	CENTRAL_SOUTH_ASIA	HGDP00302	[0.18, 0.3)	0.9658705671732754
REF	CENTRAL_SOUTH_ASIA	HGDP00302	[0.3, 0.51)	0.9541862709615153
REF	CENTRAL_SOUTH_ASIA	HGDP00313	[0.01, 0.03)	0.9794960031544611
REF	CENTRAL_SOUTH_ASIA	HGDP00313	[0.03, 0.06)	0.9801121986411258
REF	CENTRAL_SOUTH_ASIA	HGDP00313	[0.06, 0.1)	0.9836166661350855
REF	CENTRAL_SOUTH_ASIA	HGDP00313	[0.1, 0.18)	0.9773349873365379
REF	CENTRAL_SOUTH_ASIA	HGDP00313	[0.18, 0.3)	0.9641660000761818
REF	CENTRAL_SOUTH_ASIA	HGDP00313	[0.3, 0.51)	0.9475710781356818
REF	CENTRAL_SOUTH_ASIA	HGDP00341	[0.01, 0.03)	0.9857690791124494
REF	CENTRAL_SOUTH_ASIA	HGDP00341	[0.03, 0.06)	0.9862712795167491
REF	CENTRAL_SOUTH_ASIA	HGDP00341	[0.06, 0.1)	0.9804909684347058
REF	CENTRAL_SOUTH_ASIA	HGDP00341	[0.1, 0.18)	0.9741906583277338
REF	CENTRAL_SOUTH_ASIA	HGDP00341	[0.18, 0.3)	0.9606711613910791
REF	CENTRAL_SOUTH_ASIA	HGDP00341	[0.3, 0.51)	0.9468371737644267
REF	CENTRAL_SOUTH_ASIA	HGDP00376	[0.01, 0.03)	0.988839899152836
REF	CENTRAL_SOUTH_ASIA	HGDP00376	[0.03, 0.06)	0.9860236241668551
REF	CENTRAL_SOUTH_ASIA	HGDP00376	[0.06, 0.1)	0.986455309965022
REF	CENTRAL_SOUTH_ASIA	HGDP00376	[0.1, 0.18)	0.9784376561396253
REF	CENTRAL_SOUTH_ASIA	HGDP00376	[0.18, 0.3)	0.968498838228012
REF	CENTRAL_SOUTH_ASIA	HGDP00376	[0.3, 0.51)	0.9663610407367194
REF	CENTRAL_SOUTH_ASIA	HGDP00417	[0.01, 0.03)	0.9830089256909346
REF	CENTRAL_SOUTH_ASIA	HGDP00417	[0.03, 0.06)	0.9824918435248894
REF	CENTRAL_SOUTH_ASIA	HGDP00417	[0.06, 0.1)	0.9837123507585664
REF	CENTRAL_SOUTH_ASIA	HGDP00417	[0.1, 0.18)	0.9779638531382988
REF	CENTRAL_SOUTH_ASIA	HGDP00417	[0.18, 0.3)	0.9676894069249228
REF	CENTRAL_SOUTH_ASIA	HGDP00417	[0.3, 0.51)	0.9505670165279285
REF	CENTRAL_SOUTH_ASIA	HGDP00433	[0.01, 0.03)	0.98183795151211
REF	CENTRAL_SOUTH_ASIA	HGDP00433	[0.03, 0.06)	0.9833209505658387
REF	CENTRAL_SOUTH_ASIA	HGDP00433	[0.06, 0.1)	0.9839249832551908
REF	CENTRAL_SOUTH_ASIA	HGDP00433	[0.1, 0.18)	0.9726917179235368
REF	CENTRAL_SOUTH_ASIA	HGDP00433	[0.18, 0.3)	0.9576715042090428
REF	CENTRAL_SOUTH_ASIA	HGDP00433	[0.3, 0.51)	0.9494008123215506
REF	CENTRAL_SOUTH_ASIA	HGDP01299	[0.01, 0.03)	0.98236369502097
REF	CENTRAL_SOUTH_ASIA	HGDP01299	[0.03, 0.06)	0.9835578382918241
REF	CENTRAL_SOUTH_ASIA	HGDP01299	[0.06, 0.1)	0.9842651952497901
REF	CENTRAL_SOUTH_ASIA	HGDP01299	[0.1, 0.18)	0.975767130132148
REF	CENTRAL_SOUTH_ASIA	HGDP01299	[0.18, 0.3)	0.960366434312269
REF	CENTRAL_SOUTH_ASIA	HGDP01299	[0.3, 0.51)	0.9501648771464191
REF	CENTRAL_SOUTH_ASIA	HGDP01301	[0.01, 0.03)	0.9830328231231555
REF	CENTRAL_SOUTH_ASIA	HGDP01301	[0.03, 0.06)	0.9815658278687641
REF	CENTRAL_SOUTH_ASIA	HGDP01301	[0.06, 0.1)	0.9772908493605078
REF	CENTRAL_SOUTH_ASIA	HGDP01301	[0.1, 0.18)	0.9735359487259007
REF	CENTRAL_SOUTH_ASIA	HGDP01301	[0.18, 0.3)	0.9672608844703462
REF	CENTRAL_SOUTH_ASIA	HGDP01301	[0.3, 0.51)	0.9533216712912694
REF	CENTRAL_SOUTH_ASIA	HGDP01302	[0.01, 0.03)	0.9870834378845993
REF	CENTRAL_SOUTH_ASIA	HGDP01302	[0.03, 0.06)	0.9850330027672793
REF	CENTRAL_SOUTH_ASIA	HGDP01302	[0.06, 0.1)	0.9814159197950223
REF	CENTRAL_SOUTH_ASIA	HGDP01302	[0.1, 0.18)	0.9760255681328717
REF	CENTRAL_SOUTH_ASIA	HGDP01302	[0.18, 0.3)	0.9662419533005752
REF	CENTRAL_SOUTH_ASIA	HGDP01302	[0.3, 0.51)	0.9582076647766117
REF	CENTRAL_SOUTH_ASIA	LP6005442-DNA_B01	[0.01, 0.03)	0.9827221565042836
REF	CENTRAL_SOUTH_ASIA	LP6005442-DNA_B01	[0.03, 0.06)	0.9869604074468887
REF	CENTRAL_SOUTH_ASIA	LP6005442-DNA_B01	[0.06, 0.1)	0.979491595700571
REF	CENTRAL_SOUTH_ASIA	LP6005442-DNA_B01	[0.1, 0.18)	0.9707189745180131
REF	CENTRAL_SOUTH_ASIA	LP6005442-DNA_B01	[0.18, 0.3)	0.9649563859368454
REF	CENTRAL_SOUTH_ASIA	LP6005442-DNA_B01	[0.3, 0.51)	0.9404331041138858
REF	EAST_ASIA	HGDP00711	[0.01, 0.03)	0.9893656426616961
REF	EAST_ASIA	HGDP00711	[0.03, 0.06)	0.9852268199976311
REF	EAST_ASIA	HGDP00711	[0.06, 0.1)	0.9768017946182717
REF	EAST_ASIA	HGDP00711	[0.1, 0.18)	0.972484967522958
REF	EAST_ASIA	HGDP00711	[0.18, 0.3)	0.9632899097246028
REF	EAST_ASIA	HGDP00711	[0.3, 0.51)	0.9493304379297864
REF	EAST_ASIA	HGDP00712	[0.01, 0.03)	0.9852791817519209
REF	EAST_ASIA	HGDP00712	[0.03, 0.06)	0.9840854518633374
REF	EAST_ASIA	HGDP00712	[0.06, 0.1)	0.9792683315791153
REF	EAST_ASIA	HGDP00712	[0.1, 0.18)	0.972993228924381
REF	EAST_ASIA	HGDP00712	[0.18, 0.3)	0.9560621643240772
REF	EAST_ASIA	HGDP00712	[0.3, 0.51)	0.9420316081553867
REF	EAST_ASIA	HGDP00719	[0.01, 0.03)	0.9888876940172779
REF	EAST_ASIA	HGDP00719	[0.03, 0.06)	0.9842254309741469
REF	EAST_ASIA	HGDP00719	[0.06, 0.1)	0.9800550718166257
REF	EAST_ASIA	HGDP00719	[0.1, 0.18)	0.9756120673317137
REF	EAST_ASIA	HGDP00719	[0.18, 0.3)	0.9579571858454273
REF	EAST_ASIA	HGDP00719	[0.3, 0.51)	0.9469276551252663
REF	EAST_ASIA	HGDP00756	[0.01, 0.03)	0.9882424633473134
REF	EAST_ASIA	HGDP00756	[0.03, 0.06)	0.9835470706679157
REF	EAST_ASIA	HGDP00756	[0.06, 0.1)	0.9769931638652335
REF	EAST_ASIA	HGDP00756	[0.1, 0.18)	0.9780586137385642
REF	EAST_ASIA	HGDP00756	[0.18, 0.3)	0.9652515902944425
REF	EAST_ASIA	HGDP00756	[0.3, 0.51)	0.9448164233723408
REF	EAST_ASIA	HGDP00757	[0.01, 0.03)	0.9895090272550215
REF	EAST_ASIA	HGDP00757	[0.03, 0.06)	0.9859913212951299
REF	EAST_ASIA	HGDP00757	[0.06, 0.1)	0.9829468737707183
REF	EAST_ASIA	HGDP00757	[0.1, 0.18)	0.9743371065281438
REF	EAST_ASIA	HGDP00757	[0.18, 0.3)	0.9569382546756562
REF	EAST_ASIA	HGDP00757	[0.3, 0.51)	0.9478224152491254
REF	EAST_ASIA	HGDP00761	[0.01, 0.03)	0.9844427716241889
REF	EAST_ASIA	HGDP00761	[0.03, 0.06)	0.9842900367175975
REF	EAST_ASIA	HGDP00761	[0.06, 0.1)	0.9840419311283343
REF	EAST_ASIA	HGDP00761	[0.1, 0.18)	0.9782912079392153
REF	EAST_ASIA	HGDP00761	[0.18, 0.3)	0.9631375461851979
REF	EAST_ASIA	HGDP00761	[0.3, 0.51)	0.9418104314955564
REF	EAST_ASIA	HGDP00772	[0.01, 0.03)	0.9903215399505323
REF	EAST_ASIA	HGDP00772	[0.03, 0.06)	0.9910521045320928
REF	EAST_ASIA	HGDP00772	[0.06, 0.1)	0.9811076026749167
REF	EAST_ASIA	HGDP00772	[0.1, 0.18)	0.9818662669492255
REF	EAST_ASIA	HGDP00772	[0.18, 0.3)	0.967784634137051
REF	EAST_ASIA	HGDP00772	[0.3, 0.51)	0.9441730003619254
REF	EAST_ASIA	HGDP00820	[0.01, 0.03)	0.9894014888100274
REF	EAST_ASIA	HGDP00820	[0.03, 0.06)	0.9835578382918241
REF	EAST_ASIA	HGDP00820	[0.06, 0.1)	0.9768655843672589
REF	EAST_ASIA	HGDP00820	[0.1, 0.18)	0.9727606347237298
REF	EAST_ASIA	HGDP00820	[0.18, 0.3)	0.9632042052336875
REF	EAST_ASIA	HGDP00820	[0.3, 0.51)	0.9363011219688744
REF	EAST_ASIA	HGDP00822	[0.01, 0.03)	0.9912176936588164
REF	EAST_ASIA	HGDP00822	[0.03, 0.06)	0.9894907990653703
REF	EAST_ASIA	HGDP00822	[0.06, 0.1)	0.9807567590554864
REF	EAST_ASIA	HGDP00822	[0.1, 0.18)	0.9744490963284574
REF	EAST_ASIA	HGDP00822	[0.18, 0.3)	0.9625280920275778
REF	EAST_ASIA	HGDP00822	[0.3, 0.51)	0.9502553585072585
REF	EAST_ASIA	HGDP00945	[0.01, 0.03)	0.9869281045751634
REF	EAST_ASIA	HGDP00945	[0.03, 0.06)	0.9887586006395969
REF	EAST_ASIA	HGDP00945	[0.06, 0.1)	0.9848818294900009
REF	EAST_ASIA	HGDP00945	[0.1, 0.18)	0.9759566513326787
REF	EAST_ASIA	HGDP00945	[0.18, 0.3)	0.9615567744638707
REF	EAST_ASIA	HGDP00945	[0.3, 0.51)	0.9492097961153336
REF	EAST_ASIA	HGDP00957	[0.01, 0.03)	0.9869161558590529
REF	EAST_ASIA	HGDP00957	[0.03, 0.06)	0.9866912168491778
REF	EAST_ASIA	HGDP00957	[0.06, 0.1)	0.9836804558840728
REF	EAST_ASIA	HGDP00957	[0.1, 0.18)	0.9755689943315932
REF	EAST_ASIA	HGDP00957	[0.18, 0.3)	0.961747228888127
REF	EAST_ASIA	HGDP00957	[0.3, 0.51)	0.9400309647323764
REF	EAST_ASIA	HGDP00958	[0.01, 0.03)	0.9873941045034711
REF	EAST_ASIA	HGDP00958	[0.03, 0.06)	0.9880479374616402
REF	EAST_ASIA	HGDP00958	[0.06, 0.1)	0.9858599389744734
REF	EAST_ASIA	HGDP00958	[0.1, 0.18)	0.9782739787391671
REF	EAST_ASIA	HGDP00958	[0.18, 0.3)	0.961442501809317
REF	EAST_ASIA	HGDP00958	[0.3, 0.51)	0.9484758917440784
REF	EAST_ASIA	HGDP00964	[0.01, 0.03)	0.9836541563608989
REF	EAST_ASIA	HGDP00964	[0.03, 0.06)	0.9863466528841082
REF	EAST_ASIA	HGDP00964	[0.06, 0.1)	0.9846798286182078
REF	EAST_ASIA	HGDP00964	[0.1, 0.18)	0.9731913647249358
REF	EAST_ASIA	HGDP00964	[0.18, 0.3)	0.957509617948425
REF	EAST_ASIA	HGDP00964	[0.3, 0.51)	0.9440925724856234
REF	EAST_ASIA	HGDP00976	[0.01, 0.03)	0.9887921042883944
REF	EAST_ASIA	HGDP00976	[0.03, 0.06)	0.9833209505658387
REF	EAST_ASIA	HGDP00976	[0.06, 0.1)	0.98130960354671
REF	EAST_ASIA	HGDP00976	[0.1, 0.18)	0.9768008821350423
REF	EAST_ASIA	HGDP00976	[0.18, 0.3)	0.9632803870033899
REF	EAST_ASIA	HGDP00976	[0.3, 0.51)	0.952688301765392
REF	EAST_ASIA	HGDP01096	[0.01, 0.03)	0.9908831296077236
REF	EAST_ASIA	HGDP01096	[0.03, 0.06)	0.9837731907699927
REF	EAST_ASIA	HGDP01096	[0.06, 0.1)	0.9777586408530815
REF	EAST_ASIA	HGDP01096	[0.1, 0.18)	0.9740786685274203
REF	EAST_ASIA	HGDP01096	[0.18, 0.3)	0.9599950481849694
REF	EAST_ASIA	HGDP01096	[0.3, 0.51)	0.9522358949611935
REF	EAST_ASIA	HGDP01099	[0.01, 0.03)	0.9882544120634237
REF	EAST_ASIA	HGDP01099	[0.03, 0.06)	0.9873372742836839
REF	EAST_ASIA	HGDP01099	[0.06, 0.1)	0.9816072890419841
REF	EAST_ASIA	HGDP01099	[0.1, 0.18)	0.9788770007408556
REF	EAST_ASIA	HGDP01099	[0.18, 0.3)	0.9602140707728641
REF	EAST_ASIA	HGDP01099	[0.3, 0.51)	0.9413278642377448
REF	EAST_ASIA	HGDP01103	[0.01, 0.03)	0.9889235401656092
REF	EAST_ASIA	HGDP01103	[0.03, 0.06)	0.9868527312078044
REF	EAST_ASIA	HGDP01103	[0.06, 0.1)	0.9804697051850434
REF	EAST_ASIA	HGDP01103	[0.1, 0.18)	0.9765682879343911
REF	EAST_ASIA	HGDP01103	[0.18, 0.3)	0.9609949339123148
REF	EAST_ASIA	HGDP01103	[0.3, 0.51)	0.9474504363212289
REF	EAST_ASIA	HGDP01180	[0.01, 0.03)	0.989102770907266
REF	EAST_ASIA	HGDP01180	[0.03, 0.06)	0.9840423813677036
REF	EAST_ASIA	HGDP01180	[0.06, 0.1)	0.9842014055008027
REF	EAST_ASIA	HGDP01180	[0.1, 0.18)	0.9757412863320756
REF	EAST_ASIA	HGDP01180	[0.18, 0.3)	0.9669275892278978
REF	EAST_ASIA	HGDP01180	[0.3, 0.51)	0.9557546145494028
REF	EAST_ASIA	HGDP01181	[0.01, 0.03)	0.987549437812907
REF	EAST_ASIA	HGDP01181	[0.03, 0.06)	0.9819534623294677
REF	EAST_ASIA	HGDP01181	[0.06, 0.1)	0.9824365557788197
REF	EAST_ASIA	HGDP01181	[0.1, 0.18)	0.9713219965197015
REF	EAST_ASIA	HGDP01181	[0.18, 0.3)	0.9544813926027502
REF	EAST_ASIA	HGDP01181	[0.3, 0.51)	0.937125507700969
REF	EAST_ASIA	HGDP01185	[0.01, 0.03)	0.9897241041450096
REF	EAST_ASIA	HGDP01185	[0.03, 0.06)	0.9806182769648222
REF	EAST_ASIA	HGDP01185	[0.06, 0.1)	0.9828405575224062
REF	EAST_ASIA	HGDP01185	[0.1, 0.18)	0.9732258231250324
REF	EAST_ASIA	HGDP01185	[0.18, 0.3)	0.9672132708642821
REF	EAST_ASIA	HGDP01185	[0.3, 0.51)	0.9544376080749587
REF	EAST_ASIA	HGDP01189	[0.01, 0.03)	0.988624822262848
REF	EAST_ASIA	HGDP01189	[0.03, 0.06)	0.985496010595342
REF	EAST_ASIA	HGDP01189	[0.06, 0.1)	0.9801507564401066
REF	EAST_ASIA	HGDP01189	[0.1, 0.18)	0.9786874795403251
REF	EAST_ASIA	HGDP01189	[0.18, 0.3)	0.9626328419609188
REF	EAST_ASIA	HGDP01189	[0.3, 0.51)	0.9495315076205413
REF	EAST_ASIA	HGDP01190	[0.01, 0.03)	0.9881229761862088
REF	EAST_ASIA	HGDP01190	[0.03, 0.06)	0.9861420680298478
REF	EAST_ASIA	HGDP01190	[0.06, 0.1)	0.9840844576276593
REF	EAST_ASIA	HGDP01190	[0.1, 0.18)	0.9799538257438708
REF	EAST_ASIA	HGDP01190	[0.18, 0.3)	0.9644897725974175
REF	EAST_ASIA	HGDP01190	[0.3, 0.51)	0.9487774962802108
REF	EAST_ASIA	HGDP01195	[0.01, 0.03)	0.9903095912344219
REF	EAST_ASIA	HGDP01195	[0.03, 0.06)	0.989038558861216
REF	EAST_ASIA	HGDP01195	[0.06, 0.1)	0.9832977173901488
REF	EAST_ASIA	HGDP01195	[0.1, 0.18)	0.9757929739322202
REF	EAST_ASIA	HGDP01195	[0.18, 0.3)	0.9647944996762274
REF	EAST_ASIA	HGDP01195	[0.3, 0.51)	0.9512707604455704
REF	EAST_ASIA	HGDP01204	[0.01, 0.03)	0.9873343609229188
REF	EAST_ASIA	HGDP01204	[0.03, 0.06)	0.983654746907
REF	EAST_ASIA	HGDP01204	[0.06, 0.1)	0.9845203542457394
REF	EAST_ASIA	HGDP01204	[0.1, 0.18)	0.9769473303354526
REF	EAST_ASIA	HGDP01204	[0.18, 0.3)	0.9657562945187217
REF	EAST_ASIA	HGDP01204	[0.3, 0.51)	0.9431073310009249
REF	EAST_ASIA	HGDP01205	[0.01, 0.03)	0.9868922584268321
REF	EAST_ASIA	HGDP01205	[0.03, 0.06)	0.9868419635838959
REF	EAST_ASIA	HGDP01205	[0.06, 0.1)	0.982925610521056
REF	EAST_ASIA	HGDP01205	[0.1, 0.18)	0.9758015885322444
REF	EAST_ASIA	HGDP01205	[0.18, 0.3)	0.9634898868700721
REF	EAST_ASIA	HGDP01205	[0.3, 0.51)	0.9497526842803716
REF	EAST_ASIA	HGDP01212	[0.01, 0.03)	0.987047591736268
REF	EAST_ASIA	HGDP01212	[0.03, 0.06)	0.9829225484812265
REF	EAST_ASIA	HGDP01212	[0.06, 0.1)	0.9820219224104019
REF	EAST_ASIA	HGDP01212	[0.1, 0.18)	0.9766285901345602
REF	EAST_ASIA	HGDP01212	[0.18, 0.3)	0.9639469774882871
REF	EAST_ASIA	HGDP01212	[0.3, 0.51)	0.9453995254755299
REF	EAST_ASIA	HGDP01213	[0.01, 0.03)	0.9884336428050806
REF	EAST_ASIA	HGDP01213	[0.03, 0.06)	0.9784539845592273
REF	EAST_ASIA	HGDP01213	[0.06, 0.1)	0.9816072890419841
REF	EAST_ASIA	HGDP01213	[0.1, 0.18)	0.978480729139746
REF	EAST_ASIA	HGDP01213	[0.18, 0.3)	0.9619281605911705
REF	EAST_ASIA	HGDP01213	[0.3, 0.51)	0.9470784573933325
REF	EAST_ASIA	HGDP01214	[0.01, 0.03)	0.9885411812500747
REF	EAST_ASIA	HGDP01214	[0.03, 0.06)	0.985722130697419
REF	EAST_ASIA	HGDP01214	[0.06, 0.1)	0.9798743341944949
REF	EAST_ASIA	HGDP01214	[0.1, 0.18)	0.9687203873124169
REF	EAST_ASIA	HGDP01214	[0.18, 0.3)	0.9594427303546262
REF	EAST_ASIA	HGDP01214	[0.3, 0.51)	0.9477319338882856
REF	EAST_ASIA	HGDP01220	[0.01, 0.03)	0.9867130276851752
REF	EAST_ASIA	HGDP01220	[0.03, 0.06)	0.9835470706679157
REF	EAST_ASIA	HGDP01220	[0.06, 0.1)	0.9768762159920902
REF	EAST_ASIA	HGDP01220	[0.1, 0.18)	0.9747161489292052
REF	EAST_ASIA	HGDP01220	[0.18, 0.3)	0.9584523673484936
REF	EAST_ASIA	HGDP01220	[0.3, 0.51)	0.9490288333936543
REF	EAST_ASIA	HGDP01222	[0.01, 0.03)	0.9864382072146347
REF	EAST_ASIA	HGDP01222	[0.03, 0.06)	0.9880802403333655
REF	EAST_ASIA	HGDP01222	[0.06, 0.1)	0.9811820240487354
REF	EAST_ASIA	HGDP01222	[0.1, 0.18)	0.9757326717320515
REF	EAST_ASIA	HGDP01222	[0.18, 0.3)	0.9632137279549003
REF	EAST_ASIA	HGDP01222	[0.3, 0.51)	0.9468472272489645
REF	EAST_ASIA	HGDP01224	[0.01, 0.03)	0.9863067713374198
REF	EAST_ASIA	HGDP01224	[0.03, 0.06)	0.9881879165724501
REF	EAST_ASIA	HGDP01224	[0.06, 0.1)	0.9849562508638195
REF	EAST_ASIA	HGDP01224	[0.1, 0.18)	0.9752760979307732
REF	EAST_ASIA	HGDP01224	[0.18, 0.3)	0.9607092522759303
REF	EAST_ASIA	HGDP01224	[0.3, 0.51)	0.9430972775163872
REF	EAST_ASIA	HGDP01225	[0.01, 0.03)	0.9889952324622721
REF	EAST_ASIA	HGDP01225	[0.03, 0.06)	0.9872726685402332
REF	EAST_ASIA	HGDP01225	[0.06, 0.1)	0.9863915202160345
REF	EAST_ASIA	HGDP01225	[0.1, 0.18)	0.9793249599421099
REF	EAST_ASIA	HGDP01225	[0.18, 0.3)	0.9632137279549003
REF	EAST_ASIA	HGDP01225	[0.3, 0.51)	0.9501146097237303
REF	EAST_ASIA	HGDP01231	[0.01, 0.03)	0.9888160017206151
REF	EAST_ASIA	HGDP01231	[0.03, 0.06)	0.9861851385254816
REF	EAST_ASIA	HGDP01231	[0.06, 0.1)	0.9833508755143049
REF	EAST_ASIA	HGDP01231	[0.1, 0.18)	0.9758274323323168
REF	EAST_ASIA	HGDP01231	[0.18, 0.3)	0.9633375233306671
REF	EAST_ASIA	HGDP01231	[0.3, 0.51)	0.9477822013109743
REF	EAST_ASIA	HGDP01233	[0.01, 0.03)	0.988027386457325
REF	EAST_ASIA	HGDP01233	[0.03, 0.06)	0.9866589139774526
REF	EAST_ASIA	HGDP01233	[0.06, 0.1)	0.9847542499920263
REF	EAST_ASIA	HGDP01233	[0.1, 0.18)	0.97775710273772
REF	EAST_ASIA	HGDP01233	[0.18, 0.3)	0.9633375233306669
REF	EAST_ASIA	HGDP01233	[0.3, 0.51)	0.9542365383842041
REF	EAST_ASIA	HGDP01234	[0.01, 0.03)	0.9896882579966783
REF	EAST_ASIA	HGDP01234	[0.03, 0.06)	0.9852483552454481
REF	EAST_ASIA	HGDP01234	[0.06, 0.1)	0.9795553854495584
REF	EAST_ASIA	HGDP01234	[0.1, 0.18)	0.9715545907203528
REF	EAST_ASIA	HGDP01234	[0.18, 0.3)	0.9630327962518569
REF	EAST_ASIA	HGDP01234	[0.3, 0.51)	0.9431676519081513
REF	EAST_ASIA	HGDP01239	[0.01, 0.03)	0.9882544120634237
REF	EAST_ASIA	HGDP01239	[0.03, 0.06)	0.9848176502891106
REF	EAST_ASIA	HGDP01239	[0.06, 0.1)	0.9797254914468577
REF	EAST_ASIA	HGDP01239	[0.1, 0.18)	0.9752244103306283
REF	EAST_ASIA	HGDP01239	[0.18, 0.3)	0.9617757970517656
REF	EAST_ASIA	HGDP01239	[0.3, 0.51)	0.932903044195118
REF	EAST_ASIA	HGDP01243	[0.01, 0.03)	0.9876928224062325
REF	EAST_ASIA	HGDP01243	[0.03, 0.06)	0.9840962194872458
REF	EAST_ASIA	HGDP01243	[0.06, 0.1)	0.9717730360731031
REF	EAST_ASIA	HGDP01243	[0.1, 0.18)	0.9763012353336435
REF	EAST_ASIA	HGDP01243	[0.18, 0.3)	0.9636041595246257
REF	EAST_ASIA	HGDP01243	[0.3, 0.51)	0.9521956810230425
REF	EAST_ASIA	HGDP01244	[0.01, 0.03)	0.9883619505084178
REF	EAST_ASIA	HGDP01244	[0.03, 0.06)	0.9845592273153083
REF	EAST_ASIA	HGDP01244	[0.06, 0.1)	0.9808311804293051
REF	EAST_ASIA	HGDP01244	[0.1, 0.18)	0.9804362433452215
REF	EAST_ASIA	HGDP01244	[0.18, 0.3)	0.9639184093246487
REF	EAST_ASIA	HGDP01244	[0.3, 0.51)	0.944615353681586
REF	EAST_ASIA	HGDP01249	[0.01, 0.03)	0.9879198480123311
REF	EAST_ASIA	HGDP01249	[0.03, 0.06)	0.9847853474173854
REF	EAST_ASIA	HGDP01249	[0.06, 0.1)	0.9807036009313302
REF	EAST_ASIA	HGDP01249	[0.1, 0.18)	0.9691855757137195
REF	EAST_ASIA	HGDP01249	[0.18, 0.3)	0.9593284577000722
REF	EAST_ASIA	HGDP01249	[0.3, 0.51)	0.9556540797040254
REF	EAST_ASIA	HGDP01287	[0.01, 0.03)	0.9885292325339642
REF	EAST_ASIA	HGDP01287	[0.03, 0.06)	0.9861205327820309
REF	EAST_ASIA	HGDP01287	[0.06, 0.1)	0.9805653898085244
REF	EAST_ASIA	HGDP01287	[0.1, 0.18)	0.9709084957185438
REF	EAST_ASIA	HGDP01287	[0.18, 0.3)	0.962004342360873
REF	EAST_ASIA	HGDP01287	[0.3, 0.51)	0.9475710781356818
REF	EAST_ASIA	HGDP01288	[0.01, 0.03)	0.9892700529328123
REF	EAST_ASIA	HGDP01288	[0.03, 0.06)	0.9881663813246332
REF	EAST_ASIA	HGDP01288	[0.06, 0.1)	0.9798211760703387
REF	EAST_ASIA	HGDP01288	[0.1, 0.18)	0.9732688961251529
REF	EAST_ASIA	HGDP01288	[0.18, 0.3)	0.9618234106578297
REF	EAST_ASIA	HGDP01288	[0.3, 0.51)	0.9524168576828728
REF	EAST_ASIA	HGDP01292	[0.01, 0.03)	0.9909667706204969
REF	EAST_ASIA	HGDP01292	[0.03, 0.06)	0.9823626320379881
REF	EAST_ASIA	HGDP01292	[0.06, 0.1)	0.9776416929799381
REF	EAST_ASIA	HGDP01292	[0.1, 0.18)	0.976120328733137
REF	EAST_ASIA	HGDP01292	[0.18, 0.3)	0.9657753399611474
REF	EAST_ASIA	HGDP01292	[0.3, 0.51)	0.9464752483210681
REF	EAST_ASIA	HGDP01295	[0.01, 0.03)	0.9885292325339642
REF	EAST_ASIA	HGDP01295	[0.03, 0.06)	0.9867881254643538
REF	EAST_ASIA	HGDP01295	[0.06, 0.1)	0.9785666443402545
REF	EAST_ASIA	HGDP01295	[0.1, 0.18)	0.9724418945228374
REF	EAST_ASIA	HGDP01295	[0.18, 0.3)	0.9619567287548089
REF	EAST_ASIA	HGDP01295	[0.3, 0.51)	0.9510194233321267
REF	EAST_ASIA	HGDP01309	[0.01, 0.03)	0.9926156934437395
REF	EAST_ASIA	HGDP01309	[0.03, 0.06)	0.9871865275489657
REF	EAST_ASIA	HGDP01309	[0.06, 0.1)	0.9809162334279549
REF	EAST_ASIA	HGDP01309	[0.1, 0.18)	0.9758360469323409
REF	EAST_ASIA	HGDP01309	[0.18, 0.3)	0.965537271930827
REF	EAST_ASIA	HGDP01309	[0.3, 0.51)	0.9533116178067318
REF	EAST_ASIA	HGDP01310	[0.01, 0.03)	0.9918868217610017
REF	EAST_ASIA	HGDP01310	[0.03, 0.06)	0.9881233108289993
REF	EAST_ASIA	HGDP01310	[0.06, 0.1)	0.9835422447612667
REF	EAST_ASIA	HGDP01310	[0.1, 0.18)	0.9817887355490085
REF	EAST_ASIA	HGDP01310	[0.18, 0.3)	0.9706414505008952
REF	EAST_ASIA	HGDP01310	[0.3, 0.51)	0.9526179273736278
REF	EAST_ASIA	HGDP01317	[0.01, 0.03)	0.9902737450860906
REF	EAST_ASIA	HGDP01317	[0.03, 0.06)	0.9879833317181898
REF	EAST_ASIA	HGDP01317	[0.06, 0.1)	0.9874653143239881
REF	EAST_ASIA	HGDP01317	[0.1, 0.18)	0.9776451129374064
REF	EAST_ASIA	HGDP01317	[0.18, 0.3)	0.9669085437854721
REF	EAST_ASIA	HGDP01317	[0.3, 0.51)	0.9517432742188442
REF	EAST_ASIA	HGDP01318	[0.01, 0.03)	0.9889832837461614
REF	EAST_ASIA	HGDP01318	[0.03, 0.06)	0.9865081672427345
REF	EAST_ASIA	HGDP01318	[0.06, 0.1)	0.9834678233874483
REF	EAST_ASIA	HGDP01318	[0.1, 0.18)	0.976473527334126
REF	EAST_ASIA	HGDP01318	[0.18, 0.3)	0.9595379575667542
REF	EAST_ASIA	HGDP01318	[0.3, 0.51)	0.9468874411871153
REF	EAST_ASIA	HGDP01326	[0.01, 0.03)	0.9878959505801101
REF	EAST_ASIA	HGDP01326	[0.03, 0.06)	0.9827502664986917
REF	EAST_ASIA	HGDP01326	[0.06, 0.1)	0.9769400057410773
REF	EAST_ASIA	HGDP01326	[0.1, 0.18)	0.9724160507227649
REF	EAST_ASIA	HGDP01326	[0.18, 0.3)	0.965384908391422
REF	EAST_ASIA	HGDP01326	[0.3, 0.51)	0.9511702256001929
REF	EAST_ASIA	HGDP01327	[0.01, 0.03)	0.9885292325339642
REF	EAST_ASIA	HGDP01327	[0.03, 0.06)	0.9836439792830917
REF	EAST_ASIA	HGDP01327	[0.06, 0.1)	0.9771951647370268
REF	EAST_ASIA	HGDP01327	[0.1, 0.18)	0.9743112627280716
REF	EAST_ASIA	HGDP01327	[0.18, 0.3)	0.9599379118576926
REF	EAST_ASIA	HGDP01327	[0.3, 0.51)	0.9426448707121887
REF	EAST_ASIA	HGDP01328	[0.01, 0.03)	0.9892103093522601
REF	EAST_ASIA	HGDP01328	[0.03, 0.06)	0.9886401567766041
REF	EAST_ASIA	HGDP01328	[0.06, 0.1)	0.9825853985264568
REF	EAST_ASIA	HGDP01328	[0.1, 0.18)	0.9763529229337882
REF	EAST_ASIA	HGDP01328	[0.18, 0.3)	0.9609949339123148
REF	EAST_ASIA	HGDP01328	[0.3, 0.51)	0.9453392045683032
REF	EAST_ASIA	HGDP01332	[0.01, 0.03)	0.986390412350193
REF	EAST_ASIA	HGDP01332	[0.03, 0.06)	0.9884786424179777
REF	EAST_ASIA	HGDP01332	[0.06, 0.1)	0.983116979768018
REF	EAST_ASIA	HGDP01332	[0.1, 0.18)	0.9749401285298323
REF	EAST_ASIA	HGDP01332	[0.18, 0.3)	0.9630708871367081
REF	EAST_ASIA	HGDP01332	[0.3, 0.51)	0.9467768528572003
REF	EAST_ASIA	HGDP01337	[0.01, 0.03)	0.9868564122785006
REF	EAST_ASIA	HGDP01337	[0.03, 0.06)	0.9861851385254816
REF	EAST_ASIA	HGDP01337	[0.06, 0.1)	0.9784071699677861
REF	EAST_ASIA	HGDP01337	[0.1, 0.18)	0.9772832997363933
REF	EAST_ASIA	HGDP01337	[0.18, 0.3)	0.964004113815564
REF	EAST_ASIA	HGDP01337	[0.3, 0.51)	0.9480938593316444
REF	EAST_ASIA	HGDP01339	[0.01, 0.03)	0.9884694889534119
REF	EAST_ASIA	HGDP01339	[0.03, 0.06)	0.9885755510331534
REF	EAST_ASIA	HGDP01339	[0.06, 0.1)	0.985168883360444
REF	EAST_ASIA	HGDP01339	[0.1, 0.18)	0.9782739787391672
REF	EAST_ASIA	HGDP01339	[0.18, 0.3)	0.9641945682398203
REF	EAST_ASIA	HGDP01339	[0.3, 0.51)	0.9499537539711262
REF	EAST_ASIA	HGDP01346	[0.01, 0.03)	0.9874896942323547
REF	EAST_ASIA	HGDP01346	[0.03, 0.06)	0.9824487730292556
REF	EAST_ASIA	HGDP01346	[0.06, 0.1)	0.9773759023591576
REF	EAST_ASIA	HGDP01346	[0.1, 0.18)	0.975267483330749
REF	EAST_ASIA	HGDP01346	[0.18, 0.3)	0.9648040223974402
REF	EAST_ASIA	HGDP01346	[0.3, 0.51)	0.9483250894760124
REF	EAST_ASIA	HGDP01347	[0.01, 0.03)	0.9876928224062325
REF	EAST_ASIA	HGDP01347	[0.03, 0.06)	0.9879940993420983
REF	EAST_ASIA	HGDP01347	[0.06, 0.1)	0.9842758268746211
REF	EAST_ASIA	HGDP01347	[0.1, 0.18)	0.9748712117296393
REF	EAST_ASIA	HGDP01347	[0.18, 0.3)	0.9638231821125205
REF	EAST_ASIA	HGDP01347	[0.3, 0.51)	0.9513511883218724
REF	EAST_ASIA	HGDP01348	[0.01, 0.03)	0.9861155918796525
REF	EAST_ASIA	HGDP01348	[0.03, 0.06)	0.9884786424179777
REF	EAST_ASIA	HGDP01348	[0.06, 0.1)	0.9775034818571322
REF	EAST_ASIA	HGDP01348	[0.1, 0.18)	0.9734670319257077
REF	EAST_ASIA	HGDP01348	[0.18, 0.3)	0.9605092751304612
REF	EAST_ASIA	HGDP01348	[0.3, 0.51)	0.9479531105481159
REF	EAST_ASIA	HGDP01353	[0.01, 0.03)	0.9872029250457037
REF	EAST_ASIA	HGDP01353	[0.03, 0.06)	0.98619590614939
REF	EAST_ASIA	HGDP01353	[0.06, 0.1)	0.9847010918678701
REF	EAST_ASIA	HGDP01353	[0.1, 0.18)	0.9748195241294947
REF	EAST_ASIA	HGDP01353	[0.18, 0.3)	0.9638231821125205
REF	EAST_ASIA	HGDP01353	[0.3, 0.51)	0.9411066875779146
REF	EAST_ASIA	LP6005441-DNA_C05	[0.01, 0.03)	0.9853269766163625
REF	EAST_ASIA	LP6005441-DNA_C05	[0.03, 0.06)	0.9813827782623209
REF	EAST_ASIA	LP6005441-DNA_C05	[0.06, 0.1)	0.9845203542457394
REF	EAST_ASIA	LP6005441-DNA_C05	[0.1, 0.18)	0.9769904033355732
REF	EAST_ASIA	LP6005441-DNA_C05	[0.18, 0.3)	0.9619567287548089
REF	EAST_ASIA	LP6005441-DNA_C05	[0.3, 0.51)	0.9553625286524308
REF	EAST_ASIA	LP6005441-DNA_C08	[0.01, 0.03)	0.9885650786822957
REF	EAST_ASIA	LP6005441-DNA_C08	[0.03, 0.06)	0.9845053891957662
REF	EAST_ASIA	LP6005441-DNA_C08	[0.06, 0.1)	0.980544126558862
REF	EAST_ASIA	LP6005441-DNA_C08	[0.1, 0.18)	0.9733119691252736
REF	EAST_ASIA	LP6005441-DNA_C08	[0.18, 0.3)	0.9576429360454042
REF	EAST_ASIA	LP6005441-DNA_C08	[0.3, 0.51)	0.9506675513733059
REF	EAST_ASIA	LP6005441-DNA_D12	[0.01, 0.03)	0.9878959505801101
REF	EAST_ASIA	LP6005441-DNA_D12	[0.03, 0.06)	0.9876603030009368
REF	EAST_ASIA	LP6005441-DNA_D12	[0.06, 0.1)	0.9851476201107814
REF	EAST_ASIA	LP6005441-DNA_D12	[0.1, 0.18)	0.9750004307300012
REF	EAST_ASIA	LP6005441-DNA_D12	[0.18, 0.3)	0.9618710242638938
REF	EAST_ASIA	LP6005441-DNA_D12	[0.3, 0.51)	0.9461032693931717
REF	EAST_ASIA	LP6005441-DNA_E08	[0.01, 0.03)	0.9863187200535302
REF	EAST_ASIA	LP6005441-DNA_E08	[0.03, 0.06)	0.9839239375047109
REF	EAST_ASIA	LP6005441-DNA_E08	[0.06, 0.1)	0.9791088572066469
REF	EAST_ASIA	LP6005441-DNA_E08	[0.1, 0.18)	0.967712479109595
REF	EAST_ASIA	LP6005441-DNA_E08	[0.18, 0.3)	0.958938026130347
REF	EAST_ASIA	LP6005441-DNA_E08	[0.3, 0.51)	0.9475509711666064
REF	EAST_ASIA	LP6005441-DNA_F09	[0.01, 0.03)	0.9866891302529545
REF	EAST_ASIA	LP6005441-DNA_F09	[0.03, 0.06)	0.9846561359304842
REF	EAST_ASIA	LP6005441-DNA_F09	[0.06, 0.1)	0.9782902220946428
REF	EAST_ASIA	LP6005441-DNA_F09	[0.1, 0.18)	0.9700039627160112
REF	EAST_ASIA	LP6005441-DNA_F09	[0.18, 0.3)	0.9629661372033672
REF	EAST_ASIA	LP6005441-DNA_F09	[0.3, 0.51)	0.95229621586842
REF	EAST_ASIA	LP6005441-DNA_F12	[0.01, 0.03)	0.9898196938738933
REF	EAST_ASIA	LP6005441-DNA_F12	[0.03, 0.06)	0.988015634589915
REF	EAST_ASIA	LP6005441-DNA_F12	[0.06, 0.1)	0.9828192942727436
REF	EAST_ASIA	LP6005441-DNA_F12	[0.1, 0.18)	0.97804999913854
REF	EAST_ASIA	LP6005441-DNA_F12	[0.18, 0.3)	0.9603378661486306
REF	EAST_ASIA	LP6005441-DNA_F12	[0.3, 0.51)	0.9505569630433909
REF	EAST_ASIA	LP6005441-DNA_G03	[0.01, 0.03)	0.9880154377412147
REF	EAST_ASIA	LP6005441-DNA_G03	[0.03, 0.06)	0.9796061203174296
REF	EAST_ASIA	LP6005441-DNA_G03	[0.06, 0.1)	0.9701251342242636
REF	EAST_ASIA	LP6005441-DNA_G03	[0.1, 0.18)	0.969151117313623
REF	EAST_ASIA	LP6005441-DNA_G03	[0.18, 0.3)	0.9602616843789282
REF	EAST_ASIA	LP6005441-DNA_G03	[0.3, 0.51)	0.9352555595769494
REF	EAST_ASIA	LP6005441-DNA_G05	[0.01, 0.03)	0.9881827197667611
REF	EAST_ASIA	LP6005441-DNA_G05	[0.03, 0.06)	0.9831702038311205
REF	EAST_ASIA	LP6005441-DNA_G05	[0.06, 0.1)	0.979682964947533
REF	EAST_ASIA	LP6005441-DNA_G05	[0.1, 0.18)	0.9742423459278786
REF	EAST_ASIA	LP6005441-DNA_G05	[0.18, 0.3)	0.9595189121243286
REF	EAST_ASIA	LP6005441-DNA_G05	[0.3, 0.51)	0.9482848755378614
REF	EAST_ASIA	LP6005442-DNA_D01	[0.01, 0.03)	0.9876091813934593
REF	EAST_ASIA	LP6005442-DNA_D01	[0.03, 0.06)	0.9886509244005125
REF	EAST_ASIA	LP6005442-DNA_D01	[0.06, 0.1)	0.9805334949340307
REF	EAST_ASIA	LP6005442-DNA_D01	[0.1, 0.18)	0.9728295515239229
REF	EAST_ASIA	LP6005442-DNA_D01	[0.18, 0.3)	0.9599760027425437
REF	EAST_ASIA	LP6005442-DNA_D01	[0.3, 0.51)	0.9517030602806932
REF	EAST_ASIA	LP6005442-DNA_G01	[0.01, 0.03)	0.9845622587852936
REF	EAST_ASIA	LP6005442-DNA_G01	[0.03, 0.06)	0.9872834361641415
REF	EAST_ASIA	LP6005442-DNA_G01	[0.06, 0.1)	0.9795234905750646
REF	EAST_ASIA	LP6005442-DNA_G01	[0.1, 0.18)	0.9745266277286745
REF	EAST_ASIA	LP6005442-DNA_G01	[0.18, 0.3)	0.9592903668152211
REF	EAST_ASIA	LP6005442-DNA_G01	[0.3, 0.51)	0.9431374914545382
REF	EAST_ASIA	LP6005443-DNA_B01	[0.01, 0.03)	0.9887562581400628
REF	EAST_ASIA	LP6005443-DNA_B01	[0.03, 0.06)	0.9891031646046665
REF	EAST_ASIA	LP6005443-DNA_B01	[0.06, 0.1)	0.9864021518408658
REF	EAST_ASIA	LP6005443-DNA_B01	[0.1, 0.18)	0.9790148343412414
REF	EAST_ASIA	LP6005443-DNA_B01	[0.18, 0.3)	0.9662609987430008
REF	EAST_ASIA	LP6005443-DNA_B01	[0.3, 0.51)	0.9479229500945028
REF	EAST_ASIA	LP6005443-DNA_E01	[0.01, 0.03)	0.9891744632039288
REF	EAST_ASIA	LP6005443-DNA_E01	[0.03, 0.06)	0.98873706539178
REF	EAST_ASIA	LP6005443-DNA_E01	[0.06, 0.1)	0.9803102308125751
REF	EAST_ASIA	LP6005443-DNA_E01	[0.1, 0.18)	0.9720111645216313
REF	EAST_ASIA	LP6005443-DNA_E01	[0.18, 0.3)	0.9620138650820859
REF	EAST_ASIA	LP6005443-DNA_E01	[0.3, 0.51)	0.9469176016407287
REF	EAST_ASIA	LP6005443-DNA_E09	[0.01, 0.03)	0.9884575402373016
REF	EAST_ASIA	LP6005443-DNA_E09	[0.03, 0.06)	0.9864973996188261
REF	EAST_ASIA	LP6005443-DNA_E09	[0.06, 0.1)	0.9811288659245793
REF	EAST_ASIA	LP6005443-DNA_E09	[0.1, 0.18)	0.9705639117175789
REF	EAST_ASIA	LP6005443-DNA_E09	[0.18, 0.3)	0.9615377290214452
REF	EAST_ASIA	LP6005443-DNA_E09	[0.3, 0.51)	0.9502251980536455
REF	EAST_ASIA	LP6005443-DNA_F01	[0.01, 0.03)	0.9893058990811436
REF	EAST_ASIA	LP6005443-DNA_F01	[0.03, 0.06)	0.981835018466475
REF	EAST_ASIA	LP6005443-DNA_F01	[0.06, 0.1)	0.9844884593712457
REF	EAST_ASIA	LP6005443-DNA_F01	[0.1, 0.18)	0.9787305525404455
REF	EAST_ASIA	LP6005443-DNA_F01	[0.18, 0.3)	0.9624042966518113
REF	EAST_ASIA	LP6005443-DNA_F01	[0.3, 0.51)	0.9546587847347889
REF	EAST_ASIA	SS6004467	[0.01, 0.03)	0.9882305146312029
REF	EAST_ASIA	SS6004467	[0.03, 0.06)	0.9871434570533322
REF	EAST_ASIA	SS6004467	[0.06, 0.1)	0.9811926556735666
REF	EAST_ASIA	SS6004467	[0.1, 0.18)	0.9751641081304595
REF	EAST_ASIA	SS6004467	[0.18, 0.3)	0.961442501809317
REF	EAST_ASIA	SS6004467	[0.3, 0.51)	0.9465858366509833
REF	EUROPE	HGDP00519	[0.01, 0.03)	0.9832717974453645
REF	EUROPE	HGDP00519	[0.03, 0.06)	0.9881017755811824
REF	EUROPE	HGDP00519	[0.06, 0.1)	0.9855090953550432
REF	EUROPE	HGDP00519	[0.1, 0.18)	0.9800916593442567
REF	EUROPE	HGDP00519	[0.18, 0.3)	0.9706224050584695
REF	EUROPE	HGDP00519	[0.3, 0.51)	0.960519966220292
REF	EUROPE	HGDP00520	[0.01, 0.03)	0.9850402074297117
REF	EUROPE	HGDP00520	[0.03, 0.06)	0.9883494309310764
REF	EUROPE	HGDP00520	[0.06, 0.1)	0.9876992100702751
REF	EUROPE	HGDP00520	[0.1, 0.18)	0.9814699953481159
REF	EUROPE	HGDP00520	[0.18, 0.3)	0.9690035424522913
REF	EUROPE	HGDP00520	[0.3, 0.51)	0.9644006112518598
REF	EUROPE	HGDP00525	[0.01, 0.03)	0.9826504642076208
REF	EUROPE	HGDP00525	[0.03, 0.06)	0.9846453683065758
REF	EUROPE	HGDP00525	[0.06, 0.1)	0.984605407244389
REF	EUROPE	HGDP00525	[0.1, 0.18)	0.9806946813459452
REF	EUROPE	HGDP00525	[0.18, 0.3)	0.9683750428522454
REF	EUROPE	HGDP00525	[0.3, 0.51)	0.9548095870028551
REF	EUROPE	HGDP00537	[0.01, 0.03)	0.9835346691997944
REF	EUROPE	HGDP00537	[0.03, 0.06)	0.9884571071701607
REF	EUROPE	HGDP00537	[0.06, 0.1)	0.9868061535844522
REF	EUROPE	HGDP00537	[0.1, 0.18)	0.9782739787391671
REF	EUROPE	HGDP00537	[0.18, 0.3)	0.9687369062583324
REF	EUROPE	HGDP00537	[0.3, 0.51)	0.9547090521574777
REF	EUROPE	HGDP00666	[0.01, 0.03)	0.9798305672055538
REF	EUROPE	HGDP00666	[0.03, 0.06)	0.987767979240021
REF	EUROPE	HGDP00666	[0.06, 0.1)	0.986646679211984
REF	EUROPE	HGDP00666	[0.1, 0.18)	0.974983201529953
REF	EUROPE	HGDP00666	[0.18, 0.3)	0.9664609758884699
REF	EUROPE	HGDP00666	[0.3, 0.51)	0.9502955724454095
REF	EUROPE	HGDP00794	[0.01, 0.03)	0.9862231303246466
REF	EUROPE	HGDP00794	[0.03, 0.06)	0.9887047625200547
REF	EUROPE	HGDP00794	[0.06, 0.1)	0.9882520545614987
REF	EUROPE	HGDP00794	[0.1, 0.18)	0.9856911493599352
REF	EUROPE	HGDP00794	[0.18, 0.3)	0.978621490877233
REF	EUROPE	HGDP00794	[0.3, 0.51)	0.9678590099328428
REF	EUROPE	HGDP00806	[0.01, 0.03)	0.9890669247589347
REF	EUROPE	HGDP00806	[0.03, 0.06)	0.9910951750277266
REF	EUROPE	HGDP00806	[0.06, 0.1)	0.9887517409285661
REF	EUROPE	HGDP00806	[0.1, 0.18)	0.9851139711583191
REF	EUROPE	HGDP00806	[0.18, 0.3)	0.9749838113739382
REF	EUROPE	HGDP00806	[0.3, 0.51)	0.9615052077049905
REF	EUROPE	HGDP00808	[0.01, 0.03)	0.984574207501404
REF	EUROPE	HGDP00808	[0.03, 0.06)	0.9902445327389605
REF	EUROPE	HGDP00808	[0.06, 0.1)	0.9867636270851273
REF	EUROPE	HGDP00808	[0.1, 0.18)	0.9844851053565582
REF	EUROPE	HGDP00808	[0.18, 0.3)	0.9710509275130461
REF	EUROPE	HGDP00808	[0.3, 0.51)	0.960781356818273
REF	EUROPE	HGDP00879	[0.01, 0.03)	0.9841440537214277
REF	EUROPE	HGDP00879	[0.03, 0.06)	0.9866912168491778
REF	EUROPE	HGDP00879	[0.06, 0.1)	0.9858812022241358
REF	EUROPE	HGDP00879	[0.1, 0.18)	0.97305353112455
REF	EUROPE	HGDP00879	[0.18, 0.3)	0.9668894983430465
REF	EUROPE	HGDP00879	[0.3, 0.51)	0.9416194152893392
REF	EUROPE	HGDP00888	[0.01, 0.03)	0.9871909763295934
REF	EUROPE	HGDP00888	[0.03, 0.06)	0.9866696816013609
REF	EUROPE	HGDP00888	[0.06, 0.1)	0.980884338553461
REF	EUROPE	HGDP00888	[0.1, 0.18)	0.9745093985286262
REF	EUROPE	HGDP00888	[0.18, 0.3)	0.9702795870948082
REF	EUROPE	HGDP00888	[0.3, 0.51)	0.9576245626734227
REF	EUROPE	HGDP00896	[0.01, 0.03)	0.9839767716958813
REF	EUROPE	HGDP00896	[0.03, 0.06)	0.9884355719223438
REF	EUROPE	HGDP00896	[0.06, 0.1)	0.9884221605587982
REF	EUROPE	HGDP00896	[0.1, 0.18)	0.9818662669492255
REF	EUROPE	HGDP00896	[0.18, 0.3)	0.973003085361673
REF	EUROPE	HGDP00896	[0.3, 0.51)	0.9618872401174247
REF	EUROPE	HGDP01062	[0.01, 0.03)	0.9807745157782796
REF	EUROPE	HGDP01062	[0.03, 0.06)	0.987315739035867
REF	EUROPE	HGDP01062	[0.06, 0.1)	0.9844778277464145
REF	EUROPE	HGDP01062	[0.1, 0.18)	0.9756809841319067
REF	EUROPE	HGDP01062	[0.18, 0.3)	0.9646802270216737
REF	EUROPE	HGDP01062	[0.3, 0.51)	0.9465657296819079
REF	EUROPE	HGDP01071	[0.01, 0.03)	0.9816348233382323
REF	EUROPE	HGDP01071	[0.03, 0.06)	0.9872726685402332
REF	EUROPE	HGDP01071	[0.06, 0.1)	0.9848605662403386
REF	EUROPE	HGDP01071	[0.1, 0.18)	0.9731138333247187
REF	EUROPE	HGDP01071	[0.18, 0.3)	0.9639279320458614
REF	EUROPE	HGDP01071	[0.3, 0.51)	0.9532714038685809
REF	EUROPE	HGDP01149	[0.01, 0.03)	0.9845861562175146
REF	EUROPE	HGDP01149	[0.03, 0.06)	0.9847638121695685
REF	EUROPE	HGDP01149	[0.06, 0.1)	0.9850944619866255
REF	EUROPE	HGDP01149	[0.1, 0.18)	0.978902844540928
REF	EUROPE	HGDP01149	[0.18, 0.3)	0.9647849769550148
REF	EUROPE	HGDP01149	[0.3, 0.51)	0.9625809305505287
REF	EUROPE	HGDP01161	[0.01, 0.03)	0.9808701055071634
REF	EUROPE	HGDP01161	[0.03, 0.06)	0.9864435614992839
REF	EUROPE	HGDP01161	[0.06, 0.1)	0.983691087508904
REF	EUROPE	HGDP01161	[0.1, 0.18)	0.9766285901345602
REF	EUROPE	HGDP01161	[0.18, 0.3)	0.9664514531672571
REF	EUROPE	HGDP01161	[0.3, 0.51)	0.9508686210640609
REF	EUROPE	HGDP01162	[0.01, 0.03)	0.9844069254758576
REF	EUROPE	HGDP01162	[0.03, 0.06)	0.9875633943857609
REF	EUROPE	HGDP01162	[0.06, 0.1)	0.9844565644967519
REF	EUROPE	HGDP01162	[0.1, 0.18)	0.9761030995330887
REF	EUROPE	HGDP01162	[0.18, 0.3)	0.9697558374281035
REF	EUROPE	HGDP01162	[0.3, 0.51)	0.9547693730647041
REF	EUROPE	HGDP01169	[0.01, 0.03)	0.9834749256192422
REF	EUROPE	HGDP01169	[0.03, 0.06)	0.9866373787296356
REF	EUROPE	HGDP01169	[0.06, 0.1)	0.9857429911013299
REF	EUROPE	HGDP01169	[0.1, 0.18)	0.9806688375458728
REF	EUROPE	HGDP01169	[0.18, 0.3)	0.9678132023006893
REF	EUROPE	HGDP01169	[0.3, 0.51)	0.9546085173121003
REF	EUROPE	HGDP01171	[0.01, 0.03)	0.9806072337527332
REF	EUROPE	HGDP01171	[0.03, 0.06)	0.9872726685402332
REF	EUROPE	HGDP01171	[0.06, 0.1)	0.9844459328719208
REF	EUROPE	HGDP01171	[0.1, 0.18)	0.9811770989472959
REF	EUROPE	HGDP01171	[0.18, 0.3)	0.9734411305374623
REF	EUROPE	HGDP01171	[0.3, 0.51)	0.9600575059315558
REF	EUROPE	HGDP01357	[0.01, 0.03)	0.987812309567337
REF	EUROPE	HGDP01357	[0.03, 0.06)	0.987864887855197
REF	EUROPE	HGDP01357	[0.06, 0.1)	0.9842333003752964
REF	EUROPE	HGDP01357	[0.1, 0.18)	0.9772746851363691
REF	EUROPE	HGDP01357	[0.18, 0.3)	0.9716508589494534
REF	EUROPE	HGDP01357	[0.3, 0.51)	0.9638074556641332
REF	EUROPE	HGDP01358	[0.01, 0.03)	0.9907516937305085
REF	EUROPE	HGDP01358	[0.03, 0.06)	0.988812438759139
REF	EUROPE	HGDP01358	[0.06, 0.1)	0.9862745723428912
REF	EUROPE	HGDP01358	[0.1, 0.18)	0.9745093985286264
REF	EUROPE	HGDP01358	[0.18, 0.3)	0.9744029253799565
REF	EUROPE	HGDP01358	[0.3, 0.51)	0.9675272449430974
REF	EUROPE	HGDP01367	[0.01, 0.03)	0.9864621046468556
REF	EUROPE	HGDP01367	[0.03, 0.06)	0.988963185493857
REF	EUROPE	HGDP01367	[0.06, 0.1)	0.9907611180216672
REF	EUROPE	HGDP01367	[0.1, 0.18)	0.9843041987560517
REF	EUROPE	HGDP01367	[0.18, 0.3)	0.9710223593494077
REF	EUROPE	HGDP01367	[0.3, 0.51)	0.9560361121164596
REF	EUROPE	HGDP01374	[0.01, 0.03)	0.9877764634190057
REF	EUROPE	HGDP01374	[0.03, 0.06)	0.9905244909605797
REF	EUROPE	HGDP01374	[0.06, 0.1)	0.9911544881404226
REF	EUROPE	HGDP01374	[0.1, 0.18)	0.9844678761565101
REF	EUROPE	HGDP01374	[0.18, 0.3)	0.9759836971012837
REF	EUROPE	HGDP01374	[0.3, 0.51)	0.9661097036232759
REF	EUROPE	HGDP01382	[0.01, 0.03)	0.9781696956662008
REF	EUROPE	HGDP01382	[0.03, 0.06)	0.9817704127230245
REF	EUROPE	HGDP01382	[0.06, 0.1)	0.9805866530581869
REF	EUROPE	HGDP01382	[0.1, 0.18)	0.9758532761323893
REF	EUROPE	HGDP01382	[0.18, 0.3)	0.9676417933188587
REF	EUROPE	HGDP01382	[0.3, 0.51)	0.9548397474564685
REF	EUROPE	HGDP01383	[0.01, 0.03)	0.9807506183460587
REF	EUROPE	HGDP01383	[0.03, 0.06)	0.9850437703911877
REF	EUROPE	HGDP01383	[0.06, 0.1)	0.9802145461890941
REF	EUROPE	HGDP01383	[0.1, 0.18)	0.9755689943315932
REF	EUROPE	HGDP01383	[0.18, 0.3)	0.9646040452519712
REF	EUROPE	HGDP01383	[0.3, 0.51)	0.9442735352073028
REF	EUROPE	HGDP01387	[0.01, 0.03)	0.9808820542232737
REF	EUROPE	HGDP01387	[0.03, 0.06)	0.9867342873448117
REF	EUROPE	HGDP01387	[0.06, 0.1)	0.9828724523968998
REF	EUROPE	HGDP01387	[0.1, 0.18)	0.9759480367326545
REF	EUROPE	HGDP01387	[0.18, 0.3)	0.9619852969184475
REF	EUROPE	HGDP01387	[0.3, 0.51)	0.9384927815981019
REF	EUROPE	LP6005441-DNA_A01	[0.01, 0.03)	0.9797947210572224
REF	EUROPE	LP6005441-DNA_A01	[0.03, 0.06)	0.9843223395893228
REF	EUROPE	LP6005441-DNA_A01	[0.06, 0.1)	0.9850838303617943
REF	EUROPE	LP6005441-DNA_A01	[0.1, 0.18)	0.9775072793370203
REF	EUROPE	LP6005441-DNA_A01	[0.18, 0.3)	0.9632232506761133
REF	EUROPE	LP6005441-DNA_A01	[0.3, 0.51)	0.9514919371054007
REF	EUROPE	LP6005441-DNA_A06	[0.01, 0.03)	0.9839528742636604
REF	EUROPE	LP6005441-DNA_A06	[0.03, 0.06)	0.9876064648813946
REF	EUROPE	LP6005441-DNA_A06	[0.06, 0.1)	0.9866147843374904
REF	EUROPE	LP6005441-DNA_A06	[0.1, 0.18)	0.978549645939939
REF	EUROPE	LP6005441-DNA_A06	[0.18, 0.3)	0.9672037481430693
REF	EUROPE	LP6005441-DNA_A06	[0.3, 0.51)	0.9490589938472674
REF	EUROPE	LP6005441-DNA_B06	[0.01, 0.03)	0.9803443619983033
REF	EUROPE	LP6005441-DNA_B06	[0.03, 0.06)	0.9844946215718576
REF	EUROPE	LP6005441-DNA_B06	[0.06, 0.1)	0.9817242369151278
REF	EUROPE	LP6005441-DNA_B06	[0.1, 0.18)	0.974483554728554
REF	EUROPE	LP6005441-DNA_B06	[0.18, 0.3)	0.96108063840323
REF	EUROPE	LP6005441-DNA_B06	[0.3, 0.51)	0.9446756745888124
REF	EUROPE	LP6005441-DNA_C09	[0.01, 0.03)	0.9828535923814985
REF	EUROPE	LP6005441-DNA_C09	[0.03, 0.06)	0.9907721463104736
REF	EUROPE	LP6005441-DNA_C09	[0.06, 0.1)	0.9857217278516676
REF	EUROPE	LP6005441-DNA_C09	[0.1, 0.18)	0.9799193673437743
REF	EUROPE	LP6005441-DNA_C09	[0.18, 0.3)	0.9762408105740297
REF	EUROPE	LP6005441-DNA_C09	[0.3, 0.51)	0.963626492942454
REF	EUROPE	LP6005441-DNA_D11	[0.01, 0.03)	0.9810254388165992
REF	EUROPE	LP6005441-DNA_D11	[0.03, 0.06)	0.9841931281024215
REF	EUROPE	LP6005441-DNA_D11	[0.06, 0.1)	0.9821601335332077
REF	EUROPE	LP6005441-DNA_D11	[0.1, 0.18)	0.9794024913423269
REF	EUROPE	LP6005441-DNA_D11	[0.18, 0.3)	0.9622995467184702
REF	EUROPE	LP6005441-DNA_D11	[0.3, 0.51)	0.9469678690634173
REF	EUROPE	LP6005441-DNA_G10	[0.01, 0.03)	0.9806908747655064
REF	EUROPE	LP6005441-DNA_G10	[0.03, 0.06)	0.9856575249539685
REF	EUROPE	LP6005441-DNA_G10	[0.06, 0.1)	0.9831382430176804
REF	EUROPE	LP6005441-DNA_G10	[0.1, 0.18)	0.9805223893454627
REF	EUROPE	LP6005441-DNA_G10	[0.18, 0.3)	0.9642517045670971
REF	EUROPE	LP6005441-DNA_G10	[0.3, 0.51)	0.9547593195801665
REF	EUROPE	LP6005441-DNA_H12	[0.01, 0.03)	0.981288310571029
REF	EUROPE	LP6005441-DNA_H12	[0.03, 0.06)	0.9880264022138235
REF	EUROPE	LP6005441-DNA_H12	[0.06, 0.1)	0.9840206678786719
REF	EUROPE	LP6005441-DNA_H12	[0.1, 0.18)	0.9763443083337641
REF	EUROPE	LP6005441-DNA_H12	[0.18, 0.3)	0.9681179293794995
REF	EUROPE	LP6005441-DNA_H12	[0.3, 0.51)	0.9498431656412111
REF	MIDDLE_EAST	HGDP00575	[0.01, 0.03)	0.9796393877477865
REF	MIDDLE_EAST	HGDP00575	[0.03, 0.06)	0.9847099740500264
REF	MIDDLE_EAST	HGDP00575	[0.06, 0.1)	0.982064448909727
REF	MIDDLE_EAST	HGDP00575	[0.1, 0.18)	0.9779983115383951
REF	MIDDLE_EAST	HGDP00575	[0.18, 0.3)	0.9607378204395689
REF	MIDDLE_EAST	HGDP00575	[0.3, 0.51)	0.9475107572284553
REF	MIDDLE_EAST	HGDP00576	[0.01, 0.03)	0.9790061057939324
REF	MIDDLE_EAST	HGDP00576	[0.03, 0.06)	0.9803060158714777
REF	MIDDLE_EAST	HGDP00576	[0.06, 0.1)	0.9795447538247269
REF	MIDDLE_EAST	HGDP00576	[0.1, 0.18)	0.9767491945348977
REF	MIDDLE_EAST	HGDP00576	[0.18, 0.3)	0.9613377518759761
REF	MIDDLE_EAST	HGDP00576	[0.3, 0.51)	0.9495516145896167
REF	MIDDLE_EAST	HGDP00579	[0.01, 0.03)	0.9833195923098064
REF	MIDDLE_EAST	HGDP00579	[0.03, 0.06)	0.9835255354200988
REF	MIDDLE_EAST	HGDP00579	[0.06, 0.1)	0.9793640162025964
REF	MIDDLE_EAST	HGDP00579	[0.1, 0.18)	0.9732947399252253
REF	MIDDLE_EAST	HGDP00579	[0.18, 0.3)	0.9652325448520168
REF	MIDDLE_EAST	HGDP00579	[0.3, 0.51)	0.952457071621024
REF	MIDDLE_EAST	HGDP00588	[0.01, 0.03)	0.980678926049396
REF	MIDDLE_EAST	HGDP00588	[0.03, 0.06)	0.9795630498217958
REF	MIDDLE_EAST	HGDP00588	[0.06, 0.1)	0.9773227442350014
REF	MIDDLE_EAST	HGDP00588	[0.1, 0.18)	0.9782395203390707
REF	MIDDLE_EAST	HGDP00588	[0.18, 0.3)	0.9659467489429778
REF	MIDDLE_EAST	HGDP00588	[0.3, 0.51)	0.9519845578477502
REF	MIDDLE_EAST	HGDP00636	[0.01, 0.03)	0.9739876450275418
REF	MIDDLE_EAST	HGDP00636	[0.03, 0.06)	0.9813181725188702
REF	MIDDLE_EAST	HGDP00636	[0.06, 0.1)	0.976536003997491
REF	MIDDLE_EAST	HGDP00636	[0.1, 0.18)	0.9650247239020692
REF	MIDDLE_EAST	HGDP00636	[0.18, 0.3)	0.95766198148783
REF	MIDDLE_EAST	HGDP00636	[0.3, 0.51)	0.92871074114288
REF	MIDDLE_EAST	HGDP00637	[0.01, 0.03)	0.9812166182743665
REF	MIDDLE_EAST	HGDP00637	[0.03, 0.06)	0.9834609296766482
REF	MIDDLE_EAST	HGDP00637	[0.06, 0.1)	0.9784922229664361
REF	MIDDLE_EAST	HGDP00637	[0.1, 0.18)	0.9691511173136232
REF	MIDDLE_EAST	HGDP00637	[0.18, 0.3)	0.9544242562754732
REF	MIDDLE_EAST	HGDP00637	[0.3, 0.51)	0.9370752402782804
REF	MIDDLE_EAST	HGDP00651	[0.01, 0.03)	0.9834988230514631
REF	MIDDLE_EAST	HGDP00651	[0.03, 0.06)	0.9849037912803781
REF	MIDDLE_EAST	HGDP00651	[0.06, 0.1)	0.9807461274306551
REF	MIDDLE_EAST	HGDP00651	[0.1, 0.18)	0.9810048069468134
REF	MIDDLE_EAST	HGDP00651	[0.18, 0.3)	0.9725840856283092
REF	MIDDLE_EAST	HGDP00651	[0.3, 0.51)	0.9568001769413278
REF	MIDDLE_EAST	HGDP00724	[0.01, 0.03)	0.9738920552986582
REF	MIDDLE_EAST	HGDP00724	[0.03, 0.06)	0.9779802091072562
REF	MIDDLE_EAST	HGDP00724	[0.06, 0.1)	0.9735272541702548
REF	MIDDLE_EAST	HGDP00724	[0.1, 0.18)	0.9698833583156734
REF	MIDDLE_EAST	HGDP00724	[0.18, 0.3)	0.9621662286214909
REF	MIDDLE_EAST	HGDP00724	[0.3, 0.51)	0.9450476535167088
REF	MIDDLE_EAST	HGDP00726	[0.01, 0.03)	0.9769389779068239
REF	MIDDLE_EAST	HGDP00726	[0.03, 0.06)	0.9815335249970389
REF	MIDDLE_EAST	HGDP00726	[0.06, 0.1)	0.9783859067181238
REF	MIDDLE_EAST	HGDP00726	[0.1, 0.18)	0.9708395789183508
REF	MIDDLE_EAST	HGDP00726	[0.18, 0.3)	0.9590046851788367
REF	MIDDLE_EAST	HGDP00726	[0.3, 0.51)	0.9444444444444444
REF	MIDDLE_EAST	HGDP00741	[0.01, 0.03)	0.9807625670621692
REF	MIDDLE_EAST	HGDP00741	[0.03, 0.06)	0.981135122912427
REF	MIDDLE_EAST	HGDP00741	[0.06, 0.1)	0.9737398866668793
REF	MIDDLE_EAST	HGDP00741	[0.1, 0.18)	0.9714512155200635
REF	MIDDLE_EAST	HGDP00741	[0.18, 0.3)	0.9587190035424524
REF	MIDDLE_EAST	HGDP00741	[0.3, 0.51)	0.9381409096392809
REF	MIDDLE_EAST	HGDP01254	[0.01, 0.03)	0.9817423617832264
REF	MIDDLE_EAST	HGDP01254	[0.03, 0.06)	0.9809628409298919
REF	MIDDLE_EAST	HGDP01254	[0.06, 0.1)	0.9796298068233769
REF	MIDDLE_EAST	HGDP01254	[0.1, 0.18)	0.9734584173256836
REF	MIDDLE_EAST	HGDP01254	[0.18, 0.3)	0.9649278177732068
REF	MIDDLE_EAST	HGDP01254	[0.3, 0.51)	0.9536333293119394
REF	MIDDLE_EAST	HGDP01262	[0.01, 0.03)	0.9789941570778219
REF	MIDDLE_EAST	HGDP01262	[0.03, 0.06)	0.9823626320379881
REF	MIDDLE_EAST	HGDP01262	[0.06, 0.1)	0.9794065427019211
REF	MIDDLE_EAST	HGDP01262	[0.1, 0.18)	0.973846074326769
REF	MIDDLE_EAST	HGDP01262	[0.18, 0.3)	0.9624423875366624
REF	MIDDLE_EAST	HGDP01262	[0.3, 0.51)	0.9493002774761732
REF	MIDDLE_EAST	HGDP01272	[0.01, 0.03)	0.984048463992544
REF	MIDDLE_EAST	HGDP01272	[0.03, 0.06)	0.9845807625631251
REF	MIDDLE_EAST	HGDP01272	[0.06, 0.1)	0.979257699954284
REF	MIDDLE_EAST	HGDP01272	[0.1, 0.18)	0.9701590255164453
REF	MIDDLE_EAST	HGDP01272	[0.18, 0.3)	0.9644707271549918
REF	MIDDLE_EAST	HGDP01272	[0.3, 0.51)	0.952215787992118
REF	MIDDLE_EAST	LP6005441-DNA_E02	[0.01, 0.03)	0.9758157985924414
REF	MIDDLE_EAST	LP6005441-DNA_E02	[0.03, 0.06)	0.9848068826652023
REF	MIDDLE_EAST	LP6005441-DNA_E02	[0.06, 0.1)	0.9786091708395794
REF	MIDDLE_EAST	LP6005441-DNA_E02	[0.1, 0.18)	0.9732861253252012
REF	MIDDLE_EAST	LP6005441-DNA_E02	[0.18, 0.3)	0.9643088408943741
REF	MIDDLE_EAST	LP6005441-DNA_E02	[0.3, 0.51)	0.9447762094341898
REF	MIDDLE_EAST	LP6005441-DNA_G08	[0.01, 0.03)	0.9829969769748241
REF	MIDDLE_EAST	LP6005441-DNA_G08	[0.03, 0.06)	0.9852483552454481
REF	MIDDLE_EAST	LP6005441-DNA_G08	[0.06, 0.1)	0.9795660170743895
REF	MIDDLE_EAST	LP6005441-DNA_G08	[0.1, 0.18)	0.9692028049137679
REF	MIDDLE_EAST	LP6005441-DNA_G08	[0.18, 0.3)	0.9629185235973031
REF	MIDDLE_EAST	LP6005441-DNA_G08	[0.3, 0.51)	0.955553544858648
REF	MIDDLE_EAST	LP6005441-DNA_H09	[0.01, 0.03)	0.9781577469500902
REF	MIDDLE_EAST	LP6005441-DNA_H09	[0.03, 0.06)	0.9801768043845764
REF	MIDDLE_EAST	LP6005441-DNA_H09	[0.06, 0.1)	0.9746435747775332
REF	MIDDLE_EAST	LP6005441-DNA_H09	[0.1, 0.18)	0.9647404421012732
REF	MIDDLE_EAST	LP6005441-DNA_H09	[0.18, 0.3)	0.9635660686397745
REF	MIDDLE_EAST	LP6005441-DNA_H09	[0.3, 0.51)	0.9512204930228817
REF	OCEANIA	HGDP00491	[0.01, 0.03)	0.981073233681041
REF	OCEANIA	HGDP00491	[0.03, 0.06)	0.9776464127660949
REF	OCEANIA	HGDP00491	[0.06, 0.1)	0.9690619717411413
REF	OCEANIA	HGDP00491	[0.1, 0.18)	0.9617425612928793
REF	OCEANIA	HGDP00491	[0.18, 0.3)	0.9443301717898905
REF	OCEANIA	HGDP00491	[0.3, 0.51)	0.9255841074516427
REF	OCEANIA	HGDP00540	[0.01, 0.03)	0.975624619134674
REF	OCEANIA	HGDP00540	[0.03, 0.06)	0.9716273110012814
REF	OCEANIA	HGDP00540	[0.06, 0.1)	0.9615454129854665
REF	OCEANIA	HGDP00540	[0.1, 0.18)	0.954669974673076
REF	OCEANIA	HGDP00540	[0.18, 0.3)	0.9443873081171675
REF	OCEANIA	HGDP00540	[0.3, 0.51)	0.9216129810592351
REF	OCEANIA	HGDP00541	[0.01, 0.03)	0.9783728238400785
REF	OCEANIA	HGDP00541	[0.03, 0.06)	0.9578124495267628
REF	OCEANIA	HGDP00541	[0.06, 0.1)	0.9599506692607831
REF	OCEANIA	HGDP00541	[0.1, 0.18)	0.9532227218690237
REF	OCEANIA	HGDP00541	[0.18, 0.3)	0.9402544471108063
REF	OCEANIA	HGDP00541	[0.3, 0.51)	0.9131077331403064
REF	OCEANIA	HGDP00543	[0.01, 0.03)	0.9838572845347768
REF	OCEANIA	HGDP00543	[0.03, 0.06)	0.9753636764975072
REF	OCEANIA	HGDP00543	[0.06, 0.1)	0.9688280759948543
REF	OCEANIA	HGDP00543	[0.1, 0.18)	0.9594683068865114
REF	OCEANIA	HGDP00543	[0.18, 0.3)	0.9439397402201654
REF	OCEANIA	HGDP00543	[0.3, 0.51)	0.9198938352032814
REF	OCEANIA	HGDP00546	[0.01, 0.03)	0.982148618130982
REF	OCEANIA	HGDP00546	[0.03, 0.06)	0.9751052535237049
REF	OCEANIA	HGDP00546	[0.06, 0.1)	0.9657023782944747
REF	OCEANIA	HGDP00546	[0.1, 0.18)	0.9606485070898159
REF	OCEANIA	HGDP00546	[0.18, 0.3)	0.942930331771607
REF	OCEANIA	HGDP00546	[0.3, 0.51)	0.9244279567298026
REF	OCEANIA	HGDP00550	[0.01, 0.03)	0.9784684135689621
REF	OCEANIA	HGDP00550	[0.03, 0.06)	0.9695168567152286
REF	OCEANIA	HGDP00550	[0.06, 0.1)	0.9616942557331036
REF	OCEANIA	HGDP00550	[0.1, 0.18)	0.9550145586740408
REF	OCEANIA	HGDP00550	[0.18, 0.3)	0.9399782881956347
REF	OCEANIA	HGDP00550	[0.3, 0.51)	0.9114489081915793
REF	OCEANIA	HGDP00553	[0.01, 0.03)	0.9812046695582559
REF	OCEANIA	HGDP00553	[0.03, 0.06)	0.9725856295291317
REF	OCEANIA	HGDP00553	[0.06, 0.1)	0.959844353012471
REF	OCEANIA	HGDP00553	[0.1, 0.18)	0.9634827104977516
REF	OCEANIA	HGDP00553	[0.18, 0.3)	0.950710395002476
REF	OCEANIA	HGDP00553	[0.3, 0.51)	0.9181344754091767
REF	OCEANIA	HGDP00555	[0.01, 0.03)	0.9808462080749423
REF	OCEANIA	HGDP00555	[0.03, 0.06)	0.9661035199362557
REF	OCEANIA	HGDP00555	[0.06, 0.1)	0.9568356031852348
REF	OCEANIA	HGDP00555	[0.1, 0.18)	0.9502851432607984
REF	OCEANIA	HGDP00555	[0.18, 0.3)	0.9348931550679923
REF	OCEANIA	HGDP00555	[0.3, 0.51)	0.9130273052640044
REF	OCEANIA	HGDP00664	[0.01, 0.03)	0.9789941570778219
REF	OCEANIA	HGDP00664	[0.03, 0.06)	0.9690861517588912
REF	OCEANIA	HGDP00664	[0.06, 0.1)	0.966478486907154
REF	OCEANIA	HGDP00664	[0.1, 0.18)	0.962509260695026
REF	OCEANIA	HGDP00664	[0.18, 0.3)	0.9467584656991581
REF	OCEANIA	HGDP00664	[0.3, 0.51)	0.9182852776772429
REF	OCEANIA	LP6005441-DNA_A03	[0.01, 0.03)	0.9795796441672342
REF	OCEANIA	LP6005441-DNA_A03	[0.03, 0.06)	0.9759235929407458
REF	OCEANIA	LP6005441-DNA_A03	[0.06, 0.1)	0.9690619717411413
REF	OCEANIA	LP6005441-DNA_A03	[0.1, 0.18)	0.9627590840957255
REF	OCEANIA	LP6005441-DNA_A03	[0.18, 0.3)	0.9466061021597532
REF	OCEANIA	LP6005441-DNA_A03	[0.3, 0.51)	0.9162142598624682
REF	OCEANIA	LP6005441-DNA_B03	[0.01, 0.03)	0.9838333871025559
REF	OCEANIA	LP6005441-DNA_B03	[0.03, 0.06)	0.9736300890482497
REF	OCEANIA	LP6005441-DNA_B03	[0.06, 0.1)	0.9677542818869007
REF	OCEANIA	LP6005441-DNA_B03	[0.1, 0.18)	0.9650936407022621
REF	OCEANIA	LP6005441-DNA_B03	[0.18, 0.3)	0.9507960994933913
REF	OCEANIA	LP6005441-DNA_B03	[0.3, 0.51)	0.9217336228736879
REF	OCEANIA	LP6005443-DNA_E08	[0.01, 0.03)	0.9768433881779404
REF	OCEANIA	LP6005443-DNA_E08	[0.03, 0.06)	0.9767096294860613
REF	OCEANIA	LP6005443-DNA_E08	[0.06, 0.1)	0.9674353331419641
REF	OCEANIA	LP6005443-DNA_E08	[0.1, 0.18)	0.9592098688857875
REF	OCEANIA	LP6005443-DNA_E08	[0.18, 0.3)	0.9456157391536206
REF	OCEANIA	LP6005443-DNA_E08	[0.3, 0.51)	0.9293642176378333
