sample	maf_bin	num_correct	num_wrong	num_total	accuracy	continent
HGDP00001	[0.01, 0.03)	9105	194	9299	0.9791375416711474	CENTRAL_SOUTH_ASIA
HGDP00001	[0.03, 0.06)	10145	174	10319	0.9831379009593952	CENTRAL_SOUTH_ASIA
HGDP00001	[0.06, 0.1)	10281	170	10451	0.9837336140082289	CENTRAL_SOUTH_ASIA
HGDP00001	[0.1, 0.18)	12648	250	12898	0.980617149945728	CENTRAL_SOUTH_ASIA
HGDP00001	[0.18, 0.3)	11309	359	11668	0.9692320877613987	CENTRAL_SOUTH_ASIA
HGDP00001	[0.3, 0.51)	10501	551	11052	0.9501447701773434	CENTRAL_SOUTH_ASIA
HGDP00021	[0.01, 0.03)	9120	179	9299	0.9807506183460587	CENTRAL_SOUTH_ASIA
HGDP00021	[0.03, 0.06)	10122	197	10319	0.9809090028103499	CENTRAL_SOUTH_ASIA
HGDP00021	[0.06, 0.1)	10228	223	10451	0.9786623289637355	CENTRAL_SOUTH_ASIA
HGDP00021	[0.1, 0.18)	12569	329	12898	0.9744921693285781	CENTRAL_SOUTH_ASIA
HGDP00021	[0.18, 0.3)	11206	462	11668	0.9604045251971204	CENTRAL_SOUTH_ASIA
HGDP00021	[0.3, 0.51)	10461	591	11052	0.9465255157437568	CENTRAL_SOUTH_ASIA
HGDP00023	[0.01, 0.03)	9134	165	9299	0.9822561565759759	CENTRAL_SOUTH_ASIA
HGDP00023	[0.03, 0.06)	10153	166	10319	0.9839131698808024	CENTRAL_SOUTH_ASIA
HGDP00023	[0.06, 0.1)	10305	146	10451	0.986030044971773	CENTRAL_SOUTH_ASIA
HGDP00023	[0.1, 0.18)	12579	319	12898	0.975267483330749	CENTRAL_SOUTH_ASIA
HGDP00023	[0.18, 0.3)	11244	424	11668	0.9636612958519026	CENTRAL_SOUTH_ASIA
HGDP00023	[0.3, 0.51)	10474	578	11052	0.9477017734346724	CENTRAL_SOUTH_ASIA
HGDP00039	[0.01, 0.03)	9140	159	9299	0.9829013872459404	CENTRAL_SOUTH_ASIA
HGDP00039	[0.03, 0.06)	10171	148	10319	0.9856575249539684	CENTRAL_SOUTH_ASIA
HGDP00039	[0.06, 0.1)	10288	163	10451	0.9844034063725959	CENTRAL_SOUTH_ASIA
HGDP00039	[0.1, 0.18)	12628	270	12898	0.9790665219413862	CENTRAL_SOUTH_ASIA
HGDP00039	[0.18, 0.3)	11291	377	11668	0.9676894069249229	CENTRAL_SOUTH_ASIA
HGDP00039	[0.3, 0.51)	10586	466	11052	0.9578356858487151	CENTRAL_SOUTH_ASIA
HGDP00052	[0.01, 0.03)	9142	157	9299	0.9831164641359286	CENTRAL_SOUTH_ASIA
HGDP00052	[0.03, 0.06)	10149	170	10319	0.9835255354200988	CENTRAL_SOUTH_ASIA
HGDP00052	[0.06, 0.1)	10158	293	10451	0.9719644053200651	CENTRAL_SOUTH_ASIA
HGDP00052	[0.1, 0.18)	12595	303	12898	0.9765079857342224	CENTRAL_SOUTH_ASIA
HGDP00052	[0.18, 0.3)	11248	420	11668	0.964004113815564	CENTRAL_SOUTH_ASIA
HGDP00052	[0.3, 0.51)	10474	578	11052	0.9477017734346724	CENTRAL_SOUTH_ASIA
HGDP00068	[0.01, 0.03)	9171	128	9299	0.986235079040757	CENTRAL_SOUTH_ASIA
HGDP00068	[0.03, 0.06)	10152	167	10319	0.9838162612656265	CENTRAL_SOUTH_ASIA
HGDP00068	[0.06, 0.1)	10326	125	10451	0.9880394220648742	CENTRAL_SOUTH_ASIA
HGDP00068	[0.1, 0.18)	12699	199	12898	0.9845712513567995	CENTRAL_SOUTH_ASIA
HGDP00068	[0.18, 0.3)	11339	329	11668	0.9718032224888584	CENTRAL_SOUTH_ASIA
HGDP00068	[0.3, 0.51)	10642	410	11052	0.9629026420557365	CENTRAL_SOUTH_ASIA
HGDP00086	[0.01, 0.03)	9115	184	9299	0.9802129261210882	CENTRAL_SOUTH_ASIA
HGDP00086	[0.03, 0.06)	10103	216	10319	0.979067739122008	CENTRAL_SOUTH_ASIA
HGDP00086	[0.06, 0.1)	10259	192	10451	0.9816285522916467	CENTRAL_SOUTH_ASIA
HGDP00086	[0.1, 0.18)	12577	321	12898	0.9751124205303148	CENTRAL_SOUTH_ASIA
HGDP00086	[0.18, 0.3)	11237	431	11668	0.9630613644154954	CENTRAL_SOUTH_ASIA
HGDP00086	[0.3, 0.51)	10541	511	11052	0.9537640246109301	CENTRAL_SOUTH_ASIA
HGDP00092	[0.01, 0.03)	9180	119	9299	0.9872029250457038	CENTRAL_SOUTH_ASIA
HGDP00092	[0.03, 0.06)	10200	119	10319	0.9884678747940692	CENTRAL_SOUTH_ASIA
HGDP00092	[0.06, 0.1)	10287	164	10451	0.984307721749115	CENTRAL_SOUTH_ASIA
HGDP00092	[0.1, 0.18)	12635	263	12898	0.9796092417429059	CENTRAL_SOUTH_ASIA
HGDP00092	[0.18, 0.3)	11262	406	11668	0.9652039766883784	CENTRAL_SOUTH_ASIA
HGDP00092	[0.3, 0.51)	10456	596	11052	0.9460731089395584	CENTRAL_SOUTH_ASIA
HGDP00099	[0.01, 0.03)	9166	133	9299	0.9856973868157867	CENTRAL_SOUTH_ASIA
HGDP00099	[0.03, 0.06)	10202	117	10319	0.988661692024421	CENTRAL_SOUTH_ASIA
HGDP00099	[0.06, 0.1)	10322	129	10451	0.9876566835709502	CENTRAL_SOUTH_ASIA
HGDP00099	[0.1, 0.18)	12666	232	12898	0.9820127151496356	CENTRAL_SOUTH_ASIA
HGDP00099	[0.18, 0.3)	11330	338	11668	0.9710318820706205	CENTRAL_SOUTH_ASIA
HGDP00099	[0.3, 0.51)	10618	434	11052	0.9607310893955845	CENTRAL_SOUTH_ASIA
HGDP00100	[0.01, 0.03)	9167	132	9299	0.9858049252607808	CENTRAL_SOUTH_ASIA
HGDP00100	[0.03, 0.06)	10211	108	10319	0.989533869561004	CENTRAL_SOUTH_ASIA
HGDP00100	[0.06, 0.1)	10318	133	10451	0.9872739450770261	CENTRAL_SOUTH_ASIA
HGDP00100	[0.1, 0.18)	12609	289	12898	0.9775934253372616	CENTRAL_SOUTH_ASIA
HGDP00100	[0.18, 0.3)	11242	426	11668	0.963489886870072	CENTRAL_SOUTH_ASIA
HGDP00100	[0.3, 0.51)	10501	551	11052	0.9501447701773434	CENTRAL_SOUTH_ASIA
HGDP00105	[0.01, 0.03)	9139	160	9299	0.9827938488009463	CENTRAL_SOUTH_ASIA
HGDP00105	[0.03, 0.06)	10126	193	10319	0.9812966372710534	CENTRAL_SOUTH_ASIA
HGDP00105	[0.06, 0.1)	10271	180	10451	0.9827767677734188	CENTRAL_SOUTH_ASIA
HGDP00105	[0.1, 0.18)	12539	359	12898	0.9721662273220655	CENTRAL_SOUTH_ASIA
HGDP00105	[0.18, 0.3)	11217	451	11668	0.9613472745971889	CENTRAL_SOUTH_ASIA
HGDP00105	[0.3, 0.51)	10510	542	11052	0.9509591024249004	CENTRAL_SOUTH_ASIA
HGDP00118	[0.01, 0.03)	9191	108	9299	0.9883858479406388	CENTRAL_SOUTH_ASIA
HGDP00118	[0.03, 0.06)	10215	104	10319	0.9899215040217075	CENTRAL_SOUTH_ASIA
HGDP00118	[0.06, 0.1)	10284	167	10451	0.9840206678786719	CENTRAL_SOUTH_ASIA
HGDP00118	[0.1, 0.18)	12569	329	12898	0.9744921693285781	CENTRAL_SOUTH_ASIA
HGDP00118	[0.18, 0.3)	11218	450	11668	0.9614329790881042	CENTRAL_SOUTH_ASIA
HGDP00118	[0.3, 0.51)	10536	516	11052	0.9533116178067318	CENTRAL_SOUTH_ASIA
HGDP00131	[0.01, 0.03)	9128	171	9299	0.9816109259060114	CENTRAL_SOUTH_ASIA
HGDP00131	[0.03, 0.06)	10177	142	10319	0.9862389766450237	CENTRAL_SOUTH_ASIA
HGDP00131	[0.06, 0.1)	10316	135	10451	0.9870825758300641	CENTRAL_SOUTH_ASIA
HGDP00131	[0.1, 0.18)	12646	252	12898	0.9804620871452938	CENTRAL_SOUTH_ASIA
HGDP00131	[0.18, 0.3)	11287	381	11668	0.9673465889612616	CENTRAL_SOUTH_ASIA
HGDP00131	[0.3, 0.51)	10501	551	11052	0.9501447701773434	CENTRAL_SOUTH_ASIA
HGDP00141	[0.01, 0.03)	9124	175	9299	0.981180772126035	CENTRAL_SOUTH_ASIA
HGDP00141	[0.03, 0.06)	10134	185	10319	0.9820719061924605	CENTRAL_SOUTH_ASIA
HGDP00141	[0.06, 0.1)	10201	250	10451	0.9760788441297483	CENTRAL_SOUTH_ASIA
HGDP00141	[0.1, 0.18)	12628	270	12898	0.9790665219413862	CENTRAL_SOUTH_ASIA
HGDP00141	[0.18, 0.3)	11277	391	11668	0.9664895440521083	CENTRAL_SOUTH_ASIA
HGDP00141	[0.3, 0.51)	10474	578	11052	0.9477017734346724	CENTRAL_SOUTH_ASIA
HGDP00143	[0.01, 0.03)	9157	142	9299	0.9847295408108399	CENTRAL_SOUTH_ASIA
HGDP00143	[0.03, 0.06)	10167	152	10319	0.9852698904932649	CENTRAL_SOUTH_ASIA
HGDP00143	[0.06, 0.1)	10301	150	10451	0.985647306477849	CENTRAL_SOUTH_ASIA
HGDP00143	[0.1, 0.18)	12580	318	12898	0.975345014730966	CENTRAL_SOUTH_ASIA
HGDP00143	[0.18, 0.3)	11287	381	11668	0.9673465889612616	CENTRAL_SOUTH_ASIA
HGDP00143	[0.3, 0.51)	10558	494	11052	0.9553022077452045	CENTRAL_SOUTH_ASIA
HGDP00151	[0.01, 0.03)	9174	125	9299	0.9865576943757394	CENTRAL_SOUTH_ASIA
HGDP00151	[0.03, 0.06)	10200	119	10319	0.9884678747940692	CENTRAL_SOUTH_ASIA
HGDP00151	[0.06, 0.1)	10336	115	10451	0.9889962682996842	CENTRAL_SOUTH_ASIA
HGDP00151	[0.1, 0.18)	12728	170	12898	0.986819661963095	CENTRAL_SOUTH_ASIA
HGDP00151	[0.18, 0.3)	11334	334	11668	0.9713747000342818	CENTRAL_SOUTH_ASIA
HGDP00151	[0.3, 0.51)	10525	527	11052	0.9523163228374955	CENTRAL_SOUTH_ASIA
HGDP00163	[0.01, 0.03)	9135	164	9299	0.98236369502097	CENTRAL_SOUTH_ASIA
HGDP00163	[0.03, 0.06)	10175	144	10319	0.986045159414672	CENTRAL_SOUTH_ASIA
HGDP00163	[0.06, 0.1)	10307	144	10451	0.9862214142187351	CENTRAL_SOUTH_ASIA
HGDP00163	[0.1, 0.18)	12627	271	12898	0.9789889905411692	CENTRAL_SOUTH_ASIA
HGDP00163	[0.18, 0.3)	11276	392	11668	0.966403839561193	CENTRAL_SOUTH_ASIA
HGDP00163	[0.3, 0.51)	10486	566	11052	0.9487875497647484	CENTRAL_SOUTH_ASIA
HGDP00179	[0.01, 0.03)	9159	140	9299	0.9849446177008281	CENTRAL_SOUTH_ASIA
HGDP00179	[0.03, 0.06)	10203	116	10319	0.9887586006395969	CENTRAL_SOUTH_ASIA
HGDP00179	[0.06, 0.1)	10348	103	10451	0.9901444837814564	CENTRAL_SOUTH_ASIA
HGDP00179	[0.1, 0.18)	12641	257	12898	0.9800744301442084	CENTRAL_SOUTH_ASIA
HGDP00179	[0.18, 0.3)	11355	313	11668	0.9731744943435036	CENTRAL_SOUTH_ASIA
HGDP00179	[0.3, 0.51)	10660	392	11052	0.9645313065508505	CENTRAL_SOUTH_ASIA
HGDP00197	[0.01, 0.03)	9167	132	9299	0.9858049252607808	CENTRAL_SOUTH_ASIA
HGDP00197	[0.03, 0.06)	10168	151	10319	0.9853667991084407	CENTRAL_SOUTH_ASIA
HGDP00197	[0.06, 0.1)	10310	141	10451	0.986508468089178	CENTRAL_SOUTH_ASIA
HGDP00197	[0.1, 0.18)	12649	249	12898	0.9806946813459451	CENTRAL_SOUTH_ASIA
HGDP00197	[0.18, 0.3)	11194	474	11668	0.9593760713061364	CENTRAL_SOUTH_ASIA
HGDP00197	[0.3, 0.51)	10520	532	11052	0.9518639160332971	CENTRAL_SOUTH_ASIA
HGDP00201	[0.01, 0.03)	9167	132	9299	0.9858049252607808	CENTRAL_SOUTH_ASIA
HGDP00201	[0.03, 0.06)	10147	172	10319	0.9833317181897471	CENTRAL_SOUTH_ASIA
HGDP00201	[0.06, 0.1)	10294	157	10451	0.984977514113482	CENTRAL_SOUTH_ASIA
HGDP00201	[0.1, 0.18)	12573	325	12898	0.9748022949294465	CENTRAL_SOUTH_ASIA
HGDP00201	[0.18, 0.3)	11265	403	11668	0.9654610901611245	CENTRAL_SOUTH_ASIA
HGDP00201	[0.3, 0.51)	10461	591	11052	0.9465255157437568	CENTRAL_SOUTH_ASIA
HGDP00213	[0.01, 0.03)	9178	121	9299	0.9869878481557157	CENTRAL_SOUTH_ASIA
HGDP00213	[0.03, 0.06)	10179	140	10319	0.9864327938753755	CENTRAL_SOUTH_ASIA
HGDP00213	[0.06, 0.1)	10297	154	10451	0.985264567983925	CENTRAL_SOUTH_ASIA
HGDP00213	[0.1, 0.18)	12661	237	12898	0.9816250581485502	CENTRAL_SOUTH_ASIA
HGDP00213	[0.18, 0.3)	11319	349	11668	0.970089132670552	CENTRAL_SOUTH_ASIA
HGDP00213	[0.3, 0.51)	10662	390	11052	0.9647122692725298	CENTRAL_SOUTH_ASIA
HGDP00214	[0.01, 0.03)	9163	136	9299	0.9853747714808044	CENTRAL_SOUTH_ASIA
HGDP00214	[0.03, 0.06)	10185	134	10319	0.9870142455664308	CENTRAL_SOUTH_ASIA
HGDP00214	[0.06, 0.1)	10285	166	10451	0.9841163525021529	CENTRAL_SOUTH_ASIA
HGDP00214	[0.1, 0.18)	12598	300	12898	0.9767405799348736	CENTRAL_SOUTH_ASIA
HGDP00214	[0.18, 0.3)	11222	446	11668	0.9617757970517655	CENTRAL_SOUTH_ASIA
HGDP00214	[0.3, 0.51)	10573	479	11052	0.9566594281577995	CENTRAL_SOUTH_ASIA
HGDP00239	[0.01, 0.03)	9150	149	9299	0.9839767716958813	CENTRAL_SOUTH_ASIA
HGDP00239	[0.03, 0.06)	10172	147	10319	0.9857544335691443	CENTRAL_SOUTH_ASIA
HGDP00239	[0.06, 0.1)	10294	157	10451	0.984977514113482	CENTRAL_SOUTH_ASIA
HGDP00239	[0.1, 0.18)	12630	268	12898	0.9792215847418204	CENTRAL_SOUTH_ASIA
HGDP00239	[0.18, 0.3)	11315	353	11668	0.9697463147068907	CENTRAL_SOUTH_ASIA
HGDP00239	[0.3, 0.51)	10519	533	11052	0.9517734346724575	CENTRAL_SOUTH_ASIA
HGDP00248	[0.01, 0.03)	9118	181	9299	0.9805355414560706	CENTRAL_SOUTH_ASIA
HGDP00248	[0.03, 0.06)	10150	169	10319	0.9836224440352748	CENTRAL_SOUTH_ASIA
HGDP00248	[0.06, 0.1)	10272	179	10451	0.9828724523968998	CENTRAL_SOUTH_ASIA
HGDP00248	[0.1, 0.18)	12624	274	12898	0.9787563963405179	CENTRAL_SOUTH_ASIA
HGDP00248	[0.18, 0.3)	11310	358	11668	0.9693177922523141	CENTRAL_SOUTH_ASIA
HGDP00248	[0.3, 0.51)	10445	607	11052	0.9450778139703221	CENTRAL_SOUTH_ASIA
HGDP00274	[0.01, 0.03)	9130	169	9299	0.9818260027959995	CENTRAL_SOUTH_ASIA
HGDP00274	[0.03, 0.06)	10152	167	10319	0.9838162612656265	CENTRAL_SOUTH_ASIA
HGDP00274	[0.06, 0.1)	10277	174	10451	0.9833508755143049	CENTRAL_SOUTH_ASIA
HGDP00274	[0.1, 0.18)	12550	348	12898	0.9730190727244534	CENTRAL_SOUTH_ASIA
HGDP00274	[0.18, 0.3)	11302	366	11668	0.9686321563249914	CENTRAL_SOUTH_ASIA
HGDP00274	[0.3, 0.51)	10582	470	11052	0.9574737604053565	CENTRAL_SOUTH_ASIA
HGDP00277	[0.01, 0.03)	9116	183	9299	0.9803204645660824	CENTRAL_SOUTH_ASIA
HGDP00277	[0.03, 0.06)	10131	188	10319	0.9817811803469328	CENTRAL_SOUTH_ASIA
HGDP00277	[0.06, 0.1)	10266	185	10451	0.9822983446560137	CENTRAL_SOUTH_ASIA
HGDP00277	[0.1, 0.18)	12626	272	12898	0.9789114591409521	CENTRAL_SOUTH_ASIA
HGDP00277	[0.18, 0.3)	11322	346	11668	0.9703462461432979	CENTRAL_SOUTH_ASIA
HGDP00277	[0.3, 0.51)	10619	433	11052	0.9608215707564242	CENTRAL_SOUTH_ASIA
HGDP00302	[0.01, 0.03)	9162	137	9299	0.9852672330358103	CENTRAL_SOUTH_ASIA
HGDP00302	[0.03, 0.06)	10181	138	10319	0.9866266111057272	CENTRAL_SOUTH_ASIA
HGDP00302	[0.06, 0.1)	10297	154	10451	0.985264567983925	CENTRAL_SOUTH_ASIA
HGDP00302	[0.1, 0.18)	12628	270	12898	0.9790665219413862	CENTRAL_SOUTH_ASIA
HGDP00302	[0.18, 0.3)	11297	371	11668	0.9682036338704149	CENTRAL_SOUTH_ASIA
HGDP00302	[0.3, 0.51)	10609	443	11052	0.9599167571480275	CENTRAL_SOUTH_ASIA
HGDP00313	[0.01, 0.03)	9121	178	9299	0.9808581567910528	CENTRAL_SOUTH_ASIA
HGDP00313	[0.03, 0.06)	10120	199	10319	0.980715185579998	CENTRAL_SOUTH_ASIA
HGDP00313	[0.06, 0.1)	10306	145	10451	0.986125729595254	CENTRAL_SOUTH_ASIA
HGDP00313	[0.1, 0.18)	12634	264	12898	0.9795317103426888	CENTRAL_SOUTH_ASIA
HGDP00313	[0.18, 0.3)	11276	392	11668	0.966403839561193	CENTRAL_SOUTH_ASIA
HGDP00313	[0.3, 0.51)	10449	603	11052	0.9454397394136808	CENTRAL_SOUTH_ASIA
HGDP00341	[0.01, 0.03)	9172	127	9299	0.9863426174857511	CENTRAL_SOUTH_ASIA
HGDP00341	[0.03, 0.06)	10189	130	10319	0.9874018800271344	CENTRAL_SOUTH_ASIA
HGDP00341	[0.06, 0.1)	10282	169	10451	0.9838292986317099	CENTRAL_SOUTH_ASIA
HGDP00341	[0.1, 0.18)	12623	275	12898	0.9786788649403009	CENTRAL_SOUTH_ASIA
HGDP00341	[0.18, 0.3)	11256	412	11668	0.9646897497428866	CENTRAL_SOUTH_ASIA
HGDP00341	[0.3, 0.51)	10533	519	11052	0.9530401737242128	CENTRAL_SOUTH_ASIA
HGDP00376	[0.01, 0.03)	9202	97	9299	0.9895687708355737	CENTRAL_SOUTH_ASIA
HGDP00376	[0.03, 0.06)	10181	138	10319	0.9866266111057272	CENTRAL_SOUTH_ASIA
HGDP00376	[0.06, 0.1)	10322	129	10451	0.9876566835709502	CENTRAL_SOUTH_ASIA
HGDP00376	[0.1, 0.18)	12651	247	12898	0.9808497441463793	CENTRAL_SOUTH_ASIA
HGDP00376	[0.18, 0.3)	11341	327	11668	0.9719746314706891	CENTRAL_SOUTH_ASIA
HGDP00376	[0.3, 0.51)	10695	357	11052	0.9676981541802389	CENTRAL_SOUTH_ASIA
HGDP00417	[0.01, 0.03)	9153	146	9299	0.9842993870308635	CENTRAL_SOUTH_ASIA
HGDP00417	[0.03, 0.06)	10149	170	10319	0.9835255354200988	CENTRAL_SOUTH_ASIA
HGDP00417	[0.06, 0.1)	10298	153	10451	0.985360252607406	CENTRAL_SOUTH_ASIA
HGDP00417	[0.1, 0.18)	12641	257	12898	0.9800744301442084	CENTRAL_SOUTH_ASIA
HGDP00417	[0.18, 0.3)	11347	321	11668	0.972488858416181	CENTRAL_SOUTH_ASIA
HGDP00417	[0.3, 0.51)	10518	534	11052	0.9516829533116178	CENTRAL_SOUTH_ASIA
HGDP00433	[0.01, 0.03)	9135	164	9299	0.98236369502097	CENTRAL_SOUTH_ASIA
HGDP00433	[0.03, 0.06)	10170	149	10319	0.9855606163387926	CENTRAL_SOUTH_ASIA
HGDP00433	[0.06, 0.1)	10298	153	10451	0.985360252607406	CENTRAL_SOUTH_ASIA
HGDP00433	[0.1, 0.18)	12578	320	12898	0.9751899519305318	CENTRAL_SOUTH_ASIA
HGDP00433	[0.18, 0.3)	11218	450	11668	0.9614329790881042	CENTRAL_SOUTH_ASIA
HGDP00433	[0.3, 0.51)	10533	519	11052	0.9530401737242128	CENTRAL_SOUTH_ASIA
HGDP00452	[0.01, 0.03)	8969	330	9299	0.9645123131519519	AFRICA
HGDP00452	[0.03, 0.06)	9868	451	10319	0.956294214555674	AFRICA
HGDP00452	[0.06, 0.1)	9823	628	10451	0.9399100564539279	AFRICA
HGDP00452	[0.1, 0.18)	11995	903	12898	0.9299891456039696	AFRICA
HGDP00452	[0.18, 0.3)	10690	978	11668	0.9161810078848132	AFRICA
HGDP00452	[0.3, 0.51)	9866	1186	11052	0.8926891060441549	AFRICA
HGDP00453	[0.01, 0.03)	9055	244	9299	0.9737606194214432	AFRICA
HGDP00453	[0.03, 0.06)	9889	430	10319	0.9583292954743676	AFRICA
HGDP00453	[0.06, 0.1)	9944	507	10451	0.9514878958951296	AFRICA
HGDP00453	[0.1, 0.18)	11970	928	12898	0.9280508605985424	AFRICA
HGDP00453	[0.18, 0.3)	10666	1002	11668	0.9141241001028454	AFRICA
HGDP00453	[0.3, 0.51)	9845	1207	11052	0.8907889974665218	AFRICA
HGDP00462	[0.01, 0.03)	8968	331	9299	0.9644047747069577	AFRICA
HGDP00462	[0.03, 0.06)	9709	610	10319	0.9408857447427076	AFRICA
HGDP00462	[0.06, 0.1)	9772	679	10451	0.9350301406563966	AFRICA
HGDP00462	[0.1, 0.18)	11831	1067	12898	0.9172739959683672	AFRICA
HGDP00462	[0.18, 0.3)	10509	1159	11668	0.9006684950291395	AFRICA
HGDP00462	[0.3, 0.51)	9833	1219	11052	0.8897032211364458	AFRICA
HGDP00463	[0.01, 0.03)	8963	336	9299	0.9638670824819873	AFRICA
HGDP00463	[0.03, 0.06)	9688	631	10319	0.9388506638240139	AFRICA
HGDP00463	[0.06, 0.1)	9716	735	10451	0.9296718017414601	AFRICA
HGDP00463	[0.1, 0.18)	11707	1191	12898	0.9076601023414483	AFRICA
HGDP00463	[0.18, 0.3)	10518	1150	11668	0.9014398354473775	AFRICA
HGDP00463	[0.3, 0.51)	9730	1322	11052	0.8803836409699601	AFRICA
HGDP00491	[0.01, 0.03)	9153	146	9299	0.9842993870308635	OCEANIA
HGDP00491	[0.03, 0.06)	10136	183	10319	0.9822657234228123	OCEANIA
HGDP00491	[0.06, 0.1)	10170	281	10451	0.9731126208018371	OCEANIA
HGDP00491	[0.1, 0.18)	12460	438	12898	0.9660412467049155	OCEANIA
HGDP00491	[0.18, 0.3)	11050	618	11668	0.9470346246143297	OCEANIA
HGDP00491	[0.3, 0.51)	10273	779	11052	0.9295150199058994	OCEANIA
HGDP00519	[0.01, 0.03)	9152	147	9299	0.9841918485858695	EUROPE
HGDP00519	[0.03, 0.06)	10211	108	10319	0.989533869561004	EUROPE
HGDP00519	[0.06, 0.1)	10309	142	10451	0.986412783465697	EUROPE
HGDP00519	[0.1, 0.18)	12662	236	12898	0.9817025895487672	EUROPE
HGDP00519	[0.18, 0.3)	11330	338	11668	0.9710318820706205	EUROPE
HGDP00519	[0.3, 0.51)	10628	424	11052	0.9616359030039812	EUROPE
HGDP00520	[0.01, 0.03)	9173	126	9299	0.9864501559307453	EUROPE
HGDP00520	[0.03, 0.06)	10203	116	10319	0.9887586006395969	EUROPE
HGDP00520	[0.06, 0.1)	10329	122	10451	0.9883264759353172	EUROPE
HGDP00520	[0.1, 0.18)	12663	235	12898	0.9817801209489844	EUROPE
HGDP00520	[0.18, 0.3)	11275	393	11668	0.9663181350702776	EUROPE
HGDP00520	[0.3, 0.51)	10660	392	11052	0.9645313065508505	EUROPE
HGDP00525	[0.01, 0.03)	9152	147	9299	0.9841918485858695	EUROPE
HGDP00525	[0.03, 0.06)	10178	141	10319	0.9863358852601997	EUROPE
HGDP00525	[0.06, 0.1)	10310	141	10451	0.986508468089178	EUROPE
HGDP00525	[0.1, 0.18)	12698	200	12898	0.9844937199565824	EUROPE
HGDP00525	[0.18, 0.3)	11342	326	11668	0.9720603359616043	EUROPE
HGDP00525	[0.3, 0.51)	10615	437	11052	0.9604596453130655	EUROPE
HGDP00537	[0.01, 0.03)	9165	134	9299	0.9855898483707926	EUROPE
HGDP00537	[0.03, 0.06)	10218	101	10319	0.9902122298672352	EUROPE
HGDP00537	[0.06, 0.1)	10318	133	10451	0.9872739450770261	EUROPE
HGDP00537	[0.1, 0.18)	12639	259	12898	0.9799193673437743	EUROPE
HGDP00537	[0.18, 0.3)	11330	338	11668	0.9710318820706205	EUROPE
HGDP00537	[0.3, 0.51)	10590	462	11052	0.9581976112920738	EUROPE
HGDP00540	[0.01, 0.03)	9094	205	9299	0.9779546187762125	OCEANIA
HGDP00540	[0.03, 0.06)	10041	278	10319	0.9730594049811028	OCEANIA
HGDP00540	[0.06, 0.1)	10065	386	10451	0.9630657353363314	OCEANIA
HGDP00540	[0.1, 0.18)	12353	545	12898	0.9577453868816871	OCEANIA
HGDP00540	[0.18, 0.3)	11055	613	11668	0.9474631470689064	OCEANIA
HGDP00540	[0.3, 0.51)	10260	792	11052	0.9283387622149837	OCEANIA
HGDP00541	[0.01, 0.03)	9110	189	9299	0.9796752338961179	OCEANIA
HGDP00541	[0.03, 0.06)	9921	398	10319	0.9614303711599961	OCEANIA
HGDP00541	[0.06, 0.1)	10081	370	10451	0.9645966893120276	OCEANIA
HGDP00541	[0.1, 0.18)	12340	558	12898	0.9567374786788649	OCEANIA
HGDP00541	[0.18, 0.3)	11056	612	11668	0.9475488515598217	OCEANIA
HGDP00541	[0.3, 0.51)	10117	935	11052	0.9153999276149113	OCEANIA
HGDP00543	[0.01, 0.03)	9157	142	9299	0.9847295408108399	OCEANIA
HGDP00543	[0.03, 0.06)	10080	239	10319	0.9768388409729625	OCEANIA
HGDP00543	[0.06, 0.1)	10129	322	10451	0.9691895512391159	OCEANIA
HGDP00543	[0.1, 0.18)	12387	511	12898	0.9603814544890681	OCEANIA
HGDP00543	[0.18, 0.3)	11051	617	11668	0.9471203291052451	OCEANIA
HGDP00543	[0.3, 0.51)	10174	878	11052	0.9205573651827723	OCEANIA
HGDP00546	[0.01, 0.03)	9139	160	9299	0.9827938488009463	OCEANIA
HGDP00546	[0.03, 0.06)	10103	216	10319	0.979067739122008	OCEANIA
HGDP00546	[0.06, 0.1)	10165	286	10451	0.9726341976844322	OCEANIA
HGDP00546	[0.1, 0.18)	12432	466	12898	0.963870367498837	OCEANIA
HGDP00546	[0.18, 0.3)	11079	589	11668	0.9495200548508742	OCEANIA
HGDP00546	[0.3, 0.51)	10241	811	11052	0.92661961635903	OCEANIA
HGDP00550	[0.01, 0.03)	9121	178	9299	0.9808581567910528	OCEANIA
HGDP00550	[0.03, 0.06)	10028	291	10319	0.9717995929838162	OCEANIA
HGDP00550	[0.06, 0.1)	10115	336	10451	0.9678499665103818	OCEANIA
HGDP00550	[0.1, 0.18)	12352	546	12898	0.95766785548147	OCEANIA
HGDP00550	[0.18, 0.3)	11030	638	11668	0.9453205347960233	OCEANIA
HGDP00550	[0.3, 0.51)	10148	904	11052	0.918204849800941	OCEANIA
HGDP00553	[0.01, 0.03)	9138	161	9299	0.9826863103559522	OCEANIA
HGDP00553	[0.03, 0.06)	10065	254	10319	0.9753852117453241	OCEANIA
HGDP00553	[0.06, 0.1)	10062	389	10451	0.9627786814658884	OCEANIA
HGDP00553	[0.1, 0.18)	12454	444	12898	0.9655760583036129	OCEANIA
HGDP00553	[0.18, 0.3)	11111	557	11668	0.9522625985601646	OCEANIA
HGDP00553	[0.3, 0.51)	10166	886	11052	0.919833514296055	OCEANIA
HGDP00555	[0.01, 0.03)	9126	173	9299	0.9813958490160233	OCEANIA
HGDP00555	[0.03, 0.06)	9964	355	10319	0.9655974416125593	OCEANIA
HGDP00555	[0.06, 0.1)	10013	438	10451	0.9580901349153191	OCEANIA
HGDP00555	[0.1, 0.18)	12316	582	12898	0.9548767250736548	OCEANIA
HGDP00555	[0.18, 0.3)	10975	693	11668	0.9406067877956805	OCEANIA
HGDP00555	[0.3, 0.51)	10147	905	11052	0.9181143684401013	OCEANIA
HGDP00575	[0.01, 0.03)	9115	184	9299	0.9802129261210882	MIDDLE_EAST
HGDP00575	[0.03, 0.06)	10168	151	10319	0.9853667991084407	MIDDLE_EAST
HGDP00575	[0.06, 0.1)	10295	156	10451	0.985073198736963	MIDDLE_EAST
HGDP00575	[0.1, 0.18)	12657	241	12898	0.9813149325476818	MIDDLE_EAST
HGDP00575	[0.18, 0.3)	11258	410	11668	0.9648611587247172	MIDDLE_EAST
HGDP00575	[0.3, 0.51)	10472	580	11052	0.9475208107129931	MIDDLE_EAST
HGDP00576	[0.01, 0.03)	9114	185	9299	0.9801053876760942	MIDDLE_EAST
HGDP00576	[0.03, 0.06)	10116	203	10319	0.9803275511192945	MIDDLE_EAST
HGDP00576	[0.06, 0.1)	10256	195	10451	0.9813414984212037	MIDDLE_EAST
HGDP00576	[0.1, 0.18)	12625	273	12898	0.978833927740735	MIDDLE_EAST
HGDP00576	[0.18, 0.3)	11225	443	11668	0.9620329105245115	MIDDLE_EAST
HGDP00576	[0.3, 0.51)	10557	495	11052	0.9552117263843648	MIDDLE_EAST
HGDP00579	[0.01, 0.03)	9148	151	9299	0.9837616948058931	MIDDLE_EAST
HGDP00579	[0.03, 0.06)	10157	162	10319	0.9843008043415059	MIDDLE_EAST
HGDP00579	[0.06, 0.1)	10244	207	10451	0.9801932829394316	MIDDLE_EAST
HGDP00579	[0.1, 0.18)	12580	318	12898	0.975345014730966	MIDDLE_EAST
HGDP00579	[0.18, 0.3)	11262	406	11668	0.9652039766883784	MIDDLE_EAST
HGDP00579	[0.3, 0.51)	10584	468	11052	0.9576547231270358	MIDDLE_EAST
HGDP00588	[0.01, 0.03)	9138	161	9299	0.9826863103559522	MIDDLE_EAST
HGDP00588	[0.03, 0.06)	10133	186	10319	0.9819749975772846	MIDDLE_EAST
HGDP00588	[0.06, 0.1)	10258	193	10451	0.9815328676681657	MIDDLE_EAST
HGDP00588	[0.1, 0.18)	12645	253	12898	0.9803845557450768	MIDDLE_EAST
HGDP00588	[0.18, 0.3)	11304	364	11668	0.9688035653068221	MIDDLE_EAST
HGDP00588	[0.3, 0.51)	10498	554	11052	0.9498733260948244	MIDDLE_EAST
HGDP00636	[0.01, 0.03)	9074	225	9299	0.9758038498763308	MIDDLE_EAST
HGDP00636	[0.03, 0.06)	10124	195	10319	0.9811028200407016	MIDDLE_EAST
HGDP00636	[0.06, 0.1)	10221	230	10451	0.9779925365993685	MIDDLE_EAST
HGDP00636	[0.1, 0.18)	12493	405	12898	0.9685997829120794	MIDDLE_EAST
HGDP00636	[0.18, 0.3)	11208	460	11668	0.9605759341789509	MIDDLE_EAST
HGDP00636	[0.3, 0.51)	10303	749	11052	0.9322294607310894	MIDDLE_EAST
HGDP00637	[0.01, 0.03)	9134	165	9299	0.9822561565759759	MIDDLE_EAST
HGDP00637	[0.03, 0.06)	10175	144	10319	0.986045159414672	MIDDLE_EAST
HGDP00637	[0.06, 0.1)	10251	200	10451	0.9808630753037987	MIDDLE_EAST
HGDP00637	[0.1, 0.18)	12563	335	12898	0.9740269809272756	MIDDLE_EAST
HGDP00637	[0.18, 0.3)	11205	463	11668	0.960318820706205	MIDDLE_EAST
HGDP00637	[0.3, 0.51)	10462	590	11052	0.9466159971045964	MIDDLE_EAST
HGDP00651	[0.01, 0.03)	9140	159	9299	0.9829013872459404	MIDDLE_EAST
HGDP00651	[0.03, 0.06)	10163	156	10319	0.9848822560325613	MIDDLE_EAST
HGDP00651	[0.06, 0.1)	10261	190	10451	0.9818199215386088	MIDDLE_EAST
HGDP00651	[0.1, 0.18)	12646	252	12898	0.9804620871452938	MIDDLE_EAST
HGDP00651	[0.18, 0.3)	11359	309	11668	0.9735173123071649	MIDDLE_EAST
HGDP00651	[0.3, 0.51)	10488	564	11052	0.9489685124864278	MIDDLE_EAST
HGDP00664	[0.01, 0.03)	9119	180	9299	0.9806430799010646	OCEANIA
HGDP00664	[0.03, 0.06)	10017	302	10319	0.9707335982168814	OCEANIA
HGDP00664	[0.06, 0.1)	10135	316	10451	0.9697636589800019	OCEANIA
HGDP00664	[0.1, 0.18)	12470	428	12898	0.9668165607070863	OCEANIA
HGDP00664	[0.18, 0.3)	11107	561	11668	0.9519197805965033	OCEANIA
HGDP00664	[0.3, 0.51)	10147	905	11052	0.9181143684401013	OCEANIA
HGDP00666	[0.01, 0.03)	9122	177	9299	0.9809656952360469	EUROPE
HGDP00666	[0.03, 0.06)	10202	117	10319	0.988661692024421	EUROPE
HGDP00666	[0.06, 0.1)	10328	123	10451	0.9882307913118362	EUROPE
HGDP00666	[0.1, 0.18)	12614	284	12898	0.977981082338347	EUROPE
HGDP00666	[0.18, 0.3)	11297	371	11668	0.9682036338704149	EUROPE
HGDP00666	[0.3, 0.51)	10538	514	11052	0.9534925805284111	EUROPE
HGDP00703	[0.01, 0.03)	9228	71	9299	0.9923647704054199	AMERICA
HGDP00703	[0.03, 0.06)	10235	84	10319	0.9918596763252253	AMERICA
HGDP00703	[0.06, 0.1)	10352	99	10451	0.9905272222753804	AMERICA
HGDP00703	[0.1, 0.18)	12677	221	12898	0.9828655605520236	AMERICA
HGDP00703	[0.18, 0.3)	11384	284	11668	0.975659924580048	AMERICA
HGDP00703	[0.3, 0.51)	10495	557	11052	0.9496018820123054	AMERICA
HGDP00704	[0.01, 0.03)	9225	74	9299	0.9920421550704377	AMERICA
HGDP00704	[0.03, 0.06)	10225	94	10319	0.9908905901734664	AMERICA
HGDP00704	[0.06, 0.1)	10288	163	10451	0.9844034063725959	AMERICA
HGDP00704	[0.1, 0.18)	12685	213	12898	0.9834858117537603	AMERICA
HGDP00704	[0.18, 0.3)	11361	307	11668	0.9736887212889955	AMERICA
HGDP00704	[0.3, 0.51)	10586	466	11052	0.9578356858487151	AMERICA
HGDP00708	[0.01, 0.03)	9231	68	9299	0.9926873857404022	AMERICA
HGDP00708	[0.03, 0.06)	10228	91	10319	0.9911813160189941	AMERICA
HGDP00708	[0.06, 0.1)	10267	184	10451	0.9823940292794948	AMERICA
HGDP00708	[0.1, 0.18)	12676	222	12898	0.9827880291518065	AMERICA
HGDP00708	[0.18, 0.3)	11320	348	11668	0.9701748371614672	AMERICA
HGDP00708	[0.3, 0.51)	10544	508	11052	0.9540354686934491	AMERICA
HGDP00711	[0.01, 0.03)	9213	86	9299	0.9907516937305086	EAST_ASIA
HGDP00711	[0.03, 0.06)	10207	112	10319	0.9891462351003004	EAST_ASIA
HGDP00711	[0.06, 0.1)	10278	173	10451	0.9834465601377859	EAST_ASIA
HGDP00711	[0.1, 0.18)	12591	307	12898	0.976197860133354	EAST_ASIA
HGDP00711	[0.18, 0.3)	11294	374	11668	0.9679465203976688	EAST_ASIA
HGDP00711	[0.3, 0.51)	10554	498	11052	0.9549402823018458	EAST_ASIA
HGDP00712	[0.01, 0.03)	9171	128	9299	0.986235079040757	EAST_ASIA
HGDP00712	[0.03, 0.06)	10128	191	10319	0.9814904545014052	EAST_ASIA
HGDP00712	[0.06, 0.1)	10240	211	10451	0.9798105444455076	EAST_ASIA
HGDP00712	[0.1, 0.18)	12625	273	12898	0.978833927740735	EAST_ASIA
HGDP00712	[0.18, 0.3)	11161	507	11668	0.9565478231059308	EAST_ASIA
HGDP00712	[0.3, 0.51)	10485	567	11052	0.9486970684039088	EAST_ASIA
HGDP00719	[0.01, 0.03)	9213	86	9299	0.9907516937305086	EAST_ASIA
HGDP00719	[0.03, 0.06)	10151	168	10319	0.9837193526504506	EAST_ASIA
HGDP00719	[0.06, 0.1)	10268	183	10451	0.9824897139029758	EAST_ASIA
HGDP00719	[0.1, 0.18)	12593	305	12898	0.9763529229337882	EAST_ASIA
HGDP00719	[0.18, 0.3)	11222	446	11668	0.9617757970517655	EAST_ASIA
HGDP00719	[0.3, 0.51)	10508	544	11052	0.9507781397032211	EAST_ASIA
HGDP00724	[0.01, 0.03)	9087	212	9299	0.9772018496612539	MIDDLE_EAST
HGDP00724	[0.03, 0.06)	10112	207	10319	0.9799399166585909	MIDDLE_EAST
HGDP00724	[0.06, 0.1)	10201	250	10451	0.9760788441297483	MIDDLE_EAST
HGDP00724	[0.1, 0.18)	12599	299	12898	0.9768181113350907	MIDDLE_EAST
HGDP00724	[0.18, 0.3)	11282	386	11668	0.966918066506685	MIDDLE_EAST
HGDP00724	[0.3, 0.51)	10515	537	11052	0.9514115092290988	MIDDLE_EAST
HGDP00726	[0.01, 0.03)	9103	196	9299	0.9789224647811593	MIDDLE_EAST
HGDP00726	[0.03, 0.06)	10153	166	10319	0.9839131698808024	MIDDLE_EAST
HGDP00726	[0.06, 0.1)	10245	206	10451	0.9802889675629126	MIDDLE_EAST
HGDP00726	[0.1, 0.18)	12589	309	12898	0.9760427973329199	MIDDLE_EAST
HGDP00726	[0.18, 0.3)	11226	442	11668	0.9621186150154268	MIDDLE_EAST
HGDP00726	[0.3, 0.51)	10445	607	11052	0.9450778139703221	MIDDLE_EAST
HGDP00741	[0.01, 0.03)	9129	170	9299	0.9817184643510055	MIDDLE_EAST
HGDP00741	[0.03, 0.06)	10140	179	10319	0.9826533578835158	MIDDLE_EAST
HGDP00741	[0.06, 0.1)	10211	240	10451	0.9770356903645584	MIDDLE_EAST
HGDP00741	[0.1, 0.18)	12552	346	12898	0.9731741355248876	MIDDLE_EAST
HGDP00741	[0.18, 0.3)	11205	463	11668	0.960318820706205	MIDDLE_EAST
HGDP00741	[0.3, 0.51)	10439	613	11052	0.9445349258052841	MIDDLE_EAST
HGDP00756	[0.01, 0.03)	9197	102	9299	0.9890310786106032	EAST_ASIA
HGDP00756	[0.03, 0.06)	10149	170	10319	0.9835255354200988	EAST_ASIA
HGDP00756	[0.06, 0.1)	10230	221	10451	0.9788536982106976	EAST_ASIA
HGDP00756	[0.1, 0.18)	12640	258	12898	0.9799968987439913	EAST_ASIA
HGDP00756	[0.18, 0.3)	11317	351	11668	0.9699177236887213	EAST_ASIA
HGDP00756	[0.3, 0.51)	10480	572	11052	0.9482446615997104	EAST_ASIA
HGDP00757	[0.01, 0.03)	9219	80	9299	0.9913969244004732	EAST_ASIA
HGDP00757	[0.03, 0.06)	10200	119	10319	0.9884678747940692	EAST_ASIA
HGDP00757	[0.06, 0.1)	10294	157	10451	0.984977514113482	EAST_ASIA
HGDP00757	[0.1, 0.18)	12598	300	12898	0.9767405799348736	EAST_ASIA
HGDP00757	[0.18, 0.3)	11215	453	11668	0.9611758656153583	EAST_ASIA
HGDP00757	[0.3, 0.51)	10471	581	11052	0.9474303293521534	EAST_ASIA
HGDP00761	[0.01, 0.03)	9179	120	9299	0.9870953866007097	EAST_ASIA
HGDP00761	[0.03, 0.06)	10172	147	10319	0.9857544335691443	EAST_ASIA
HGDP00761	[0.06, 0.1)	10299	152	10451	0.985455937230887	EAST_ASIA
HGDP00761	[0.1, 0.18)	12661	237	12898	0.9816250581485502	EAST_ASIA
HGDP00761	[0.18, 0.3)	11303	365	11668	0.9687178608159067	EAST_ASIA
HGDP00761	[0.3, 0.51)	10460	592	11052	0.9464350343829171	EAST_ASIA
HGDP00772	[0.01, 0.03)	9217	82	9299	0.991181847510485	EAST_ASIA
HGDP00772	[0.03, 0.06)	10232	87	10319	0.9915689504796976	EAST_ASIA
HGDP00772	[0.06, 0.1)	10277	174	10451	0.9833508755143049	EAST_ASIA
HGDP00772	[0.1, 0.18)	12704	194	12898	0.9849589083578849	EAST_ASIA
HGDP00772	[0.18, 0.3)	11345	323	11668	0.9723174494343504	EAST_ASIA
HGDP00772	[0.3, 0.51)	10418	634	11052	0.9426348172276511	EAST_ASIA
HGDP00794	[0.01, 0.03)	9175	124	9299	0.9866652328207334	EUROPE
HGDP00794	[0.03, 0.06)	10215	104	10319	0.9899215040217075	EUROPE
HGDP00794	[0.06, 0.1)	10330	121	10451	0.9884221605587982	EUROPE
HGDP00794	[0.1, 0.18)	12740	158	12898	0.9877500387657001	EUROPE
HGDP00794	[0.18, 0.3)	11459	209	11668	0.9820877613986972	EUROPE
HGDP00794	[0.3, 0.51)	10705	347	11052	0.9686029677886355	EUROPE
HGDP00806	[0.01, 0.03)	9201	98	9299	0.9894612323905796	EUROPE
HGDP00806	[0.03, 0.06)	10236	83	10319	0.9919565849404012	EUROPE
HGDP00806	[0.06, 0.1)	10342	109	10451	0.9895703760405703	EUROPE
HGDP00806	[0.1, 0.18)	12705	193	12898	0.9850364397581021	EUROPE
HGDP00806	[0.18, 0.3)	11378	290	11668	0.975145697634556	EUROPE
HGDP00806	[0.3, 0.51)	10659	393	11052	0.9644408251900108	EUROPE
HGDP00808	[0.01, 0.03)	9165	134	9299	0.9855898483707926	EUROPE
HGDP00808	[0.03, 0.06)	10219	100	10319	0.9903091384824111	EUROPE
HGDP00808	[0.06, 0.1)	10319	132	10451	0.9873696297005071	EUROPE
HGDP00808	[0.1, 0.18)	12727	171	12898	0.986742130562878	EUROPE
HGDP00808	[0.18, 0.3)	11386	282	11668	0.9758313335618787	EUROPE
HGDP00808	[0.3, 0.51)	10674	378	11052	0.9657980456026058	EUROPE
HGDP00820	[0.01, 0.03)	9210	89	9299	0.9904290783955264	EAST_ASIA
HGDP00820	[0.03, 0.06)	10161	158	10319	0.9846884388022095	EAST_ASIA
HGDP00820	[0.06, 0.1)	10228	223	10451	0.9786623289637355	EAST_ASIA
HGDP00820	[0.1, 0.18)	12567	331	12898	0.9743371065281439	EAST_ASIA
HGDP00820	[0.18, 0.3)	11304	364	11668	0.9688035653068221	EAST_ASIA
HGDP00820	[0.3, 0.51)	10349	703	11052	0.936391603329714	EAST_ASIA
HGDP00822	[0.01, 0.03)	9225	74	9299	0.9920421550704377	EAST_ASIA
HGDP00822	[0.03, 0.06)	10211	108	10319	0.989533869561004	EAST_ASIA
HGDP00822	[0.06, 0.1)	10250	201	10451	0.9807673906803177	EAST_ASIA
HGDP00822	[0.1, 0.18)	12579	319	12898	0.975267483330749	EAST_ASIA
HGDP00822	[0.18, 0.3)	11260	408	11668	0.9650325677065478	EAST_ASIA
HGDP00822	[0.3, 0.51)	10528	524	11052	0.9525877669200145	EAST_ASIA
HGDP00832	[0.01, 0.03)	9228	71	9299	0.9923647704054199	AMERICA
HGDP00832	[0.03, 0.06)	10262	57	10319	0.9944762089349743	AMERICA
HGDP00832	[0.06, 0.1)	10369	82	10451	0.9921538608745575	AMERICA
HGDP00832	[0.1, 0.18)	12741	157	12898	0.9878275701659172	AMERICA
HGDP00832	[0.18, 0.3)	11399	269	11668	0.9769454919437779	AMERICA
HGDP00832	[0.3, 0.51)	10642	410	11052	0.9629026420557365	AMERICA
HGDP00837	[0.01, 0.03)	9218	81	9299	0.9912893859554791	AMERICA
HGDP00837	[0.03, 0.06)	10192	127	10319	0.987692605872662	AMERICA
HGDP00837	[0.06, 0.1)	10315	136	10451	0.9869868912065831	AMERICA
HGDP00837	[0.1, 0.18)	12652	246	12898	0.9809272755465964	AMERICA
HGDP00837	[0.18, 0.3)	11430	238	11668	0.9796023311621529	AMERICA
HGDP00837	[0.3, 0.51)	10759	293	11052	0.9734889612739775	AMERICA
HGDP00849	[0.01, 0.03)	9221	78	9299	0.9916120012904613	AMERICA
HGDP00849	[0.03, 0.06)	10213	106	10319	0.9897276867913557	AMERICA
HGDP00849	[0.06, 0.1)	10312	139	10451	0.9866998373361401	AMERICA
HGDP00849	[0.1, 0.18)	12679	219	12898	0.9830206233524578	AMERICA
HGDP00849	[0.18, 0.3)	11448	220	11668	0.9811450119986287	AMERICA
HGDP00849	[0.3, 0.51)	10727	325	11052	0.9705935577271082	AMERICA
HGDP00854	[0.01, 0.03)	9203	96	9299	0.9896763092805678	AMERICA
HGDP00854	[0.03, 0.06)	10235	84	10319	0.9918596763252253	AMERICA
HGDP00854	[0.06, 0.1)	10323	128	10451	0.9877523681944311	AMERICA
HGDP00854	[0.1, 0.18)	12730	168	12898	0.9869747247635292	AMERICA
HGDP00854	[0.18, 0.3)	11372	296	11668	0.9746314706890641	AMERICA
HGDP00854	[0.3, 0.51)	10672	380	11052	0.9656170828809265	AMERICA
HGDP00856	[0.01, 0.03)	9225	74	9299	0.9920421550704377	AMERICA
HGDP00856	[0.03, 0.06)	10219	100	10319	0.9903091384824111	AMERICA
HGDP00856	[0.06, 0.1)	10314	137	10451	0.9868912065831021	AMERICA
HGDP00856	[0.1, 0.18)	12673	225	12898	0.9825554349511553	AMERICA
HGDP00856	[0.18, 0.3)	11421	247	11668	0.978830990743915	AMERICA
HGDP00856	[0.3, 0.51)	10536	516	11052	0.9533116178067318	AMERICA
HGDP00873	[0.01, 0.03)	9230	69	9299	0.9925798472954082	AMERICA
HGDP00873	[0.03, 0.06)	10215	104	10319	0.9899215040217075	AMERICA
HGDP00873	[0.06, 0.1)	10282	169	10451	0.9838292986317099	AMERICA
HGDP00873	[0.1, 0.18)	12669	229	12898	0.9822453093502869	AMERICA
HGDP00873	[0.18, 0.3)	11340	328	11668	0.9718889269797737	AMERICA
HGDP00873	[0.3, 0.51)	10659	393	11052	0.9644408251900108	AMERICA
HGDP00876	[0.01, 0.03)	9192	107	9299	0.9884933863856329	AMERICA
HGDP00876	[0.03, 0.06)	10190	129	10319	0.9874987886423103	AMERICA
HGDP00876	[0.06, 0.1)	10342	109	10451	0.9895703760405703	AMERICA
HGDP00876	[0.1, 0.18)	12676	222	12898	0.9827880291518065	AMERICA
HGDP00876	[0.18, 0.3)	11368	300	11668	0.9742886527254028	AMERICA
HGDP00876	[0.3, 0.51)	10708	344	11052	0.9688744118711545	AMERICA
HGDP00879	[0.01, 0.03)	9162	137	9299	0.9852672330358103	EUROPE
HGDP00879	[0.03, 0.06)	10187	132	10319	0.9872080627967826	EUROPE
HGDP00879	[0.06, 0.1)	10324	127	10451	0.9878480528179122	EUROPE
HGDP00879	[0.1, 0.18)	12602	296	12898	0.977050705535742	EUROPE
HGDP00879	[0.18, 0.3)	11332	336	11668	0.9712032910524512	EUROPE
HGDP00879	[0.3, 0.51)	10443	609	11052	0.9448968512486428	EUROPE
HGDP00888	[0.01, 0.03)	9190	109	9299	0.9882783094956447	EUROPE
HGDP00888	[0.03, 0.06)	10191	128	10319	0.9875956972574862	EUROPE
HGDP00888	[0.06, 0.1)	10265	186	10451	0.9822026600325328	EUROPE
HGDP00888	[0.1, 0.18)	12601	297	12898	0.9769731741355249	EUROPE
HGDP00888	[0.18, 0.3)	11335	333	11668	0.9714604045251971	EUROPE
HGDP00888	[0.3, 0.51)	10587	465	11052	0.9579261672095548	EUROPE
HGDP00896	[0.01, 0.03)	9158	141	9299	0.984837079255834	EUROPE
HGDP00896	[0.03, 0.06)	10201	118	10319	0.988564783409245	EUROPE
HGDP00896	[0.06, 0.1)	10339	112	10451	0.9892833221701273	EUROPE
HGDP00896	[0.1, 0.18)	12664	234	12898	0.9818576523492014	EUROPE
HGDP00896	[0.18, 0.3)	11365	303	11668	0.9740315392526568	EUROPE
HGDP00896	[0.3, 0.51)	10614	438	11052	0.9603691639522258	EUROPE
HGDP00904	[0.01, 0.03)	9218	81	9299	0.9912893859554791	AFRICA
HGDP00904	[0.03, 0.06)	10146	173	10319	0.9832348095745712	AFRICA
HGDP00904	[0.06, 0.1)	10256	195	10451	0.9813414984212037	AFRICA
HGDP00904	[0.1, 0.18)	12437	461	12898	0.9642580244999225	AFRICA
HGDP00904	[0.18, 0.3)	11236	432	11668	0.96297565992458	AFRICA
HGDP00904	[0.3, 0.51)	10608	444	11052	0.9598262757871878	AFRICA
HGDP00905	[0.01, 0.03)	9159	140	9299	0.9849446177008281	AFRICA
HGDP00905	[0.03, 0.06)	10108	211	10319	0.9795522821978874	AFRICA
HGDP00905	[0.06, 0.1)	10176	275	10451	0.9736867285427232	AFRICA
HGDP00905	[0.1, 0.18)	12418	480	12898	0.9627849278957978	AFRICA
HGDP00905	[0.18, 0.3)	11136	532	11668	0.9544052108330476	AFRICA
HGDP00905	[0.3, 0.51)	10465	587	11052	0.9468874411871154	AFRICA
HGDP00920	[0.01, 0.03)	9174	125	9299	0.9865576943757394	AFRICA
HGDP00920	[0.03, 0.06)	10147	172	10319	0.9833317181897471	AFRICA
HGDP00920	[0.06, 0.1)	10267	184	10451	0.9823940292794948	AFRICA
HGDP00920	[0.1, 0.18)	12535	363	12898	0.9718561017211971	AFRICA
HGDP00920	[0.18, 0.3)	11279	389	11668	0.966660953033939	AFRICA
HGDP00920	[0.3, 0.51)	10597	455	11052	0.9588309808179515	AFRICA
HGDP00924	[0.01, 0.03)	9209	90	9299	0.9903215399505323	AFRICA
HGDP00924	[0.03, 0.06)	10218	101	10319	0.9902122298672352	AFRICA
HGDP00924	[0.06, 0.1)	10247	204	10451	0.9804803368098747	AFRICA
HGDP00924	[0.1, 0.18)	12617	281	12898	0.9782136765389983	AFRICA
HGDP00924	[0.18, 0.3)	11276	392	11668	0.966403839561193	AFRICA
HGDP00924	[0.3, 0.51)	10629	423	11052	0.9617263843648208	AFRICA
HGDP00933	[0.01, 0.03)	9196	103	9299	0.9889235401656092	AFRICA
HGDP00933	[0.03, 0.06)	10132	187	10319	0.9818780889621087	AFRICA
HGDP00933	[0.06, 0.1)	10297	154	10451	0.985264567983925	AFRICA
HGDP00933	[0.1, 0.18)	12573	325	12898	0.9748022949294465	AFRICA
HGDP00933	[0.18, 0.3)	11348	320	11668	0.9725745629070963	AFRICA
HGDP00933	[0.3, 0.51)	10669	383	11052	0.9653456387984075	AFRICA
HGDP00940	[0.01, 0.03)	9181	118	9299	0.987310463490698	AFRICA
HGDP00940	[0.03, 0.06)	10173	146	10319	0.9858513421843201	AFRICA
HGDP00940	[0.06, 0.1)	10235	216	10451	0.9793321213281025	AFRICA
HGDP00940	[0.1, 0.18)	12501	397	12898	0.9692200341138161	AFRICA
HGDP00940	[0.18, 0.3)	11269	399	11668	0.9658039081247858	AFRICA
HGDP00940	[0.3, 0.51)	10608	444	11052	0.9598262757871878	AFRICA
HGDP00945	[0.01, 0.03)	9188	111	9299	0.9880632326056565	EAST_ASIA
HGDP00945	[0.03, 0.06)	10209	110	10319	0.9893400523306521	EAST_ASIA
HGDP00945	[0.06, 0.1)	10308	143	10451	0.9863170988422161	EAST_ASIA
HGDP00945	[0.1, 0.18)	12630	268	12898	0.9792215847418204	EAST_ASIA
HGDP00945	[0.18, 0.3)	11260	408	11668	0.9650325677065478	EAST_ASIA
HGDP00945	[0.3, 0.51)	10446	606	11052	0.9451682953311618	EAST_ASIA
HGDP00957	[0.01, 0.03)	9194	105	9299	0.988708463275621	EAST_ASIA
HGDP00957	[0.03, 0.06)	10208	111	10319	0.9892431437154763	EAST_ASIA
HGDP00957	[0.06, 0.1)	10314	137	10451	0.9868912065831021	EAST_ASIA
HGDP00957	[0.1, 0.18)	12635	263	12898	0.9796092417429059	EAST_ASIA
HGDP00957	[0.18, 0.3)	11266	402	11668	0.9655467946520397	EAST_ASIA
HGDP00957	[0.3, 0.51)	10406	646	11052	0.9415490408975751	EAST_ASIA
HGDP00958	[0.01, 0.03)	9183	116	9299	0.9875255403806861	EAST_ASIA
HGDP00958	[0.03, 0.06)	10202	117	10319	0.988661692024421	EAST_ASIA
HGDP00958	[0.06, 0.1)	10310	141	10451	0.986508468089178	EAST_ASIA
HGDP00958	[0.1, 0.18)	12644	254	12898	0.9803070243448597	EAST_ASIA
HGDP00958	[0.18, 0.3)	11215	453	11668	0.9611758656153583	EAST_ASIA
HGDP00958	[0.3, 0.51)	10489	563	11052	0.9490589938472674	EAST_ASIA
HGDP00964	[0.01, 0.03)	9156	143	9299	0.9846220023658457	EAST_ASIA
HGDP00964	[0.03, 0.06)	10180	139	10319	0.9865297024905514	EAST_ASIA
HGDP00964	[0.06, 0.1)	10310	141	10451	0.986508468089178	EAST_ASIA
HGDP00964	[0.1, 0.18)	12576	322	12898	0.9750348891300977	EAST_ASIA
HGDP00964	[0.18, 0.3)	11222	446	11668	0.9617757970517655	EAST_ASIA
HGDP00964	[0.3, 0.51)	10487	565	11052	0.9488780311255881	EAST_ASIA
HGDP00976	[0.01, 0.03)	9204	95	9299	0.9897838477255619	EAST_ASIA
HGDP00976	[0.03, 0.06)	10159	160	10319	0.9844946215718577	EAST_ASIA
HGDP00976	[0.06, 0.1)	10277	174	10451	0.9833508755143049	EAST_ASIA
HGDP00976	[0.1, 0.18)	12655	243	12898	0.9811598697472477	EAST_ASIA
HGDP00976	[0.18, 0.3)	11279	389	11668	0.966660953033939	EAST_ASIA
HGDP00976	[0.3, 0.51)	10619	433	11052	0.9608215707564242	EAST_ASIA
HGDP00984	[0.01, 0.03)	9032	267	9299	0.9712872351865792	AFRICA
HGDP00984	[0.03, 0.06)	9772	547	10319	0.9469909874987886	AFRICA
HGDP00984	[0.06, 0.1)	9699	752	10451	0.928045163142283	AFRICA
HGDP00984	[0.1, 0.18)	11743	1155	12898	0.9104512327492634	AFRICA
HGDP00984	[0.18, 0.3)	10414	1254	11668	0.8925265683921838	AFRICA
HGDP00984	[0.3, 0.51)	9681	1371	11052	0.8759500542888164	AFRICA
HGDP00992	[0.01, 0.03)	8836	463	9299	0.9502096999677385	AFRICA
HGDP00992	[0.03, 0.06)	9490	829	10319	0.919662758019188	AFRICA
HGDP00992	[0.06, 0.1)	9413	1038	10451	0.9006793608267152	AFRICA
HGDP00992	[0.1, 0.18)	11384	1514	12898	0.8826174600713289	AFRICA
HGDP00992	[0.18, 0.3)	10191	1477	11668	0.8734144669180665	AFRICA
HGDP00992	[0.3, 0.51)	9284	1768	11052	0.8400289540354687	AFRICA
HGDP00993	[0.01, 0.03)	9157	142	9299	0.9847295408108399	AFRICA
HGDP00993	[0.03, 0.06)	9962	357	10319	0.9654036243822076	AFRICA
HGDP00993	[0.06, 0.1)	10074	377	10451	0.9639268969476605	AFRICA
HGDP00993	[0.1, 0.18)	12174	724	12898	0.9438672662428284	AFRICA
HGDP00993	[0.18, 0.3)	10912	756	11668	0.9352074048680151	AFRICA
HGDP00993	[0.3, 0.51)	10165	887	11052	0.9197430329352153	AFRICA
HGDP00994	[0.01, 0.03)	9153	146	9299	0.9842993870308635	AFRICA
HGDP00994	[0.03, 0.06)	10040	279	10319	0.9729624963659269	AFRICA
HGDP00994	[0.06, 0.1)	10163	288	10451	0.9724428284374701	AFRICA
HGDP00994	[0.1, 0.18)	12267	631	12898	0.9510776864630175	AFRICA
HGDP00994	[0.18, 0.3)	11177	491	11668	0.9579190949605759	AFRICA
HGDP00994	[0.3, 0.51)	10460	592	11052	0.9464350343829171	AFRICA
HGDP00995	[0.01, 0.03)	9216	83	9299	0.9910743090654909	AMERICA
HGDP00995	[0.03, 0.06)	10187	132	10319	0.9872080627967826	AMERICA
HGDP00995	[0.06, 0.1)	10307	144	10451	0.9862214142187351	AMERICA
HGDP00995	[0.1, 0.18)	12664	234	12898	0.9818576523492014	AMERICA
HGDP00995	[0.18, 0.3)	11366	302	11668	0.9741172437435721	AMERICA
HGDP00995	[0.3, 0.51)	10612	440	11052	0.9601882012305465	AMERICA
HGDP00999	[0.01, 0.03)	9206	93	9299	0.9899989246155501	AMERICA
HGDP00999	[0.03, 0.06)	10229	90	10319	0.9912782246341699	AMERICA
HGDP00999	[0.06, 0.1)	10286	165	10451	0.9842120371256339	AMERICA
HGDP00999	[0.1, 0.18)	12677	221	12898	0.9828655605520236	AMERICA
HGDP00999	[0.18, 0.3)	11375	293	11668	0.9748885841618101	AMERICA
HGDP00999	[0.3, 0.51)	10712	340	11052	0.9692363373145132	AMERICA
HGDP01014	[0.01, 0.03)	9226	73	9299	0.9921496935154318	AMERICA
HGDP01014	[0.03, 0.06)	10245	74	10319	0.9928287624769842	AMERICA
HGDP01014	[0.06, 0.1)	10284	167	10451	0.9840206678786719	AMERICA
HGDP01014	[0.1, 0.18)	12688	210	12898	0.9837184059544115	AMERICA
HGDP01014	[0.18, 0.3)	11377	291	11668	0.9750599931436408	AMERICA
HGDP01014	[0.3, 0.51)	10656	396	11052	0.9641693811074918	AMERICA
HGDP01037	[0.01, 0.03)	9210	89	9299	0.9904290783955264	AMERICA
HGDP01037	[0.03, 0.06)	10225	94	10319	0.9908905901734664	AMERICA
HGDP01037	[0.06, 0.1)	10317	134	10451	0.9871782604535451	AMERICA
HGDP01037	[0.1, 0.18)	12642	256	12898	0.9801519615444255	AMERICA
HGDP01037	[0.18, 0.3)	11372	296	11668	0.9746314706890641	AMERICA
HGDP01037	[0.3, 0.51)	10584	468	11052	0.9576547231270358	AMERICA
HGDP01057	[0.01, 0.03)	9211	88	9299	0.9905366168405205	AMERICA
HGDP01057	[0.03, 0.06)	10228	91	10319	0.9911813160189941	AMERICA
HGDP01057	[0.06, 0.1)	10346	105	10451	0.9899531145344943	AMERICA
HGDP01057	[0.1, 0.18)	12702	196	12898	0.9848038455574508	AMERICA
HGDP01057	[0.18, 0.3)	11365	303	11668	0.9740315392526568	AMERICA
HGDP01057	[0.3, 0.51)	10514	538	11052	0.9513210278682591	AMERICA
HGDP01062	[0.01, 0.03)	9135	164	9299	0.98236369502097	EUROPE
HGDP01062	[0.03, 0.06)	10188	131	10319	0.9873049714119585	EUROPE
HGDP01062	[0.06, 0.1)	10292	159	10451	0.9847861448665199	EUROPE
HGDP01062	[0.1, 0.18)	12638	260	12898	0.9798418359435571	EUROPE
HGDP01062	[0.18, 0.3)	11288	380	11668	0.9674322934521769	EUROPE
HGDP01062	[0.3, 0.51)	10454	598	11052	0.9458921462178791	EUROPE
HGDP01071	[0.01, 0.03)	9138	161	9299	0.9826863103559522	EUROPE
HGDP01071	[0.03, 0.06)	10212	107	10319	0.9896307781761798	EUROPE
HGDP01071	[0.06, 0.1)	10299	152	10451	0.985455937230887	EUROPE
HGDP01071	[0.1, 0.18)	12569	329	12898	0.9744921693285781	EUROPE
HGDP01071	[0.18, 0.3)	11285	383	11668	0.9671751799794309	EUROPE
HGDP01071	[0.3, 0.51)	10650	402	11052	0.9636264929424538	EUROPE
HGDP01086	[0.01, 0.03)	9016	283	9299	0.9695666200666738	AFRICA
HGDP01086	[0.03, 0.06)	9840	479	10319	0.9535807733307491	AFRICA
HGDP01086	[0.06, 0.1)	9744	707	10451	0.9323509711989283	AFRICA
HGDP01086	[0.1, 0.18)	11866	1032	12898	0.9199875949759653	AFRICA
HGDP01086	[0.18, 0.3)	10658	1010	11668	0.9134384641755228	AFRICA
HGDP01086	[0.3, 0.51)	9785	1267	11052	0.8853601158161418	AFRICA
HGDP01094	[0.01, 0.03)	9015	284	9299	0.9694590816216797	AFRICA
HGDP01094	[0.03, 0.06)	9855	464	10319	0.9550344025583875	AFRICA
HGDP01094	[0.06, 0.1)	9770	681	10451	0.9348387714094345	AFRICA
HGDP01094	[0.1, 0.18)	11948	950	12898	0.9263451697937665	AFRICA
HGDP01094	[0.18, 0.3)	10665	1003	11668	0.91403839561193	AFRICA
HGDP01094	[0.3, 0.51)	9660	1392	11052	0.8740499457111836	AFRICA
HGDP01096	[0.01, 0.03)	9223	76	9299	0.9918270781804495	EAST_ASIA
HGDP01096	[0.03, 0.06)	10164	155	10319	0.9849791646477372	EAST_ASIA
HGDP01096	[0.06, 0.1)	10235	216	10451	0.9793321213281025	EAST_ASIA
HGDP01096	[0.1, 0.18)	12569	329	12898	0.9744921693285781	EAST_ASIA
HGDP01096	[0.18, 0.3)	11254	414	11668	0.9645183407610559	EAST_ASIA
HGDP01096	[0.3, 0.51)	10534	518	11052	0.9531306550850525	EAST_ASIA
HGDP01099	[0.01, 0.03)	9195	104	9299	0.9888160017206151	EAST_ASIA
HGDP01099	[0.03, 0.06)	10190	129	10319	0.9874987886423103	EAST_ASIA
HGDP01099	[0.06, 0.1)	10288	163	10451	0.9844034063725959	EAST_ASIA
HGDP01099	[0.1, 0.18)	12657	241	12898	0.9813149325476818	EAST_ASIA
HGDP01099	[0.18, 0.3)	11212	456	11668	0.9609187521426122	EAST_ASIA
HGDP01099	[0.3, 0.51)	10441	611	11052	0.9447158885269634	EAST_ASIA
HGDP01103	[0.01, 0.03)	9199	100	9299	0.9892461555005915	EAST_ASIA
HGDP01103	[0.03, 0.06)	10196	123	10319	0.9880802403333656	EAST_ASIA
HGDP01103	[0.06, 0.1)	10252	199	10451	0.9809587599272797	EAST_ASIA
HGDP01103	[0.1, 0.18)	12630	268	12898	0.9792215847418204	EAST_ASIA
HGDP01103	[0.18, 0.3)	11249	419	11668	0.9640898183064792	EAST_ASIA
HGDP01103	[0.3, 0.51)	10510	542	11052	0.9509591024249004	EAST_ASIA
HGDP01149	[0.01, 0.03)	9166	133	9299	0.9856973868157867	EUROPE
HGDP01149	[0.03, 0.06)	10165	154	10319	0.985076073262913	EUROPE
HGDP01149	[0.06, 0.1)	10314	137	10451	0.9868912065831021	EUROPE
HGDP01149	[0.1, 0.18)	12694	204	12898	0.984183594355714	EUROPE
HGDP01149	[0.18, 0.3)	11329	339	11668	0.9709461775797051	EUROPE
HGDP01149	[0.3, 0.51)	10647	405	11052	0.9633550488599348	EUROPE
HGDP01161	[0.01, 0.03)	9133	166	9299	0.9821486181309819	EUROPE
HGDP01161	[0.03, 0.06)	10204	115	10319	0.9888555092547727	EUROPE
HGDP01161	[0.06, 0.1)	10293	158	10451	0.9848818294900009	EUROPE
HGDP01161	[0.1, 0.18)	12652	246	12898	0.9809272755465964	EUROPE
HGDP01161	[0.18, 0.3)	11303	365	11668	0.9687178608159067	EUROPE
HGDP01161	[0.3, 0.51)	10596	456	11052	0.9587404994571118	EUROPE
HGDP01162	[0.01, 0.03)	9170	129	9299	0.986127540595763	EUROPE
HGDP01162	[0.03, 0.06)	10191	128	10319	0.9875956972574862	EUROPE
HGDP01162	[0.06, 0.1)	10300	151	10451	0.985551621854368	EUROPE
HGDP01162	[0.1, 0.18)	12601	297	12898	0.9769731741355249	EUROPE
HGDP01162	[0.18, 0.3)	11344	324	11668	0.972231744943435	EUROPE
HGDP01162	[0.3, 0.51)	10571	481	11052	0.9564784654361201	EUROPE
HGDP01169	[0.01, 0.03)	9147	152	9299	0.983654156360899	EUROPE
HGDP01169	[0.03, 0.06)	10187	132	10319	0.9872080627967826	EUROPE
HGDP01169	[0.06, 0.1)	10322	129	10451	0.9876566835709502	EUROPE
HGDP01169	[0.1, 0.18)	12693	205	12898	0.984106062955497	EUROPE
HGDP01169	[0.18, 0.3)	11317	351	11668	0.9699177236887213	EUROPE
HGDP01169	[0.3, 0.51)	10581	471	11052	0.9573832790445168	EUROPE
HGDP01171	[0.01, 0.03)	9125	174	9299	0.9812883105710292	EUROPE
HGDP01171	[0.03, 0.06)	10201	118	10319	0.988564783409245	EUROPE
HGDP01171	[0.06, 0.1)	10301	150	10451	0.985647306477849	EUROPE
HGDP01171	[0.1, 0.18)	12694	204	12898	0.984183594355714	EUROPE
HGDP01171	[0.18, 0.3)	11405	263	11668	0.9774597188892697	EUROPE
HGDP01171	[0.3, 0.51)	10680	372	11052	0.9663409337676439	EUROPE
HGDP01180	[0.01, 0.03)	9200	99	9299	0.9893536939455856	EAST_ASIA
HGDP01180	[0.03, 0.06)	10162	157	10319	0.9847853474173854	EAST_ASIA
HGDP01180	[0.06, 0.1)	10299	152	10451	0.985455937230887	EAST_ASIA
HGDP01180	[0.1, 0.18)	12609	289	12898	0.9775934253372616	EAST_ASIA
HGDP01180	[0.18, 0.3)	11329	339	11668	0.9709461775797051	EAST_ASIA
HGDP01180	[0.3, 0.51)	10612	440	11052	0.9601882012305465	EAST_ASIA
HGDP01181	[0.01, 0.03)	9205	94	9299	0.9898913861705559	EAST_ASIA
HGDP01181	[0.03, 0.06)	10148	171	10319	0.9834286268049229	EAST_ASIA
HGDP01181	[0.06, 0.1)	10288	163	10451	0.9844034063725959	EAST_ASIA
HGDP01181	[0.1, 0.18)	12551	347	12898	0.9730966041246705	EAST_ASIA
HGDP01181	[0.18, 0.3)	11184	484	11668	0.9585190263969832	EAST_ASIA
HGDP01181	[0.3, 0.51)	10405	647	11052	0.9414585595367354	EAST_ASIA
HGDP01185	[0.01, 0.03)	9213	86	9299	0.9907516937305086	EAST_ASIA
HGDP01185	[0.03, 0.06)	10124	195	10319	0.9811028200407016	EAST_ASIA
HGDP01185	[0.06, 0.1)	10299	152	10451	0.985455937230887	EAST_ASIA
HGDP01185	[0.1, 0.18)	12585	313	12898	0.9757326717320515	EAST_ASIA
HGDP01185	[0.18, 0.3)	11306	362	11668	0.9689749742886528	EAST_ASIA
HGDP01185	[0.3, 0.51)	10536	516	11052	0.9533116178067318	EAST_ASIA
HGDP01189	[0.01, 0.03)	9207	92	9299	0.9901064630605442	EAST_ASIA
HGDP01189	[0.03, 0.06)	10187	132	10319	0.9872080627967826	EAST_ASIA
HGDP01189	[0.06, 0.1)	10273	178	10451	0.9829681370203808	EAST_ASIA
HGDP01189	[0.1, 0.18)	12649	249	12898	0.9806946813459451	EAST_ASIA
HGDP01189	[0.18, 0.3)	11284	384	11668	0.9670894754885156	EAST_ASIA
HGDP01189	[0.3, 0.51)	10486	566	11052	0.9487875497647484	EAST_ASIA
HGDP01190	[0.01, 0.03)	9193	106	9299	0.988600924830627	EAST_ASIA
HGDP01190	[0.03, 0.06)	10196	123	10319	0.9880802403333656	EAST_ASIA
HGDP01190	[0.06, 0.1)	10305	146	10451	0.986030044971773	EAST_ASIA
HGDP01190	[0.1, 0.18)	12658	240	12898	0.9813924639478989	EAST_ASIA
HGDP01190	[0.18, 0.3)	11274	394	11668	0.9662324305793624	EAST_ASIA
HGDP01190	[0.3, 0.51)	10610	442	11052	0.9600072385088672	EAST_ASIA
HGDP01195	[0.01, 0.03)	9213	86	9299	0.9907516937305086	EAST_ASIA
HGDP01195	[0.03, 0.06)	10222	97	10319	0.9905998643279388	EAST_ASIA
HGDP01195	[0.06, 0.1)	10280	171	10451	0.9836379293847479	EAST_ASIA
HGDP01195	[0.1, 0.18)	12582	316	12898	0.9755000775314002	EAST_ASIA
HGDP01195	[0.18, 0.3)	11303	365	11668	0.9687178608159067	EAST_ASIA
HGDP01195	[0.3, 0.51)	10550	502	11052	0.9545783568584871	EAST_ASIA
HGDP01202	[0.01, 0.03)	9184	115	9299	0.9876330788256802	AFRICA
HGDP01202	[0.03, 0.06)	10118	201	10319	0.9805213683496463	AFRICA
HGDP01202	[0.06, 0.1)	10189	262	10451	0.9749306286479763	AFRICA
HGDP01202	[0.1, 0.18)	12446	452	12898	0.9649558071018762	AFRICA
HGDP01202	[0.18, 0.3)	11192	476	11668	0.9592046623243058	AFRICA
HGDP01202	[0.3, 0.51)	10420	632	11052	0.9428157799493304	AFRICA
HGDP01204	[0.01, 0.03)	9193	106	9299	0.988600924830627	EAST_ASIA
HGDP01204	[0.03, 0.06)	10163	156	10319	0.9848822560325613	EAST_ASIA
HGDP01204	[0.06, 0.1)	10337	114	10451	0.9890919529231652	EAST_ASIA
HGDP01204	[0.1, 0.18)	12653	245	12898	0.9810048069468135	EAST_ASIA
HGDP01204	[0.18, 0.3)	11308	360	11668	0.9691463832704834	EAST_ASIA
HGDP01204	[0.3, 0.51)	10514	538	11052	0.9513210278682591	EAST_ASIA
HGDP01205	[0.01, 0.03)	9187	112	9299	0.9879556941606624	EAST_ASIA
HGDP01205	[0.03, 0.06)	10205	114	10319	0.9889524178699486	EAST_ASIA
HGDP01205	[0.06, 0.1)	10297	154	10451	0.985264567983925	EAST_ASIA
HGDP01205	[0.1, 0.18)	12654	244	12898	0.9810823383470305	EAST_ASIA
HGDP01205	[0.18, 0.3)	11296	372	11668	0.9681179293794995	EAST_ASIA
HGDP01205	[0.3, 0.51)	10490	562	11052	0.9491494752081071	EAST_ASIA
HGDP01212	[0.01, 0.03)	9190	109	9299	0.9882783094956447	EAST_ASIA
HGDP01212	[0.03, 0.06)	10183	136	10319	0.9868204283360791	EAST_ASIA
HGDP01212	[0.06, 0.1)	10297	154	10451	0.985264567983925	EAST_ASIA
HGDP01212	[0.1, 0.18)	12668	230	12898	0.9821677779500698	EAST_ASIA
HGDP01212	[0.18, 0.3)	11331	337	11668	0.9711175865615358	EAST_ASIA
HGDP01212	[0.3, 0.51)	10496	556	11052	0.9496923633731451	EAST_ASIA
HGDP01213	[0.01, 0.03)	9204	95	9299	0.9897838477255619	EAST_ASIA
HGDP01213	[0.03, 0.06)	10100	219	10319	0.9787770132764803	EAST_ASIA
HGDP01213	[0.06, 0.1)	10262	189	10451	0.9819156061620897	EAST_ASIA
HGDP01213	[0.1, 0.18)	12656	242	12898	0.9812374011474647	EAST_ASIA
HGDP01213	[0.18, 0.3)	11239	429	11668	0.963232773397326	EAST_ASIA
HGDP01213	[0.3, 0.51)	10498	554	11052	0.9498733260948244	EAST_ASIA
HGDP01214	[0.01, 0.03)	9199	100	9299	0.9892461555005915	EAST_ASIA
HGDP01214	[0.03, 0.06)	10169	150	10319	0.9854637077236166	EAST_ASIA
HGDP01214	[0.06, 0.1)	10254	197	10451	0.9811501291742417	EAST_ASIA
HGDP01214	[0.1, 0.18)	12554	344	12898	0.9733291983253217	EAST_ASIA
HGDP01214	[0.18, 0.3)	11243	425	11668	0.9635755913609874	EAST_ASIA
HGDP01214	[0.3, 0.51)	10503	549	11052	0.9503257328990228	EAST_ASIA
HGDP01220	[0.01, 0.03)	9166	133	9299	0.9856973868157867	EAST_ASIA
HGDP01220	[0.03, 0.06)	10148	171	10319	0.9834286268049229	EAST_ASIA
HGDP01220	[0.06, 0.1)	10244	207	10451	0.9801932829394316	EAST_ASIA
HGDP01220	[0.1, 0.18)	12590	308	12898	0.9761203287331369	EAST_ASIA
HGDP01220	[0.18, 0.3)	11246	422	11668	0.9638327048337333	EAST_ASIA
HGDP01220	[0.3, 0.51)	10562	490	11052	0.9556641331885631	EAST_ASIA
HGDP01222	[0.01, 0.03)	9184	115	9299	0.9876330788256802	EAST_ASIA
HGDP01222	[0.03, 0.06)	10205	114	10319	0.9889524178699486	EAST_ASIA
HGDP01222	[0.06, 0.1)	10274	177	10451	0.9830638216438619	EAST_ASIA
HGDP01222	[0.1, 0.18)	12610	288	12898	0.9776709567374787	EAST_ASIA
HGDP01222	[0.18, 0.3)	11295	373	11668	0.9680322248885842	EAST_ASIA
HGDP01222	[0.3, 0.51)	10536	516	11052	0.9533116178067318	EAST_ASIA
HGDP01224	[0.01, 0.03)	9183	116	9299	0.9875255403806861	EAST_ASIA
HGDP01224	[0.03, 0.06)	10216	103	10319	0.9900184126368834	EAST_ASIA
HGDP01224	[0.06, 0.1)	10309	142	10451	0.986412783465697	EAST_ASIA
HGDP01224	[0.1, 0.18)	12635	263	12898	0.9796092417429059	EAST_ASIA
HGDP01224	[0.18, 0.3)	11259	409	11668	0.9649468632156325	EAST_ASIA
HGDP01224	[0.3, 0.51)	10486	566	11052	0.9487875497647484	EAST_ASIA
HGDP01225	[0.01, 0.03)	9208	91	9299	0.9902140015055382	EAST_ASIA
HGDP01225	[0.03, 0.06)	10196	123	10319	0.9880802403333656	EAST_ASIA
HGDP01225	[0.06, 0.1)	10327	124	10451	0.9881351066883551	EAST_ASIA
HGDP01225	[0.1, 0.18)	12671	227	12898	0.9824003721507211	EAST_ASIA
HGDP01225	[0.18, 0.3)	11279	389	11668	0.966660953033939	EAST_ASIA
HGDP01225	[0.3, 0.51)	10533	519	11052	0.9530401737242128	EAST_ASIA
HGDP01231	[0.01, 0.03)	9199	100	9299	0.9892461555005915	EAST_ASIA
HGDP01231	[0.03, 0.06)	10194	125	10319	0.9878864231030139	EAST_ASIA
HGDP01231	[0.06, 0.1)	10297	154	10451	0.985264567983925	EAST_ASIA
HGDP01231	[0.1, 0.18)	12608	290	12898	0.9775158939370445	EAST_ASIA
HGDP01231	[0.18, 0.3)	11265	403	11668	0.9654610901611245	EAST_ASIA
HGDP01231	[0.3, 0.51)	10510	542	11052	0.9509591024249004	EAST_ASIA
HGDP01233	[0.01, 0.03)	9196	103	9299	0.9889235401656092	EAST_ASIA
HGDP01233	[0.03, 0.06)	10203	116	10319	0.9887586006395969	EAST_ASIA
HGDP01233	[0.06, 0.1)	10309	142	10451	0.986412783465697	EAST_ASIA
HGDP01233	[0.1, 0.18)	12638	260	12898	0.9798418359435571	EAST_ASIA
HGDP01233	[0.18, 0.3)	11271	397	11668	0.9659753171066164	EAST_ASIA
HGDP01233	[0.3, 0.51)	10578	474	11052	0.9571118349619978	EAST_ASIA
HGDP01234	[0.01, 0.03)	9214	85	9299	0.9908592321755028	EAST_ASIA
HGDP01234	[0.03, 0.06)	10198	121	10319	0.9882740575637174	EAST_ASIA
HGDP01234	[0.06, 0.1)	10300	151	10451	0.985551621854368	EAST_ASIA
HGDP01234	[0.1, 0.18)	12571	327	12898	0.9746472321290123	EAST_ASIA
HGDP01234	[0.18, 0.3)	11279	389	11668	0.966660953033939	EAST_ASIA
HGDP01234	[0.3, 0.51)	10490	562	11052	0.9491494752081071	EAST_ASIA
HGDP01239	[0.01, 0.03)	9208	91	9299	0.9902140015055382	EAST_ASIA
HGDP01239	[0.03, 0.06)	10170	149	10319	0.9855606163387926	EAST_ASIA
HGDP01239	[0.06, 0.1)	10262	189	10451	0.9819156061620897	EAST_ASIA
HGDP01239	[0.1, 0.18)	12617	281	12898	0.9782136765389983	EAST_ASIA
HGDP01239	[0.18, 0.3)	11277	391	11668	0.9664895440521083	EAST_ASIA
HGDP01239	[0.3, 0.51)	10316	736	11052	0.933405718422005	EAST_ASIA
HGDP01243	[0.01, 0.03)	9196	103	9299	0.9889235401656092	EAST_ASIA
HGDP01243	[0.03, 0.06)	10175	144	10319	0.986045159414672	EAST_ASIA
HGDP01243	[0.06, 0.1)	10154	297	10451	0.971581666826141	EAST_ASIA
HGDP01243	[0.1, 0.18)	12588	310	12898	0.9759652659327027	EAST_ASIA
HGDP01243	[0.18, 0.3)	11280	388	11668	0.9667466575248543	EAST_ASIA
HGDP01243	[0.3, 0.51)	10561	491	11052	0.9555736518277235	EAST_ASIA
HGDP01244	[0.01, 0.03)	9192	107	9299	0.9884933863856329	EAST_ASIA
HGDP01244	[0.03, 0.06)	10176	143	10319	0.9861420680298478	EAST_ASIA
HGDP01244	[0.06, 0.1)	10270	181	10451	0.9826810831499379	EAST_ASIA
HGDP01244	[0.1, 0.18)	12698	200	12898	0.9844937199565824	EAST_ASIA
HGDP01244	[0.18, 0.3)	11309	359	11668	0.9692320877613987	EAST_ASIA
HGDP01244	[0.3, 0.51)	10465	587	11052	0.9468874411871154	EAST_ASIA
HGDP01249	[0.01, 0.03)	9193	106	9299	0.988600924830627	EAST_ASIA
HGDP01249	[0.03, 0.06)	10199	120	10319	0.9883709661788933	EAST_ASIA
HGDP01249	[0.06, 0.1)	10254	197	10451	0.9811501291742417	EAST_ASIA
HGDP01249	[0.1, 0.18)	12519	379	12898	0.9706155993177237	EAST_ASIA
HGDP01249	[0.18, 0.3)	11218	450	11668	0.9614329790881042	EAST_ASIA
HGDP01249	[0.3, 0.51)	10580	472	11052	0.9572927976836771	EAST_ASIA
HGDP01254	[0.01, 0.03)	9132	167	9299	0.9820410796859878	MIDDLE_EAST
HGDP01254	[0.03, 0.06)	10140	179	10319	0.9826533578835158	MIDDLE_EAST
HGDP01254	[0.06, 0.1)	10257	194	10451	0.9814371830446847	MIDDLE_EAST
HGDP01254	[0.1, 0.18)	12584	314	12898	0.9756551403318344	MIDDLE_EAST
HGDP01254	[0.18, 0.3)	11271	397	11668	0.9659753171066164	MIDDLE_EAST
HGDP01254	[0.3, 0.51)	10518	534	11052	0.9516829533116178	MIDDLE_EAST
HGDP01262	[0.01, 0.03)	9116	183	9299	0.9803204645660824	MIDDLE_EAST
HGDP01262	[0.03, 0.06)	10159	160	10319	0.9844946215718577	MIDDLE_EAST
HGDP01262	[0.06, 0.1)	10271	180	10451	0.9827767677734188	MIDDLE_EAST
HGDP01262	[0.1, 0.18)	12597	301	12898	0.9766630485346566	MIDDLE_EAST
HGDP01262	[0.18, 0.3)	11244	424	11668	0.9636612958519026	MIDDLE_EAST
HGDP01262	[0.3, 0.51)	10585	467	11052	0.9577452044878755	MIDDLE_EAST
HGDP01272	[0.01, 0.03)	9167	132	9299	0.9858049252607808	MIDDLE_EAST
HGDP01272	[0.03, 0.06)	10164	155	10319	0.9849791646477372	MIDDLE_EAST
HGDP01272	[0.06, 0.1)	10252	199	10451	0.9809587599272797	MIDDLE_EAST
HGDP01272	[0.1, 0.18)	12585	313	12898	0.9757326717320515	MIDDLE_EAST
HGDP01272	[0.18, 0.3)	11286	382	11668	0.9672608844703462	MIDDLE_EAST
HGDP01272	[0.3, 0.51)	10565	487	11052	0.9559355772710821	MIDDLE_EAST
HGDP01285	[0.01, 0.03)	9179	120	9299	0.9870953866007097	AFRICA
HGDP01285	[0.03, 0.06)	10065	254	10319	0.9753852117453241	AFRICA
HGDP01285	[0.06, 0.1)	10230	221	10451	0.9788536982106976	AFRICA
HGDP01285	[0.1, 0.18)	12472	426	12898	0.9669716235075205	AFRICA
HGDP01285	[0.18, 0.3)	11194	474	11668	0.9593760713061364	AFRICA
HGDP01285	[0.3, 0.51)	10533	519	11052	0.9530401737242128	AFRICA
HGDP01287	[0.01, 0.03)	9206	93	9299	0.9899989246155501	EAST_ASIA
HGDP01287	[0.03, 0.06)	10189	130	10319	0.9874018800271344	EAST_ASIA
HGDP01287	[0.06, 0.1)	10285	166	10451	0.9841163525021529	EAST_ASIA
HGDP01287	[0.1, 0.18)	12565	333	12898	0.9741820437277097	EAST_ASIA
HGDP01287	[0.18, 0.3)	11274	394	11668	0.9662324305793624	EAST_ASIA
HGDP01287	[0.3, 0.51)	10511	541	11052	0.9510495837857401	EAST_ASIA
HGDP01288	[0.01, 0.03)	9212	87	9299	0.9906441552855145	EAST_ASIA
HGDP01288	[0.03, 0.06)	10212	107	10319	0.9896307781761798	EAST_ASIA
HGDP01288	[0.06, 0.1)	10275	176	10451	0.9831595062673428	EAST_ASIA
HGDP01288	[0.1, 0.18)	12591	307	12898	0.976197860133354	EAST_ASIA
HGDP01288	[0.18, 0.3)	11298	370	11668	0.9682893383613301	EAST_ASIA
HGDP01288	[0.3, 0.51)	10662	390	11052	0.9647122692725298	EAST_ASIA
HGDP01292	[0.01, 0.03)	9223	76	9299	0.9918270781804495	EAST_ASIA
HGDP01292	[0.03, 0.06)	10136	183	10319	0.9822657234228123	EAST_ASIA
HGDP01292	[0.06, 0.1)	10199	252	10451	0.9758874748827864	EAST_ASIA
HGDP01292	[0.1, 0.18)	12611	287	12898	0.9777484881376958	EAST_ASIA
HGDP01292	[0.18, 0.3)	11298	370	11668	0.9682893383613301	EAST_ASIA
HGDP01292	[0.3, 0.51)	10412	640	11052	0.9420919290626131	EAST_ASIA
HGDP01295	[0.01, 0.03)	9203	96	9299	0.9896763092805678	EAST_ASIA
HGDP01295	[0.03, 0.06)	10200	119	10319	0.9884678747940692	EAST_ASIA
HGDP01295	[0.06, 0.1)	10247	204	10451	0.9804803368098747	EAST_ASIA
HGDP01295	[0.1, 0.18)	12567	331	12898	0.9743371065281439	EAST_ASIA
HGDP01295	[0.18, 0.3)	11296	372	11668	0.9681179293794995	EAST_ASIA
HGDP01295	[0.3, 0.51)	10618	434	11052	0.9607310893955845	EAST_ASIA
HGDP01299	[0.01, 0.03)	9144	155	9299	0.9833315410259168	CENTRAL_SOUTH_ASIA
HGDP01299	[0.03, 0.06)	10156	163	10319	0.98420389572633	CENTRAL_SOUTH_ASIA
HGDP01299	[0.06, 0.1)	10319	132	10451	0.9873696297005071	CENTRAL_SOUTH_ASIA
HGDP01299	[0.1, 0.18)	12648	250	12898	0.980617149945728	CENTRAL_SOUTH_ASIA
HGDP01299	[0.18, 0.3)	11245	423	11668	0.963747000342818	CENTRAL_SOUTH_ASIA
HGDP01299	[0.3, 0.51)	10583	469	11052	0.9575642417661961	CENTRAL_SOUTH_ASIA
HGDP01301	[0.01, 0.03)	9146	153	9299	0.9835466179159049	CENTRAL_SOUTH_ASIA
HGDP01301	[0.03, 0.06)	10132	187	10319	0.9818780889621087	CENTRAL_SOUTH_ASIA
HGDP01301	[0.06, 0.1)	10223	228	10451	0.9781839058463305	CENTRAL_SOUTH_ASIA
HGDP01301	[0.1, 0.18)	12571	327	12898	0.9746472321290123	CENTRAL_SOUTH_ASIA
HGDP01301	[0.18, 0.3)	11334	334	11668	0.9713747000342818	CENTRAL_SOUTH_ASIA
HGDP01301	[0.3, 0.51)	10554	498	11052	0.9549402823018458	CENTRAL_SOUTH_ASIA
HGDP01302	[0.01, 0.03)	9191	108	9299	0.9883858479406388	CENTRAL_SOUTH_ASIA
HGDP01302	[0.03, 0.06)	10175	144	10319	0.986045159414672	CENTRAL_SOUTH_ASIA
HGDP01302	[0.06, 0.1)	10273	178	10451	0.9829681370203808	CENTRAL_SOUTH_ASIA
HGDP01302	[0.1, 0.18)	12597	301	12898	0.9766630485346566	CENTRAL_SOUTH_ASIA
HGDP01302	[0.18, 0.3)	11323	345	11668	0.9704319506342133	CENTRAL_SOUTH_ASIA
HGDP01302	[0.3, 0.51)	10626	426	11052	0.9614549402823018	CENTRAL_SOUTH_ASIA
HGDP01309	[0.01, 0.03)	9235	64	9299	0.9931175395203785	EAST_ASIA
HGDP01309	[0.03, 0.06)	10197	122	10319	0.9881771489485415	EAST_ASIA
HGDP01309	[0.06, 0.1)	10263	188	10451	0.9820112907855708	EAST_ASIA
HGDP01309	[0.1, 0.18)	12604	294	12898	0.9772057683361761	EAST_ASIA
HGDP01309	[0.18, 0.3)	11288	380	11668	0.9674322934521769	EAST_ASIA
HGDP01309	[0.3, 0.51)	10603	449	11052	0.9593738689829895	EAST_ASIA
HGDP01310	[0.01, 0.03)	9227	72	9299	0.9922572319604258	EAST_ASIA
HGDP01310	[0.03, 0.06)	10209	110	10319	0.9893400523306521	EAST_ASIA
HGDP01310	[0.06, 0.1)	10277	174	10451	0.9833508755143049	EAST_ASIA
HGDP01310	[0.1, 0.18)	12671	227	12898	0.9824003721507211	EAST_ASIA
HGDP01310	[0.18, 0.3)	11350	318	11668	0.972745971888927	EAST_ASIA
HGDP01310	[0.3, 0.51)	10526	526	11052	0.9524068041983351	EAST_ASIA
HGDP01317	[0.01, 0.03)	9220	79	9299	0.9915044628454672	EAST_ASIA
HGDP01317	[0.03, 0.06)	10201	118	10319	0.988564783409245	EAST_ASIA
HGDP01317	[0.06, 0.1)	10325	126	10451	0.9879437374413932	EAST_ASIA
HGDP01317	[0.1, 0.18)	12644	254	12898	0.9803070243448597	EAST_ASIA
HGDP01317	[0.18, 0.3)	11329	339	11668	0.9709461775797051	EAST_ASIA
HGDP01317	[0.3, 0.51)	10564	488	11052	0.9558450959102425	EAST_ASIA
HGDP01318	[0.01, 0.03)	9203	96	9299	0.9896763092805678	EAST_ASIA
HGDP01318	[0.03, 0.06)	10199	120	10319	0.9883709661788933	EAST_ASIA
HGDP01318	[0.06, 0.1)	10320	131	10451	0.9874653143239881	EAST_ASIA
HGDP01318	[0.1, 0.18)	12623	275	12898	0.9786788649403009	EAST_ASIA
HGDP01318	[0.18, 0.3)	11210	458	11668	0.9607473431607816	EAST_ASIA
HGDP01318	[0.3, 0.51)	10390	662	11052	0.9401013391241404	EAST_ASIA
HGDP01326	[0.01, 0.03)	9194	105	9299	0.988708463275621	EAST_ASIA
HGDP01326	[0.03, 0.06)	10163	156	10319	0.9848822560325613	EAST_ASIA
HGDP01326	[0.06, 0.1)	10232	219	10451	0.9790450674576595	EAST_ASIA
HGDP01326	[0.1, 0.18)	12589	309	12898	0.9760427973329199	EAST_ASIA
HGDP01326	[0.18, 0.3)	11296	372	11668	0.9681179293794995	EAST_ASIA
HGDP01326	[0.3, 0.51)	10617	435	11052	0.9606406080347448	EAST_ASIA
HGDP01327	[0.01, 0.03)	9200	99	9299	0.9893536939455856	EAST_ASIA
HGDP01327	[0.03, 0.06)	10171	148	10319	0.9856575249539684	EAST_ASIA
HGDP01327	[0.06, 0.1)	10239	212	10451	0.9797148598220266	EAST_ASIA
HGDP01327	[0.1, 0.18)	12595	303	12898	0.9765079857342224	EAST_ASIA
HGDP01327	[0.18, 0.3)	11254	414	11668	0.9645183407610559	EAST_ASIA
HGDP01327	[0.3, 0.51)	10480	572	11052	0.9482446615997104	EAST_ASIA
HGDP01328	[0.01, 0.03)	9207	92	9299	0.9901064630605442	EAST_ASIA
HGDP01328	[0.03, 0.06)	10211	108	10319	0.989533869561004	EAST_ASIA
HGDP01328	[0.06, 0.1)	10296	155	10451	0.985168883360444	EAST_ASIA
HGDP01328	[0.1, 0.18)	12639	259	12898	0.9799193673437743	EAST_ASIA
HGDP01328	[0.18, 0.3)	11289	379	11668	0.9675179979430922	EAST_ASIA
HGDP01328	[0.3, 0.51)	10491	561	11052	0.9492399565689468	EAST_ASIA
HGDP01332	[0.01, 0.03)	9180	119	9299	0.9872029250457038	EAST_ASIA
HGDP01332	[0.03, 0.06)	10216	103	10319	0.9900184126368834	EAST_ASIA
HGDP01332	[0.06, 0.1)	10254	197	10451	0.9811501291742417	EAST_ASIA
HGDP01332	[0.1, 0.18)	12587	311	12898	0.9758877345324857	EAST_ASIA
HGDP01332	[0.18, 0.3)	11281	387	11668	0.9668323620157696	EAST_ASIA
HGDP01332	[0.3, 0.51)	10461	591	11052	0.9465255157437568	EAST_ASIA
HGDP01337	[0.01, 0.03)	9183	116	9299	0.9875255403806861	EAST_ASIA
HGDP01337	[0.03, 0.06)	10183	136	10319	0.9868204283360791	EAST_ASIA
HGDP01337	[0.06, 0.1)	10274	177	10451	0.9830638216438619	EAST_ASIA
HGDP01337	[0.1, 0.18)	12639	259	12898	0.9799193673437743	EAST_ASIA
HGDP01337	[0.18, 0.3)	11275	393	11668	0.9663181350702776	EAST_ASIA
HGDP01337	[0.3, 0.51)	10505	547	11052	0.9505066956207021	EAST_ASIA
HGDP01339	[0.01, 0.03)	9209	90	9299	0.9903215399505323	EAST_ASIA
HGDP01339	[0.03, 0.06)	10216	103	10319	0.9900184126368834	EAST_ASIA
HGDP01339	[0.06, 0.1)	10303	148	10451	0.985838675724811	EAST_ASIA
HGDP01339	[0.1, 0.18)	12641	257	12898	0.9800744301442084	EAST_ASIA
HGDP01339	[0.18, 0.3)	11279	389	11668	0.966660953033939	EAST_ASIA
HGDP01339	[0.3, 0.51)	10546	506	11052	0.9542164314151285	EAST_ASIA
HGDP01346	[0.01, 0.03)	9182	117	9299	0.987418001935692	EAST_ASIA
HGDP01346	[0.03, 0.06)	10152	167	10319	0.9838162612656265	EAST_ASIA
HGDP01346	[0.06, 0.1)	10257	194	10451	0.9814371830446847	EAST_ASIA
HGDP01346	[0.1, 0.18)	12639	259	12898	0.9799193673437743	EAST_ASIA
HGDP01346	[0.18, 0.3)	11307	361	11668	0.969060678779568	EAST_ASIA
HGDP01346	[0.3, 0.51)	10491	561	11052	0.9492399565689468	EAST_ASIA
HGDP01347	[0.01, 0.03)	9193	106	9299	0.988600924830627	EAST_ASIA
HGDP01347	[0.03, 0.06)	10198	121	10319	0.9882740575637174	EAST_ASIA
HGDP01347	[0.06, 0.1)	10315	136	10451	0.9869868912065831	EAST_ASIA
HGDP01347	[0.1, 0.18)	12627	271	12898	0.9789889905411692	EAST_ASIA
HGDP01347	[0.18, 0.3)	11290	378	11668	0.9676037024340075	EAST_ASIA
HGDP01347	[0.3, 0.51)	10550	502	11052	0.9545783568584871	EAST_ASIA
HGDP01348	[0.01, 0.03)	9180	119	9299	0.9872029250457038	EAST_ASIA
HGDP01348	[0.03, 0.06)	10220	99	10319	0.990406047097587	EAST_ASIA
HGDP01348	[0.06, 0.1)	10224	227	10451	0.9782795904698115	EAST_ASIA
HGDP01348	[0.1, 0.18)	12568	330	12898	0.974414637928361	EAST_ASIA
HGDP01348	[0.18, 0.3)	11272	396	11668	0.9660610215975317	EAST_ASIA
HGDP01348	[0.3, 0.51)	10567	485	11052	0.9561165399927615	EAST_ASIA
HGDP01353	[0.01, 0.03)	9187	112	9299	0.9879556941606624	EAST_ASIA
HGDP01353	[0.03, 0.06)	10200	119	10319	0.9884678747940692	EAST_ASIA
HGDP01353	[0.06, 0.1)	10307	144	10451	0.9862214142187351	EAST_ASIA
HGDP01353	[0.1, 0.18)	12602	296	12898	0.977050705535742	EAST_ASIA
HGDP01353	[0.18, 0.3)	11271	397	11668	0.9659753171066164	EAST_ASIA
HGDP01353	[0.3, 0.51)	10501	551	11052	0.9501447701773434	EAST_ASIA
HGDP01357	[0.01, 0.03)	9195	104	9299	0.9888160017206151	EUROPE
HGDP01357	[0.03, 0.06)	10213	106	10319	0.9897276867913557	EUROPE
HGDP01357	[0.06, 0.1)	10319	132	10451	0.9873696297005071	EUROPE
HGDP01357	[0.1, 0.18)	12635	263	12898	0.9796092417429059	EUROPE
HGDP01357	[0.18, 0.3)	11392	276	11668	0.9763455605073705	EUROPE
HGDP01357	[0.3, 0.51)	10694	358	11052	0.9676076728193992	EUROPE
HGDP01358	[0.01, 0.03)	9222	77	9299	0.9917195397354555	EUROPE
HGDP01358	[0.03, 0.06)	10211	108	10319	0.989533869561004	EUROPE
HGDP01358	[0.06, 0.1)	10328	123	10451	0.9882307913118362	EUROPE
HGDP01358	[0.1, 0.18)	12595	303	12898	0.9765079857342224	EUROPE
HGDP01358	[0.18, 0.3)	11408	260	11668	0.9777168323620158	EUROPE
HGDP01358	[0.3, 0.51)	10754	298	11052	0.9730365544697792	EUROPE
HGDP01367	[0.01, 0.03)	9179	120	9299	0.9870953866007097	EUROPE
HGDP01367	[0.03, 0.06)	10225	94	10319	0.9908905901734664	EUROPE
HGDP01367	[0.06, 0.1)	10363	88	10451	0.9915797531336714	EUROPE
HGDP01367	[0.1, 0.18)	12717	181	12898	0.9859668165607071	EUROPE
HGDP01367	[0.18, 0.3)	11353	315	11668	0.9730030853616729	EUROPE
HGDP01367	[0.3, 0.51)	10654	398	11052	0.9639884183858125	EUROPE
HGDP01374	[0.01, 0.03)	9190	109	9299	0.9882783094956447	EUROPE
HGDP01374	[0.03, 0.06)	10230	89	10319	0.9913751332493459	EUROPE
HGDP01374	[0.06, 0.1)	10365	86	10451	0.9917711223806335	EUROPE
HGDP01374	[0.1, 0.18)	12713	185	12898	0.9856566909598388	EUROPE
HGDP01374	[0.18, 0.3)	11415	253	11668	0.978316763798423	EUROPE
HGDP01374	[0.3, 0.51)	10683	369	11052	0.9666123778501629	EUROPE
HGDP01382	[0.01, 0.03)	9110	189	9299	0.9796752338961179	EUROPE
HGDP01382	[0.03, 0.06)	10133	186	10319	0.9819749975772846	EUROPE
HGDP01382	[0.06, 0.1)	10264	187	10451	0.9821069754090518	EUROPE
HGDP01382	[0.1, 0.18)	12593	305	12898	0.9763529229337882	EUROPE
HGDP01382	[0.18, 0.3)	11294	374	11668	0.9679465203976688	EUROPE
HGDP01382	[0.3, 0.51)	10578	474	11052	0.9571118349619978	EUROPE
HGDP01383	[0.01, 0.03)	9137	162	9299	0.9825787719109582	EUROPE
HGDP01383	[0.03, 0.06)	10191	128	10319	0.9875956972574862	EUROPE
HGDP01383	[0.06, 0.1)	10266	185	10451	0.9822983446560137	EUROPE
HGDP01383	[0.1, 0.18)	12604	294	12898	0.9772057683361761	EUROPE
HGDP01383	[0.18, 0.3)	11301	367	11668	0.9685464518340761	EUROPE
HGDP01383	[0.3, 0.51)	10501	551	11052	0.9501447701773434	EUROPE
HGDP01387	[0.01, 0.03)	9143	156	9299	0.9832240025809227	EUROPE
HGDP01387	[0.03, 0.06)	10197	122	10319	0.9881771489485415	EUROPE
HGDP01387	[0.06, 0.1)	10288	163	10451	0.9844034063725959	EUROPE
HGDP01387	[0.1, 0.18)	12614	284	12898	0.977981082338347	EUROPE
HGDP01387	[0.18, 0.3)	11280	388	11668	0.9667466575248543	EUROPE
HGDP01387	[0.3, 0.51)	10413	639	11052	0.9421824104234527	EUROPE
HGDP01405	[0.01, 0.03)	9176	123	9299	0.9867727712657275	AFRICA
HGDP01405	[0.03, 0.06)	10102	217	10319	0.9789708305068321	AFRICA
HGDP01405	[0.06, 0.1)	10212	239	10451	0.9771313749880394	AFRICA
HGDP01405	[0.1, 0.18)	12432	466	12898	0.963870367498837	AFRICA
HGDP01405	[0.18, 0.3)	11225	443	11668	0.9620329105245115	AFRICA
HGDP01405	[0.3, 0.51)	10513	539	11052	0.9512305465074194	AFRICA
HGDP01415	[0.01, 0.03)	9168	131	9299	0.9859124637057748	AFRICA
HGDP01415	[0.03, 0.06)	10125	194	10319	0.9811997286558775	AFRICA
HGDP01415	[0.06, 0.1)	10104	347	10451	0.9667974356520908	AFRICA
HGDP01415	[0.1, 0.18)	12320	578	12898	0.9551868506745231	AFRICA
HGDP01415	[0.18, 0.3)	11115	553	11668	0.9526054165238258	AFRICA
HGDP01415	[0.3, 0.51)	10427	625	11052	0.9434491494752081	AFRICA
LP6005441-DNA_A01	[0.01, 0.03)	9106	193	9299	0.9792450801161415	EUROPE
LP6005441-DNA_A01	[0.03, 0.06)	10174	145	10319	0.9859482507994961	EUROPE
LP6005441-DNA_A01	[0.06, 0.1)	10306	145	10451	0.986125729595254	EUROPE
LP6005441-DNA_A01	[0.1, 0.18)	12623	275	12898	0.9786788649403009	EUROPE
LP6005441-DNA_A01	[0.18, 0.3)	11260	408	11668	0.9650325677065478	EUROPE
LP6005441-DNA_A01	[0.3, 0.51)	10579	473	11052	0.9572023163228375	EUROPE
LP6005441-DNA_A03	[0.01, 0.03)	9126	173	9299	0.9813958490160233	OCEANIA
LP6005441-DNA_A03	[0.03, 0.06)	10092	227	10319	0.9780017443550731	OCEANIA
LP6005441-DNA_A03	[0.06, 0.1)	10156	295	10451	0.9717730360731031	OCEANIA
LP6005441-DNA_A03	[0.1, 0.18)	12461	437	12898	0.9661187781051326	OCEANIA
LP6005441-DNA_A03	[0.18, 0.3)	11112	556	11668	0.9523483030510799	OCEANIA
LP6005441-DNA_A03	[0.3, 0.51)	10176	876	11052	0.9207383279044516	OCEANIA
LP6005441-DNA_A04	[0.01, 0.03)	9195	104	9299	0.9888160017206151	AMERICA
LP6005441-DNA_A04	[0.03, 0.06)	10217	102	10319	0.9901153212520593	AMERICA
LP6005441-DNA_A04	[0.06, 0.1)	10265	186	10451	0.9822026600325328	AMERICA
LP6005441-DNA_A04	[0.1, 0.18)	12684	214	12898	0.9834082803535432	AMERICA
LP6005441-DNA_A04	[0.18, 0.3)	11351	317	11668	0.9728316763798424	AMERICA
LP6005441-DNA_A04	[0.3, 0.51)	10677	375	11052	0.9660694896851248	AMERICA
LP6005441-DNA_A06	[0.01, 0.03)	9165	134	9299	0.9855898483707926	EUROPE
LP6005441-DNA_A06	[0.03, 0.06)	10201	118	10319	0.988564783409245	EUROPE
LP6005441-DNA_A06	[0.06, 0.1)	10317	134	10451	0.9871782604535451	EUROPE
LP6005441-DNA_A06	[0.1, 0.18)	12643	255	12898	0.9802294929446426	EUROPE
LP6005441-DNA_A06	[0.18, 0.3)	11318	350	11668	0.9700034281796366	EUROPE
LP6005441-DNA_A06	[0.3, 0.51)	10504	548	11052	0.9504162142598624	EUROPE
LP6005441-DNA_B02	[0.01, 0.03)	9113	186	9299	0.9799978492311001	AFRICA
LP6005441-DNA_B02	[0.03, 0.06)	10116	203	10319	0.9803275511192945	AFRICA
LP6005441-DNA_B02	[0.06, 0.1)	10221	230	10451	0.9779925365993685	AFRICA
LP6005441-DNA_B02	[0.1, 0.18)	12404	494	12898	0.9616994882927585	AFRICA
LP6005441-DNA_B02	[0.18, 0.3)	11158	510	11668	0.9562907096331847	AFRICA
LP6005441-DNA_B02	[0.3, 0.51)	10581	471	11052	0.9573832790445168	AFRICA
LP6005441-DNA_B03	[0.01, 0.03)	9155	144	9299	0.9845144639208517	OCEANIA
LP6005441-DNA_B03	[0.03, 0.06)	10058	261	10319	0.974706851439093	OCEANIA
LP6005441-DNA_B03	[0.06, 0.1)	10146	305	10451	0.970816189838293	OCEANIA
LP6005441-DNA_B03	[0.1, 0.18)	12473	425	12898	0.9670491549077377	OCEANIA
LP6005441-DNA_B03	[0.18, 0.3)	11107	561	11668	0.9519197805965033	OCEANIA
LP6005441-DNA_B03	[0.3, 0.51)	10174	878	11052	0.9205573651827723	OCEANIA
LP6005441-DNA_B06	[0.01, 0.03)	9129	170	9299	0.9817184643510055	EUROPE
LP6005441-DNA_B06	[0.03, 0.06)	10175	144	10319	0.986045159414672	EUROPE
LP6005441-DNA_B06	[0.06, 0.1)	10275	176	10451	0.9831595062673428	EUROPE
LP6005441-DNA_B06	[0.1, 0.18)	12592	306	12898	0.9762753915335711	EUROPE
LP6005441-DNA_B06	[0.18, 0.3)	11257	411	11668	0.9647754542338018	EUROPE
LP6005441-DNA_B06	[0.3, 0.51)	10481	571	11052	0.9483351429605501	EUROPE
LP6005441-DNA_B11	[0.01, 0.03)	8903	396	9299	0.9574147757823422	AFRICA
LP6005441-DNA_B11	[0.03, 0.06)	9477	842	10319	0.9184029460219013	AFRICA
LP6005441-DNA_B11	[0.06, 0.1)	9487	964	10451	0.9077600229643097	AFRICA
LP6005441-DNA_B11	[0.1, 0.18)	11498	1400	12898	0.8914560396960769	AFRICA
LP6005441-DNA_B11	[0.18, 0.3)	10117	1551	11668	0.8670723345903325	AFRICA
LP6005441-DNA_B11	[0.3, 0.51)	9271	1781	11052	0.8388526963445531	AFRICA
LP6005441-DNA_B12	[0.01, 0.03)	9217	82	9299	0.991181847510485	AMERICA
LP6005441-DNA_B12	[0.03, 0.06)	10213	106	10319	0.9897276867913557	AMERICA
LP6005441-DNA_B12	[0.06, 0.1)	10344	107	10451	0.9897617452875322	AMERICA
LP6005441-DNA_B12	[0.1, 0.18)	12725	173	12898	0.9865870677624438	AMERICA
LP6005441-DNA_B12	[0.18, 0.3)	11359	309	11668	0.9735173123071649	AMERICA
LP6005441-DNA_B12	[0.3, 0.51)	10627	425	11052	0.9615454216431415	AMERICA
LP6005441-DNA_C05	[0.01, 0.03)	9161	138	9299	0.9851596945908162	EAST_ASIA
LP6005441-DNA_C05	[0.03, 0.06)	10134	185	10319	0.9820719061924605	EAST_ASIA
LP6005441-DNA_C05	[0.06, 0.1)	10290	161	10451	0.9845947756195579	EAST_ASIA
LP6005441-DNA_C05	[0.1, 0.18)	12637	261	12898	0.9797643045433401	EAST_ASIA
LP6005441-DNA_C05	[0.18, 0.3)	11223	445	11668	0.9618615015426808	EAST_ASIA
LP6005441-DNA_C05	[0.3, 0.51)	10578	474	11052	0.9571118349619978	EAST_ASIA
LP6005441-DNA_C08	[0.01, 0.03)	9203	96	9299	0.9896763092805678	EAST_ASIA
LP6005441-DNA_C08	[0.03, 0.06)	10176	143	10319	0.9861420680298478	EAST_ASIA
LP6005441-DNA_C08	[0.06, 0.1)	10270	181	10451	0.9826810831499379	EAST_ASIA
LP6005441-DNA_C08	[0.1, 0.18)	12586	312	12898	0.9758102031322685	EAST_ASIA
LP6005441-DNA_C08	[0.18, 0.3)	11200	468	11668	0.9598902982516284	EAST_ASIA
LP6005441-DNA_C08	[0.3, 0.51)	10517	535	11052	0.9515924719507781	EAST_ASIA
LP6005441-DNA_C09	[0.01, 0.03)	9157	142	9299	0.9847295408108399	EUROPE
LP6005441-DNA_C09	[0.03, 0.06)	10243	76	10319	0.9926349452466324	EUROPE
LP6005441-DNA_C09	[0.06, 0.1)	10316	135	10451	0.9870825758300641	EUROPE
LP6005441-DNA_C09	[0.1, 0.18)	12646	252	12898	0.9804620871452938	EUROPE
LP6005441-DNA_C09	[0.18, 0.3)	11397	271	11668	0.9767740829619472	EUROPE
LP6005441-DNA_C09	[0.3, 0.51)	10669	383	11052	0.9653456387984075	EUROPE
LP6005441-DNA_D11	[0.01, 0.03)	9132	167	9299	0.9820410796859878	EUROPE
LP6005441-DNA_D11	[0.03, 0.06)	10165	154	10319	0.985076073262913	EUROPE
LP6005441-DNA_D11	[0.06, 0.1)	10286	165	10451	0.9842120371256339	EUROPE
LP6005441-DNA_D11	[0.1, 0.18)	12659	239	12898	0.981469995348116	EUROPE
LP6005441-DNA_D11	[0.18, 0.3)	11253	415	11668	0.9644326362701405	EUROPE
LP6005441-DNA_D11	[0.3, 0.51)	10518	534	11052	0.9516829533116178	EUROPE
LP6005441-DNA_D12	[0.01, 0.03)	9190	109	9299	0.9882783094956447	EAST_ASIA
LP6005441-DNA_D12	[0.03, 0.06)	10205	114	10319	0.9889524178699486	EAST_ASIA
LP6005441-DNA_D12	[0.06, 0.1)	10310	141	10451	0.986508468089178	EAST_ASIA
LP6005441-DNA_D12	[0.1, 0.18)	12620	278	12898	0.9784462707396495	EAST_ASIA
LP6005441-DNA_D12	[0.18, 0.3)	11254	414	11668	0.9645183407610559	EAST_ASIA
LP6005441-DNA_D12	[0.3, 0.51)	10446	606	11052	0.9451682953311618	EAST_ASIA
LP6005441-DNA_E02	[0.01, 0.03)	9075	224	9299	0.9759113883213248	MIDDLE_EAST
LP6005441-DNA_E02	[0.03, 0.06)	10171	148	10319	0.9856575249539684	MIDDLE_EAST
LP6005441-DNA_E02	[0.06, 0.1)	10230	221	10451	0.9788536982106976	MIDDLE_EAST
LP6005441-DNA_E02	[0.1, 0.18)	12562	336	12898	0.9739494495270584	MIDDLE_EAST
LP6005441-DNA_E02	[0.18, 0.3)	11252	416	11668	0.9643469317792253	MIDDLE_EAST
LP6005441-DNA_E02	[0.3, 0.51)	10426	626	11052	0.9433586681143684	MIDDLE_EAST
LP6005441-DNA_E08	[0.01, 0.03)	9182	117	9299	0.987418001935692	EAST_ASIA
LP6005441-DNA_E08	[0.03, 0.06)	10177	142	10319	0.9862389766450237	EAST_ASIA
LP6005441-DNA_E08	[0.06, 0.1)	10255	196	10451	0.9812458137977227	EAST_ASIA
LP6005441-DNA_E08	[0.1, 0.18)	12549	349	12898	0.9729415413242363	EAST_ASIA
LP6005441-DNA_E08	[0.18, 0.3)	11244	424	11668	0.9636612958519026	EAST_ASIA
LP6005441-DNA_E08	[0.3, 0.51)	10600	452	11052	0.9591024249004705	EAST_ASIA
LP6005441-DNA_E10	[0.01, 0.03)	9227	72	9299	0.9922572319604258	AMERICA
LP6005441-DNA_E10	[0.03, 0.06)	10250	69	10319	0.9933133055528637	AMERICA
LP6005441-DNA_E10	[0.06, 0.1)	10349	102	10451	0.9902401684049373	AMERICA
LP6005441-DNA_E10	[0.1, 0.18)	12712	186	12898	0.9855791595596216	AMERICA
LP6005441-DNA_E10	[0.18, 0.3)	11296	372	11668	0.9681179293794995	AMERICA
LP6005441-DNA_E10	[0.3, 0.51)	10630	422	11052	0.9618168657256605	AMERICA
LP6005441-DNA_F09	[0.01, 0.03)	9186	113	9299	0.9878481557156683	EAST_ASIA
LP6005441-DNA_F09	[0.03, 0.06)	10172	147	10319	0.9857544335691443	EAST_ASIA
LP6005441-DNA_F09	[0.06, 0.1)	10251	200	10451	0.9808630753037987	EAST_ASIA
LP6005441-DNA_F09	[0.1, 0.18)	12535	363	12898	0.9718561017211971	EAST_ASIA
LP6005441-DNA_F09	[0.18, 0.3)	11279	389	11668	0.966660953033939	EAST_ASIA
LP6005441-DNA_F09	[0.3, 0.51)	10603	449	11052	0.9593738689829895	EAST_ASIA
LP6005441-DNA_F10	[0.01, 0.03)	9202	97	9299	0.9895687708355737	AMERICA
LP6005441-DNA_F10	[0.03, 0.06)	10240	79	10319	0.9923442194011047	AMERICA
LP6005441-DNA_F10	[0.06, 0.1)	10307	144	10451	0.9862214142187351	AMERICA
LP6005441-DNA_F10	[0.1, 0.18)	12648	250	12898	0.980617149945728	AMERICA
LP6005441-DNA_F10	[0.18, 0.3)	11377	291	11668	0.9750599931436408	AMERICA
LP6005441-DNA_F10	[0.3, 0.51)	10646	406	11052	0.9632645674990952	AMERICA
LP6005441-DNA_F12	[0.01, 0.03)	9209	90	9299	0.9903215399505323	EAST_ASIA
LP6005441-DNA_F12	[0.03, 0.06)	10194	125	10319	0.9878864231030139	EAST_ASIA
LP6005441-DNA_F12	[0.06, 0.1)	10282	169	10451	0.9838292986317099	EAST_ASIA
LP6005441-DNA_F12	[0.1, 0.18)	12635	263	12898	0.9796092417429059	EAST_ASIA
LP6005441-DNA_F12	[0.18, 0.3)	11210	458	11668	0.9607473431607816	EAST_ASIA
LP6005441-DNA_F12	[0.3, 0.51)	10527	525	11052	0.9524972855591748	EAST_ASIA
LP6005441-DNA_G03	[0.01, 0.03)	9199	100	9299	0.9892461555005915	EAST_ASIA
LP6005441-DNA_G03	[0.03, 0.06)	10134	185	10319	0.9820719061924605	EAST_ASIA
LP6005441-DNA_G03	[0.06, 0.1)	10157	294	10451	0.971868720696584	EAST_ASIA
LP6005441-DNA_G03	[0.1, 0.18)	12540	358	12898	0.9722437587222825	EAST_ASIA
LP6005441-DNA_G03	[0.18, 0.3)	11231	437	11668	0.9625471374700034	EAST_ASIA
LP6005441-DNA_G03	[0.3, 0.51)	10359	693	11052	0.9372964169381107	EAST_ASIA
LP6005441-DNA_G05	[0.01, 0.03)	9200	99	9299	0.9893536939455856	EAST_ASIA
LP6005441-DNA_G05	[0.03, 0.06)	10174	145	10319	0.9859482507994961	EAST_ASIA
LP6005441-DNA_G05	[0.06, 0.1)	10314	137	10451	0.9868912065831021	EAST_ASIA
LP6005441-DNA_G05	[0.1, 0.18)	12581	317	12898	0.9754225461311832	EAST_ASIA
LP6005441-DNA_G05	[0.18, 0.3)	11252	416	11668	0.9643469317792253	EAST_ASIA
LP6005441-DNA_G05	[0.3, 0.51)	10573	479	11052	0.9566594281577995	EAST_ASIA
LP6005441-DNA_G08	[0.01, 0.03)	9147	152	9299	0.983654156360899	MIDDLE_EAST
LP6005441-DNA_G08	[0.03, 0.06)	10162	157	10319	0.9847853474173854	MIDDLE_EAST
LP6005441-DNA_G08	[0.06, 0.1)	10234	217	10451	0.9792364367046216	MIDDLE_EAST
LP6005441-DNA_G08	[0.1, 0.18)	12487	411	12898	0.9681345945107769	MIDDLE_EAST
LP6005441-DNA_G08	[0.18, 0.3)	11226	442	11668	0.9621186150154268	MIDDLE_EAST
LP6005441-DNA_G08	[0.3, 0.51)	10626	426	11052	0.9614549402823018	MIDDLE_EAST
LP6005441-DNA_G10	[0.01, 0.03)	9122	177	9299	0.9809656952360469	EUROPE
LP6005441-DNA_G10	[0.03, 0.06)	10176	143	10319	0.9861420680298478	EUROPE
LP6005441-DNA_G10	[0.06, 0.1)	10285	166	10451	0.9841163525021529	EUROPE
LP6005441-DNA_G10	[0.1, 0.18)	12673	225	12898	0.9825554349511553	EUROPE
LP6005441-DNA_G10	[0.18, 0.3)	11276	392	11668	0.966403839561193	EUROPE
LP6005441-DNA_G10	[0.3, 0.51)	10590	462	11052	0.9581976112920738	EUROPE
LP6005441-DNA_H06	[0.01, 0.03)	9212	87	9299	0.9906441552855145	AMERICA
LP6005441-DNA_H06	[0.03, 0.06)	10214	105	10319	0.9898245954065317	AMERICA
LP6005441-DNA_H06	[0.06, 0.1)	10247	204	10451	0.9804803368098747	AMERICA
LP6005441-DNA_H06	[0.1, 0.18)	12668	230	12898	0.9821677779500698	AMERICA
LP6005441-DNA_H06	[0.18, 0.3)	11373	295	11668	0.9747171751799795	AMERICA
LP6005441-DNA_H06	[0.3, 0.51)	10601	451	11052	0.9591929062613102	AMERICA
LP6005441-DNA_H09	[0.01, 0.03)	9124	175	9299	0.981180772126035	MIDDLE_EAST
LP6005441-DNA_H09	[0.03, 0.06)	10146	173	10319	0.9832348095745712	MIDDLE_EAST
LP6005441-DNA_H09	[0.06, 0.1)	10245	206	10451	0.9802889675629126	MIDDLE_EAST
LP6005441-DNA_H09	[0.1, 0.18)	12541	357	12898	0.9723212901224996	MIDDLE_EAST
LP6005441-DNA_H09	[0.18, 0.3)	11292	376	11668	0.9677751114158382	MIDDLE_EAST
LP6005441-DNA_H09	[0.3, 0.51)	10575	477	11052	0.9568403908794788	MIDDLE_EAST
LP6005441-DNA_H12	[0.01, 0.03)	9130	169	9299	0.9818260027959995	EUROPE
LP6005441-DNA_H12	[0.03, 0.06)	10193	126	10319	0.9877895144878379	EUROPE
LP6005441-DNA_H12	[0.06, 0.1)	10294	157	10451	0.984977514113482	EUROPE
LP6005441-DNA_H12	[0.1, 0.18)	12596	302	12898	0.9765855171344394	EUROPE
LP6005441-DNA_H12	[0.18, 0.3)	11303	365	11668	0.9687178608159067	EUROPE
LP6005441-DNA_H12	[0.3, 0.51)	10457	595	11052	0.9461635903003981	EUROPE
LP6005442-DNA_B01	[0.01, 0.03)	9144	155	9299	0.9833315410259168	CENTRAL_SOUTH_ASIA
LP6005442-DNA_B01	[0.03, 0.06)	10202	117	10319	0.988661692024421	CENTRAL_SOUTH_ASIA
LP6005442-DNA_B01	[0.06, 0.1)	10251	200	10451	0.9808630753037987	CENTRAL_SOUTH_ASIA
LP6005442-DNA_B01	[0.1, 0.18)	12518	380	12898	0.9705380679175066	CENTRAL_SOUTH_ASIA
LP6005442-DNA_B01	[0.18, 0.3)	11290	378	11668	0.9676037024340075	CENTRAL_SOUTH_ASIA
LP6005442-DNA_B01	[0.3, 0.51)	10412	640	11052	0.9420919290626131	CENTRAL_SOUTH_ASIA
LP6005442-DNA_D01	[0.01, 0.03)	9189	110	9299	0.9881707710506507	EAST_ASIA
LP6005442-DNA_D01	[0.03, 0.06)	10204	115	10319	0.9888555092547727	EAST_ASIA
LP6005442-DNA_D01	[0.06, 0.1)	10282	169	10451	0.9838292986317099	EAST_ASIA
LP6005442-DNA_D01	[0.1, 0.18)	12595	303	12898	0.9765079857342224	EAST_ASIA
LP6005442-DNA_D01	[0.18, 0.3)	11201	467	11668	0.9599760027425437	EAST_ASIA
LP6005442-DNA_D01	[0.3, 0.51)	10530	522	11052	0.9527687296416938	EAST_ASIA
LP6005442-DNA_G01	[0.01, 0.03)	9154	145	9299	0.9844069254758576	EAST_ASIA
LP6005442-DNA_G01	[0.03, 0.06)	10204	115	10319	0.9888555092547727	EAST_ASIA
LP6005442-DNA_G01	[0.06, 0.1)	10264	187	10451	0.9821069754090518	EAST_ASIA
LP6005442-DNA_G01	[0.1, 0.18)	12626	272	12898	0.9789114591409521	EAST_ASIA
LP6005442-DNA_G01	[0.18, 0.3)	11226	442	11668	0.9621186150154268	EAST_ASIA
LP6005442-DNA_G01	[0.3, 0.51)	10498	554	11052	0.9498733260948244	EAST_ASIA
LP6005443-DNA_A01	[0.01, 0.03)	9168	131	9299	0.9859124637057748	AFRICA
LP6005443-DNA_A01	[0.03, 0.06)	10152	167	10319	0.9838162612656265	AFRICA
LP6005443-DNA_A01	[0.06, 0.1)	10215	236	10451	0.9774184288584824	AFRICA
LP6005443-DNA_A01	[0.1, 0.18)	12460	438	12898	0.9660412467049155	AFRICA
LP6005443-DNA_A01	[0.18, 0.3)	11182	486	11668	0.9583476174151525	AFRICA
LP6005443-DNA_A01	[0.3, 0.51)	10492	560	11052	0.9493304379297864	AFRICA
LP6005443-DNA_B01	[0.01, 0.03)	9203	96	9299	0.9896763092805678	EAST_ASIA
LP6005443-DNA_B01	[0.03, 0.06)	10216	103	10319	0.9900184126368834	EAST_ASIA
LP6005443-DNA_B01	[0.06, 0.1)	10327	124	10451	0.9881351066883551	EAST_ASIA
LP6005443-DNA_B01	[0.1, 0.18)	12640	258	12898	0.9799968987439913	EAST_ASIA
LP6005443-DNA_B01	[0.18, 0.3)	11309	359	11668	0.9692320877613987	EAST_ASIA
LP6005443-DNA_B01	[0.3, 0.51)	10489	563	11052	0.9490589938472674	EAST_ASIA
LP6005443-DNA_E01	[0.01, 0.03)	9209	90	9299	0.9903215399505323	EAST_ASIA
LP6005443-DNA_E01	[0.03, 0.06)	10211	108	10319	0.989533869561004	EAST_ASIA
LP6005443-DNA_E01	[0.06, 0.1)	10244	207	10451	0.9801932829394316	EAST_ASIA
LP6005443-DNA_E01	[0.1, 0.18)	12558	340	12898	0.9736393239261901	EAST_ASIA
LP6005443-DNA_E01	[0.18, 0.3)	11263	405	11668	0.9652896811792938	EAST_ASIA
LP6005443-DNA_E01	[0.3, 0.51)	10558	494	11052	0.9553022077452045	EAST_ASIA
LP6005443-DNA_E02	[0.01, 0.03)	9150	149	9299	0.9839767716958813	AFRICA
LP6005443-DNA_E02	[0.03, 0.06)	10091	228	10319	0.9779048357398973	AFRICA
LP6005443-DNA_E02	[0.06, 0.1)	10163	288	10451	0.9724428284374701	AFRICA
LP6005443-DNA_E02	[0.1, 0.18)	12393	505	12898	0.9608466428903706	AFRICA
LP6005443-DNA_E02	[0.18, 0.3)	11135	533	11668	0.9543195063421324	AFRICA
LP6005443-DNA_E02	[0.3, 0.51)	10374	678	11052	0.9386536373507057	AFRICA
LP6005443-DNA_E08	[0.01, 0.03)	9104	195	9299	0.9790300032261533	OCEANIA
LP6005443-DNA_E08	[0.03, 0.06)	10111	208	10319	0.9798430080434151	OCEANIA
LP6005443-DNA_E08	[0.06, 0.1)	10148	303	10451	0.971007559085255	OCEANIA
LP6005443-DNA_E08	[0.1, 0.18)	12420	478	12898	0.9629399906962319	OCEANIA
LP6005443-DNA_E08	[0.18, 0.3)	11098	570	11668	0.9511484401782654	OCEANIA
LP6005443-DNA_E08	[0.3, 0.51)	10324	728	11052	0.9341295693087224	OCEANIA
LP6005443-DNA_E09	[0.01, 0.03)	9202	97	9299	0.9895687708355737	EAST_ASIA
LP6005443-DNA_E09	[0.03, 0.06)	10191	128	10319	0.9875956972574862	EAST_ASIA
LP6005443-DNA_E09	[0.06, 0.1)	10303	148	10451	0.985838675724811	EAST_ASIA
LP6005443-DNA_E09	[0.1, 0.18)	12629	269	12898	0.9791440533416034	EAST_ASIA
LP6005443-DNA_E09	[0.18, 0.3)	11254	414	11668	0.9645183407610559	EAST_ASIA
LP6005443-DNA_E09	[0.3, 0.51)	10581	471	11052	0.9573832790445168	EAST_ASIA
LP6005443-DNA_F01	[0.01, 0.03)	9211	88	9299	0.9905366168405205	EAST_ASIA
LP6005443-DNA_F01	[0.03, 0.06)	10154	165	10319	0.9840100784959783	EAST_ASIA
LP6005443-DNA_F01	[0.06, 0.1)	10303	148	10451	0.985838675724811	EAST_ASIA
LP6005443-DNA_F01	[0.1, 0.18)	12652	246	12898	0.9809272755465964	EAST_ASIA
LP6005443-DNA_F01	[0.18, 0.3)	11272	396	11668	0.9660610215975317	EAST_ASIA
LP6005443-DNA_F01	[0.3, 0.51)	10635	417	11052	0.9622692725298588	EAST_ASIA
LP6005443-DNA_G02	[0.01, 0.03)	9010	289	9299	0.9689213893967094	AFRICA
LP6005443-DNA_G02	[0.03, 0.06)	9769	550	10319	0.9467002616532609	AFRICA
LP6005443-DNA_G02	[0.06, 0.1)	9801	650	10451	0.9378049947373457	AFRICA
LP6005443-DNA_G02	[0.1, 0.18)	12021	877	12898	0.9320049620096139	AFRICA
LP6005443-DNA_G02	[0.18, 0.3)	10566	1102	11668	0.905553651011313	AFRICA
LP6005443-DNA_G02	[0.3, 0.51)	9793	1259	11052	0.8860839667028592	AFRICA
LP6005443-DNA_G08	[0.01, 0.03)	8909	390	9299	0.9580600064523067	AFRICA
LP6005443-DNA_G08	[0.03, 0.06)	9526	793	10319	0.92315146816552	AFRICA
LP6005443-DNA_G08	[0.06, 0.1)	9546	905	10451	0.913405415749689	AFRICA
LP6005443-DNA_G08	[0.1, 0.18)	11457	1441	12898	0.8882772522871764	AFRICA
LP6005443-DNA_G08	[0.18, 0.3)	10098	1570	11668	0.8654439492629413	AFRICA
LP6005443-DNA_G08	[0.3, 0.51)	9241	1811	11052	0.836138255519363	AFRICA
LP6005592-DNA_C03	[0.01, 0.03)	9014	285	9299	0.9693515431766857	AFRICA
LP6005592-DNA_C03	[0.03, 0.06)	9854	465	10319	0.9549374939432116	AFRICA
LP6005592-DNA_C03	[0.06, 0.1)	9783	668	10451	0.9360826715146876	AFRICA
LP6005592-DNA_C03	[0.1, 0.18)	11881	1017	12898	0.9211505659792216	AFRICA
LP6005592-DNA_C03	[0.18, 0.3)	10682	986	11668	0.9154953719574905	AFRICA
LP6005592-DNA_C03	[0.3, 0.51)	9743	1309	11052	0.8815598986608758	AFRICA
SS6004467	[0.01, 0.03)	9198	101	9299	0.9891386170555974	EAST_ASIA
SS6004467	[0.03, 0.06)	10196	123	10319	0.9880802403333656	EAST_ASIA
SS6004467	[0.06, 0.1)	10259	192	10451	0.9816285522916467	EAST_ASIA
SS6004467	[0.1, 0.18)	12613	285	12898	0.97790355093813	EAST_ASIA
SS6004467	[0.18, 0.3)	11268	400	11668	0.9657182036338704	EAST_ASIA
SS6004467	[0.3, 0.51)	10527	525	11052	0.9524972855591748	EAST_ASIA
SS6004473	[0.01, 0.03)	8821	478	9299	0.9485966232928272	AFRICA
SS6004473	[0.03, 0.06)	9473	846	10319	0.9180153115611978	AFRICA
SS6004473	[0.06, 0.1)	9523	928	10451	0.9112046694096259	AFRICA
SS6004473	[0.1, 0.18)	11326	1572	12898	0.8781206388587378	AFRICA
SS6004473	[0.18, 0.3)	10052	1616	11668	0.8615015426808365	AFRICA
SS6004473	[0.3, 0.51)	9265	1787	11052	0.8383098081795151	AFRICA
