sample	maf_bin	num_wrong	num_correct	num_total	accuracy	continent
0	[0.01, 0.03)	195	9105	9300	0.9790322580645161	EUROPE
0	[0.03, 0.06)	172	10147	10319	0.9833317181897471	EUROPE
0	[0.06, 0.1)	176	10276	10452	0.9831611174894757	EUROPE
0	[0.1, 0.18)	280	12618	12898	0.9782912079392154	EUROPE
0	[0.18, 0.3)	334	11334	11668	0.9713747000342818	EUROPE
0	[0.3, 0.51)	505	10548	11053	0.9543110467746313	EUROPE
1	[0.01, 0.03)	152	9148	9300	0.9836559139784946	EUROPE
1	[0.03, 0.06)	120	10199	10319	0.9883709661788933	EUROPE
1	[0.06, 0.1)	188	10264	10452	0.9820130118637581	EUROPE
1	[0.1, 0.18)	254	12644	12898	0.9803070243448597	EUROPE
1	[0.18, 0.3)	375	11293	11668	0.9678608159067535	EUROPE
1	[0.3, 0.51)	581	10472	11053	0.94743508549715	EUROPE
2	[0.01, 0.03)	166	9134	9300	0.9821505376344086	EUROPE
2	[0.03, 0.06)	117	10202	10319	0.988661692024421	EUROPE
2	[0.06, 0.1)	172	10280	10452	0.9835438193647149	EUROPE
2	[0.1, 0.18)	302	12596	12898	0.9765855171344394	EUROPE
2	[0.18, 0.3)	398	11270	11668	0.965889612615701	EUROPE
2	[0.3, 0.51)	583	10470	11053	0.9472541391477427	EUROPE
3	[0.01, 0.03)	175	9125	9300	0.9811827956989247	EUROPE
3	[0.03, 0.06)	158	10161	10319	0.9846884388022095	EUROPE
3	[0.06, 0.1)	143	10309	10452	0.986318407960199	EUROPE
3	[0.1, 0.18)	264	12634	12898	0.9795317103426888	EUROPE
3	[0.18, 0.3)	355	11313	11668	0.96957490572506	EUROPE
3	[0.3, 0.51)	403	10650	11053	0.9635393105944088	EUROPE
4	[0.01, 0.03)	148	9152	9300	0.9840860215053764	CENTRAL_SOUTH_ASIA
4	[0.03, 0.06)	169	10150	10319	0.9836224440352748	CENTRAL_SOUTH_ASIA
4	[0.06, 0.1)	125	10327	10452	0.9880405663987754	CENTRAL_SOUTH_ASIA
4	[0.1, 0.18)	204	12694	12898	0.984183594355714	CENTRAL_SOUTH_ASIA
4	[0.18, 0.3)	344	11324	11668	0.9705176551251286	CENTRAL_SOUTH_ASIA
4	[0.3, 0.51)	399	10654	11053	0.9639012032932236	CENTRAL_SOUTH_ASIA
5	[0.01, 0.03)	178	9122	9300	0.9808602150537634	CENTRAL_SOUTH_ASIA
5	[0.03, 0.06)	217	10102	10319	0.9789708305068321	CENTRAL_SOUTH_ASIA
5	[0.06, 0.1)	204	10248	10452	0.9804822043628014	CENTRAL_SOUTH_ASIA
5	[0.1, 0.18)	326	12572	12898	0.9747247635292293	CENTRAL_SOUTH_ASIA
5	[0.18, 0.3)	373	11295	11668	0.9680322248885842	CENTRAL_SOUTH_ASIA
5	[0.3, 0.51)	429	10624	11053	0.9611870080521125	CENTRAL_SOUTH_ASIA
6	[0.01, 0.03)	165	9135	9300	0.9822580645161291	CENTRAL_SOUTH_ASIA
6	[0.03, 0.06)	163	10156	10319	0.98420389572633	CENTRAL_SOUTH_ASIA
6	[0.06, 0.1)	288	10164	10452	0.9724454649827784	CENTRAL_SOUTH_ASIA
6	[0.1, 0.18)	306	12592	12898	0.9762753915335711	CENTRAL_SOUTH_ASIA
6	[0.18, 0.3)	369	11299	11668	0.9683750428522454	CENTRAL_SOUTH_ASIA
6	[0.3, 0.51)	577	10476	11053	0.9477969781959649	CENTRAL_SOUTH_ASIA
7	[0.01, 0.03)	135	9165	9300	0.9854838709677419	CENTRAL_SOUTH_ASIA
7	[0.03, 0.06)	130	10189	10319	0.9874018800271344	CENTRAL_SOUTH_ASIA
7	[0.06, 0.1)	179	10273	10452	0.9828740910830464	CENTRAL_SOUTH_ASIA
7	[0.1, 0.18)	274	12624	12898	0.9787563963405179	CENTRAL_SOUTH_ASIA
7	[0.18, 0.3)	334	11334	11668	0.9713747000342818	CENTRAL_SOUTH_ASIA
7	[0.3, 0.51)	454	10599	11053	0.95892517868452	CENTRAL_SOUTH_ASIA
8	[0.01, 0.03)	117	9183	9300	0.9874193548387097	AFRICA
8	[0.03, 0.06)	236	10083	10319	0.9771295668184902	AFRICA
8	[0.06, 0.1)	351	10101	10452	0.9664179104477612	AFRICA
8	[0.1, 0.18)	588	12310	12898	0.9544115366723523	AFRICA
8	[0.18, 0.3)	695	10973	11668	0.9404353788138499	AFRICA
8	[0.3, 0.51)	762	10291	11053	0.9310594408757803	AFRICA
9	[0.01, 0.03)	131	9169	9300	0.9859139784946237	AFRICA
9	[0.03, 0.06)	217	10102	10319	0.9789708305068321	AFRICA
9	[0.06, 0.1)	269	10183	10452	0.9742632988901646	AFRICA
9	[0.1, 0.18)	518	12380	12898	0.9598387346875484	AFRICA
9	[0.18, 0.3)	471	11197	11668	0.9596331847788824	AFRICA
9	[0.3, 0.51)	670	10383	11053	0.9393829729485208	AFRICA
10	[0.01, 0.03)	203	9097	9300	0.9781720430107527	AFRICA
10	[0.03, 0.06)	236	10083	10319	0.9771295668184902	AFRICA
10	[0.06, 0.1)	299	10153	10452	0.9713930348258707	AFRICA
10	[0.1, 0.18)	511	12387	12898	0.9603814544890681	AFRICA
10	[0.18, 0.3)	531	11137	11668	0.954490915323963	AFRICA
10	[0.3, 0.51)	656	10397	11053	0.9406495973943726	AFRICA
11	[0.01, 0.03)	144	9156	9300	0.984516129032258	AFRICA
11	[0.03, 0.06)	228	10091	10319	0.9779048357398973	AFRICA
11	[0.06, 0.1)	317	10135	10452	0.9696708763872943	AFRICA
11	[0.1, 0.18)	548	12350	12898	0.9575127926810358	AFRICA
11	[0.18, 0.3)	582	11086	11668	0.9501199862872814	AFRICA
11	[0.3, 0.51)	723	10330	11053	0.9345878946892247	AFRICA
12	[0.01, 0.03)	139	9161	9300	0.9850537634408603	AFRICA
12	[0.03, 0.06)	290	10029	10319	0.9718965015989921	AFRICA
12	[0.06, 0.1)	330	10122	10452	0.9684270952927669	AFRICA
12	[0.1, 0.18)	604	12294	12898	0.953171034268879	AFRICA
12	[0.18, 0.3)	559	11109	11668	0.9520911895783339	AFRICA
12	[0.3, 0.51)	705	10348	11053	0.9362164118338913	AFRICA
13	[0.01, 0.03)	154	9146	9300	0.9834408602150537	AFRICA
13	[0.03, 0.06)	262	10057	10319	0.974609942823917	AFRICA
13	[0.06, 0.1)	346	10106	10452	0.9668962877918101	AFRICA
13	[0.1, 0.18)	602	12296	12898	0.953326097069313	AFRICA
13	[0.18, 0.3)	570	11098	11668	0.9511484401782654	AFRICA
13	[0.3, 0.51)	753	10300	11053	0.9318736994481136	AFRICA
14	[0.01, 0.03)	142	9158	9300	0.9847311827956989	AFRICA
14	[0.03, 0.06)	322	9997	10319	0.9687954259133637	AFRICA
14	[0.06, 0.1)	400	10052	10452	0.9617298124760811	AFRICA
14	[0.1, 0.18)	698	12200	12898	0.9458830826484727	AFRICA
14	[0.18, 0.3)	766	10902	11668	0.9343503599588618	AFRICA
14	[0.3, 0.51)	914	10139	11053	0.9173075183208179	AFRICA
15	[0.01, 0.03)	253	9047	9300	0.9727956989247312	AFRICA
15	[0.03, 0.06)	526	9793	10319	0.9490260684174823	AFRICA
15	[0.06, 0.1)	661	9791	10452	0.936758515116724	AFRICA
15	[0.1, 0.18)	914	11984	12898	0.9291363002015817	AFRICA
15	[0.18, 0.3)	1094	10574	11668	0.9062392869386355	AFRICA
15	[0.3, 0.51)	1261	9792	11053	0.8859133266986339	AFRICA
16	[0.01, 0.03)	113	9187	9300	0.9878494623655913	EUROPE
16	[0.03, 0.06)	140	10179	10319	0.9864327938753755	EUROPE
16	[0.06, 0.1)	140	10312	10452	0.9866054343666284	EUROPE
16	[0.1, 0.18)	278	12620	12898	0.9784462707396495	EUROPE
16	[0.18, 0.3)	264	11404	11668	0.9773740143983545	EUROPE
16	[0.3, 0.51)	362	10691	11053	0.9672487107572605	EUROPE
17	[0.01, 0.03)	128	9172	9300	0.9862365591397849	EUROPE
17	[0.03, 0.06)	107	10212	10319	0.9896307781761798	EUROPE
17	[0.06, 0.1)	103	10349	10452	0.9901454267125909	EUROPE
17	[0.1, 0.18)	197	12701	12898	0.9847263141572337	EUROPE
17	[0.18, 0.3)	241	11427	11668	0.979345217689407	EUROPE
17	[0.3, 0.51)	411	10642	11053	0.9628155251967792	EUROPE
18	[0.01, 0.03)	149	9151	9300	0.9839784946236559	EUROPE
18	[0.03, 0.06)	130	10189	10319	0.9874018800271344	EUROPE
18	[0.06, 0.1)	98	10354	10452	0.9906238040566399	EUROPE
18	[0.1, 0.18)	194	12704	12898	0.9849589083578849	EUROPE
18	[0.18, 0.3)	273	11395	11668	0.9766026739801166	EUROPE
18	[0.3, 0.51)	426	10627	11053	0.9614584275762237	EUROPE
19	[0.01, 0.03)	117	9183	9300	0.9874193548387097	EUROPE
19	[0.03, 0.06)	129	10190	10319	0.9874987886423103	EUROPE
19	[0.06, 0.1)	123	10329	10452	0.9882319173363949	EUROPE
19	[0.1, 0.18)	316	12582	12898	0.9755000775314002	EUROPE
19	[0.18, 0.3)	321	11347	11668	0.972488858416181	EUROPE
19	[0.3, 0.51)	388	10665	11053	0.9648964082149643	EUROPE
20	[0.01, 0.03)	150	9150	9300	0.9838709677419355	MIDDLE_EAST
20	[0.03, 0.06)	135	10184	10319	0.9869173369512549	MIDDLE_EAST
20	[0.06, 0.1)	179	10273	10452	0.9828740910830464	MIDDLE_EAST
20	[0.1, 0.18)	208	12690	12898	0.9838734687548457	MIDDLE_EAST
20	[0.18, 0.3)	257	11411	11668	0.9779739458347617	MIDDLE_EAST
20	[0.3, 0.51)	488	10565	11053	0.9558490907445942	MIDDLE_EAST
21	[0.01, 0.03)	219	9081	9300	0.9764516129032258	MIDDLE_EAST
21	[0.03, 0.06)	195	10124	10319	0.9811028200407016	MIDDLE_EAST
21	[0.06, 0.1)	234	10218	10452	0.9776119402985075	MIDDLE_EAST
21	[0.1, 0.18)	377	12521	12898	0.9707706621181579	MIDDLE_EAST
21	[0.18, 0.3)	397	11271	11668	0.9659753171066164	MIDDLE_EAST
21	[0.3, 0.51)	675	10378	11053	0.9389306070750023	MIDDLE_EAST
22	[0.01, 0.03)	162	9138	9300	0.9825806451612903	MIDDLE_EAST
22	[0.03, 0.06)	151	10168	10319	0.9853667991084407	MIDDLE_EAST
22	[0.06, 0.1)	224	10228	10452	0.9785686949866055	MIDDLE_EAST
22	[0.1, 0.18)	342	12556	12898	0.9734842611257559	MIDDLE_EAST
22	[0.18, 0.3)	496	11172	11668	0.9574905725059993	MIDDLE_EAST
22	[0.3, 0.51)	531	10522	11053	0.9519587442323351	MIDDLE_EAST
23	[0.01, 0.03)	228	9072	9300	0.9754838709677419	MIDDLE_EAST
23	[0.03, 0.06)	136	10183	10319	0.9868204283360791	MIDDLE_EAST
23	[0.06, 0.1)	185	10267	10452	0.9823000382701875	MIDDLE_EAST
23	[0.1, 0.18)	263	12635	12898	0.9796092417429059	MIDDLE_EAST
23	[0.18, 0.3)	359	11309	11668	0.9692320877613987	MIDDLE_EAST
23	[0.3, 0.51)	543	10510	11053	0.9508730661358907	MIDDLE_EAST
24	[0.01, 0.03)	198	9102	9300	0.9787096774193549	EUROPE
24	[0.03, 0.06)	133	10186	10319	0.9871111541816068	EUROPE
24	[0.06, 0.1)	160	10292	10452	0.9846919249904325	EUROPE
24	[0.1, 0.18)	248	12650	12898	0.9807722127461622	EUROPE
24	[0.18, 0.3)	293	11375	11668	0.9748885841618101	EUROPE
24	[0.3, 0.51)	385	10668	11053	0.9651678277390754	EUROPE
25	[0.01, 0.03)	148	9152	9300	0.9840860215053764	EUROPE
25	[0.03, 0.06)	142	10177	10319	0.9862389766450237	EUROPE
25	[0.06, 0.1)	155	10297	10452	0.9851703023344814	EUROPE
25	[0.1, 0.18)	212	12686	12898	0.9835633431539773	EUROPE
25	[0.18, 0.3)	302	11366	11668	0.9741172437435721	EUROPE
25	[0.3, 0.51)	307	10746	11053	0.972224735365964	EUROPE
26	[0.01, 0.03)	164	9136	9300	0.9823655913978495	EUROPE
26	[0.03, 0.06)	117	10202	10319	0.988661692024421	EUROPE
26	[0.06, 0.1)	146	10306	10452	0.9860313815537696	EUROPE
26	[0.1, 0.18)	250	12648	12898	0.980617149945728	EUROPE
26	[0.18, 0.3)	297	11371	11668	0.9745457661981488	EUROPE
26	[0.3, 0.51)	472	10581	11053	0.9572966615398535	EUROPE
27	[0.01, 0.03)	194	9106	9300	0.9791397849462365	EUROPE
27	[0.03, 0.06)	146	10173	10319	0.9858513421843201	EUROPE
27	[0.06, 0.1)	174	10278	10452	0.9833524684270953	EUROPE
27	[0.1, 0.18)	313	12585	12898	0.9757326717320515	EUROPE
27	[0.18, 0.3)	360	11308	11668	0.9691463832704834	EUROPE
27	[0.3, 0.51)	472	10581	11053	0.9572966615398535	EUROPE
28	[0.01, 0.03)	282	9018	9300	0.9696774193548388	AFRICA
28	[0.03, 0.06)	536	9783	10319	0.9480569822657234	AFRICA
28	[0.06, 0.1)	660	9792	10452	0.9368541905855339	AFRICA
28	[0.1, 0.18)	994	11904	12898	0.9229337881842146	AFRICA
28	[0.18, 0.3)	1032	10636	11668	0.9115529653753857	AFRICA
28	[0.3, 0.51)	1262	9791	11053	0.8858228535239302	AFRICA
29	[0.01, 0.03)	277	9023	9300	0.9702150537634409	AFRICA
29	[0.03, 0.06)	524	9795	10319	0.9492198856478341	AFRICA
29	[0.06, 0.1)	715	9737	10452	0.931592039800995	AFRICA
29	[0.1, 0.18)	945	11953	12898	0.9267328267948519	AFRICA
29	[0.18, 0.3)	961	10707	11668	0.9176379842303737	AFRICA
29	[0.3, 0.51)	1325	9728	11053	0.8801230435175971	AFRICA
30	[0.01, 0.03)	267	9033	9300	0.9712903225806452	AFRICA
30	[0.03, 0.06)	522	9797	10319	0.9494137028781858	AFRICA
30	[0.06, 0.1)	661	9791	10452	0.936758515116724	AFRICA
30	[0.1, 0.18)	982	11916	12898	0.9238641649868197	AFRICA
30	[0.18, 0.3)	964	10704	11668	0.9173808707576278	AFRICA
30	[0.3, 0.51)	1246	9807	11053	0.8872704243191893	AFRICA
31	[0.01, 0.03)	234	9066	9300	0.9748387096774194	AFRICA
31	[0.03, 0.06)	492	9827	10319	0.9523209613334626	AFRICA
31	[0.06, 0.1)	579	9873	10452	0.9446039035591275	AFRICA
31	[0.1, 0.18)	977	11921	12898	0.9242518219879051	AFRICA
31	[0.18, 0.3)	1007	10661	11668	0.9136955776482688	AFRICA
31	[0.3, 0.51)	1226	9827	11053	0.8890798878132634	AFRICA
32	[0.01, 0.03)	159	9141	9300	0.9829032258064516	OCEANIA
32	[0.03, 0.06)	300	10019	10319	0.9709274154472333	OCEANIA
32	[0.06, 0.1)	299	10153	10452	0.9713930348258707	OCEANIA
32	[0.1, 0.18)	408	12490	12898	0.9683671887114281	OCEANIA
32	[0.18, 0.3)	544	11124	11668	0.9533767569420638	OCEANIA
32	[0.3, 0.51)	821	10232	11053	0.925721523568262	OCEANIA
33	[0.01, 0.03)	152	9148	9300	0.9836559139784946	OCEANIA
33	[0.03, 0.06)	233	10086	10319	0.9774202926640179	OCEANIA
33	[0.06, 0.1)	271	10181	10452	0.9740719479525449	OCEANIA
33	[0.1, 0.18)	428	12470	12898	0.9668165607070863	OCEANIA
33	[0.18, 0.3)	539	11129	11668	0.9538052793966404	OCEANIA
33	[0.3, 0.51)	713	10340	11053	0.9354926264362616	OCEANIA
34	[0.01, 0.03)	149	9151	9300	0.9839784946236559	OCEANIA
34	[0.03, 0.06)	202	10117	10319	0.9804244597344703	OCEANIA
34	[0.06, 0.1)	261	10191	10452	0.9750287026406429	OCEANIA
34	[0.1, 0.18)	366	12532	12898	0.9716235075205458	OCEANIA
34	[0.18, 0.3)	464	11204	11668	0.9602331162152897	OCEANIA
34	[0.3, 0.51)	693	10360	11053	0.9373020899303357	OCEANIA
35	[0.01, 0.03)	125	9175	9300	0.9865591397849462	OCEANIA
35	[0.03, 0.06)	239	10080	10319	0.9768388409729625	OCEANIA
35	[0.06, 0.1)	264	10188	10452	0.9747416762342136	OCEANIA
35	[0.1, 0.18)	369	12529	12898	0.9713909133198946	OCEANIA
35	[0.18, 0.3)	492	11176	11668	0.9578333904696607	OCEANIA
35	[0.3, 0.51)	772	10281	11053	0.9301547091287433	OCEANIA
36	[0.01, 0.03)	162	9138	9300	0.9825806451612903	CENTRAL_SOUTH_ASIA
36	[0.03, 0.06)	170	10149	10319	0.9835255354200988	CENTRAL_SOUTH_ASIA
36	[0.06, 0.1)	179	10273	10452	0.9828740910830464	CENTRAL_SOUTH_ASIA
36	[0.1, 0.18)	289	12609	12898	0.9775934253372616	CENTRAL_SOUTH_ASIA
36	[0.18, 0.3)	405	11263	11668	0.9652896811792938	CENTRAL_SOUTH_ASIA
36	[0.3, 0.51)	410	10643	11053	0.9629059983714828	CENTRAL_SOUTH_ASIA
37	[0.01, 0.03)	168	9132	9300	0.9819354838709677	CENTRAL_SOUTH_ASIA
37	[0.03, 0.06)	184	10135	10319	0.9821688148076364	CENTRAL_SOUTH_ASIA
37	[0.06, 0.1)	148	10304	10452	0.98584003061615	CENTRAL_SOUTH_ASIA
37	[0.1, 0.18)	310	12588	12898	0.9759652659327027	CENTRAL_SOUTH_ASIA
37	[0.18, 0.3)	389	11279	11668	0.966660953033939	CENTRAL_SOUTH_ASIA
37	[0.3, 0.51)	557	10496	11053	0.9496064416900389	CENTRAL_SOUTH_ASIA
38	[0.01, 0.03)	200	9100	9300	0.978494623655914	CENTRAL_SOUTH_ASIA
38	[0.03, 0.06)	179	10140	10319	0.9826533578835158	CENTRAL_SOUTH_ASIA
38	[0.06, 0.1)	175	10277	10452	0.9832567929582855	CENTRAL_SOUTH_ASIA
38	[0.1, 0.18)	257	12641	12898	0.9800744301442084	CENTRAL_SOUTH_ASIA
38	[0.18, 0.3)	394	11274	11668	0.9662324305793624	CENTRAL_SOUTH_ASIA
38	[0.3, 0.51)	545	10508	11053	0.9506921197864833	CENTRAL_SOUTH_ASIA
39	[0.01, 0.03)	181	9119	9300	0.9805376344086022	CENTRAL_SOUTH_ASIA
39	[0.03, 0.06)	201	10118	10319	0.9805213683496463	CENTRAL_SOUTH_ASIA
39	[0.06, 0.1)	231	10221	10452	0.9778989667049368	CENTRAL_SOUTH_ASIA
39	[0.1, 0.18)	298	12600	12898	0.9768956427353078	CENTRAL_SOUTH_ASIA
39	[0.18, 0.3)	442	11226	11668	0.9621186150154268	CENTRAL_SOUTH_ASIA
39	[0.3, 0.51)	576	10477	11053	0.9478874513706685	CENTRAL_SOUTH_ASIA
40	[0.01, 0.03)	100	9200	9300	0.989247311827957	CENTRAL_SOUTH_ASIA
40	[0.03, 0.06)	142	10177	10319	0.9862389766450237	CENTRAL_SOUTH_ASIA
40	[0.06, 0.1)	129	10323	10452	0.9876578645235362	CENTRAL_SOUTH_ASIA
40	[0.1, 0.18)	266	12632	12898	0.9793766475422546	CENTRAL_SOUTH_ASIA
40	[0.18, 0.3)	352	11316	11668	0.9698320191978059	CENTRAL_SOUTH_ASIA
40	[0.3, 0.51)	363	10690	11053	0.9671582375825568	CENTRAL_SOUTH_ASIA
41	[0.01, 0.03)	157	9143	9300	0.9831182795698925	CENTRAL_SOUTH_ASIA
41	[0.03, 0.06)	166	10153	10319	0.9839131698808024	CENTRAL_SOUTH_ASIA
41	[0.06, 0.1)	143	10309	10452	0.986318407960199	CENTRAL_SOUTH_ASIA
41	[0.1, 0.18)	279	12619	12898	0.9783687393394325	CENTRAL_SOUTH_ASIA
41	[0.18, 0.3)	383	11285	11668	0.9671751799794309	CENTRAL_SOUTH_ASIA
41	[0.3, 0.51)	526	10527	11053	0.9524111101058537	CENTRAL_SOUTH_ASIA
42	[0.01, 0.03)	133	9167	9300	0.9856989247311828	CENTRAL_SOUTH_ASIA
42	[0.03, 0.06)	121	10198	10319	0.9882740575637174	CENTRAL_SOUTH_ASIA
42	[0.06, 0.1)	176	10276	10452	0.9831611174894757	CENTRAL_SOUTH_ASIA
42	[0.1, 0.18)	267	12631	12898	0.9792991161420376	CENTRAL_SOUTH_ASIA
42	[0.18, 0.3)	374	11294	11668	0.9679465203976688	CENTRAL_SOUTH_ASIA
42	[0.3, 0.51)	380	10673	11053	0.9656201936125939	CENTRAL_SOUTH_ASIA
43	[0.01, 0.03)	150	9150	9300	0.9838709677419355	CENTRAL_SOUTH_ASIA
43	[0.03, 0.06)	173	10146	10319	0.9832348095745712	CENTRAL_SOUTH_ASIA
43	[0.06, 0.1)	149	10303	10452	0.9857443551473403	CENTRAL_SOUTH_ASIA
43	[0.1, 0.18)	329	12569	12898	0.9744921693285781	CENTRAL_SOUTH_ASIA
43	[0.18, 0.3)	461	11207	11668	0.9604902296880357	CENTRAL_SOUTH_ASIA
43	[0.3, 0.51)	490	10563	11053	0.9556681443951869	CENTRAL_SOUTH_ASIA
44	[0.01, 0.03)	106	9194	9300	0.9886021505376344	EAST_ASIA
44	[0.03, 0.06)	163	10156	10319	0.98420389572633	EAST_ASIA
44	[0.06, 0.1)	213	10239	10452	0.9796211251435132	EAST_ASIA
44	[0.1, 0.18)	350	12548	12898	0.9728640099240192	EAST_ASIA
44	[0.18, 0.3)	427	11241	11668	0.9634041823791567	EAST_ASIA
44	[0.3, 0.51)	711	10342	11053	0.9356735727856691	EAST_ASIA
45	[0.01, 0.03)	111	9189	9300	0.9880645161290322	EAST_ASIA
45	[0.03, 0.06)	118	10201	10319	0.988564783409245	EAST_ASIA
45	[0.06, 0.1)	169	10283	10452	0.9838308457711443	EAST_ASIA
45	[0.1, 0.18)	244	12654	12898	0.9810823383470305	EAST_ASIA
45	[0.18, 0.3)	373	11295	11668	0.9680322248885842	EAST_ASIA
45	[0.3, 0.51)	445	10608	11053	0.9597394372568533	EAST_ASIA
46	[0.01, 0.03)	87	9213	9300	0.9906451612903225	EAST_ASIA
46	[0.03, 0.06)	174	10145	10319	0.9831379009593952	EAST_ASIA
46	[0.06, 0.1)	238	10214	10452	0.9772292384232683	EAST_ASIA
46	[0.1, 0.18)	285	12613	12898	0.97790355093813	EAST_ASIA
46	[0.18, 0.3)	412	11256	11668	0.9646897497428866	EAST_ASIA
46	[0.3, 0.51)	523	10530	11053	0.9526825296299647	EAST_ASIA
47	[0.01, 0.03)	79	9221	9300	0.991505376344086	EAST_ASIA
47	[0.03, 0.06)	119	10200	10319	0.9884678747940692	EAST_ASIA
47	[0.06, 0.1)	182	10270	10452	0.9825870646766169	EAST_ASIA
47	[0.1, 0.18)	300	12598	12898	0.9767405799348736	EAST_ASIA
47	[0.18, 0.3)	361	11307	11668	0.969060678779568	EAST_ASIA
47	[0.3, 0.51)	443	10610	11053	0.9599203836062608	EAST_ASIA
48	[0.01, 0.03)	69	9231	9300	0.9925806451612903	AMERICA
48	[0.03, 0.06)	87	10232	10319	0.9915689504796976	AMERICA
48	[0.06, 0.1)	105	10347	10452	0.9899540757749713	AMERICA
48	[0.1, 0.18)	192	12706	12898	0.9851139711583191	AMERICA
48	[0.18, 0.3)	297	11371	11668	0.9745457661981488	AMERICA
48	[0.3, 0.51)	454	10599	11053	0.95892517868452	AMERICA
49	[0.01, 0.03)	69	9231	9300	0.9925806451612903	AMERICA
49	[0.03, 0.06)	87	10232	10319	0.9915689504796976	AMERICA
49	[0.06, 0.1)	154	10298	10452	0.9852659778032913	AMERICA
49	[0.1, 0.18)	164	12734	12898	0.9872848503643976	AMERICA
49	[0.18, 0.3)	217	11451	11668	0.9814021254713747	AMERICA
49	[0.3, 0.51)	284	10769	11053	0.9743056183841491	AMERICA
50	[0.01, 0.03)	99	9201	9300	0.9893548387096774	AMERICA
50	[0.03, 0.06)	97	10222	10319	0.9905998643279388	AMERICA
50	[0.06, 0.1)	159	10293	10452	0.9847876004592423	AMERICA
50	[0.1, 0.18)	193	12705	12898	0.9850364397581021	AMERICA
50	[0.18, 0.3)	256	11412	11668	0.9780596503256771	AMERICA
50	[0.3, 0.51)	194	10859	11053	0.9824482041074821	AMERICA
51	[0.01, 0.03)	64	9236	9300	0.9931182795698925	AMERICA
51	[0.03, 0.06)	92	10227	10319	0.9910844074038182	AMERICA
51	[0.06, 0.1)	192	10260	10452	0.981630309988519	AMERICA
51	[0.1, 0.18)	203	12695	12898	0.9842611257559312	AMERICA
51	[0.18, 0.3)	302	11366	11668	0.9741172437435721	AMERICA
51	[0.3, 0.51)	489	10564	11053	0.9557586175698906	AMERICA
52	[0.01, 0.03)	65	9235	9300	0.9930107526881721	EAST_ASIA
52	[0.03, 0.06)	128	10191	10319	0.9875956972574862	EAST_ASIA
52	[0.06, 0.1)	163	10289	10452	0.984404898584003	EAST_ASIA
52	[0.1, 0.18)	264	12634	12898	0.9795317103426888	EAST_ASIA
52	[0.18, 0.3)	306	11362	11668	0.9737744257799109	EAST_ASIA
52	[0.3, 0.51)	466	10587	11053	0.9578395005880757	EAST_ASIA
53	[0.01, 0.03)	81	9219	9300	0.9912903225806452	EAST_ASIA
53	[0.03, 0.06)	129	10190	10319	0.9874987886423103	EAST_ASIA
53	[0.06, 0.1)	143	10309	10452	0.986318407960199	EAST_ASIA
53	[0.1, 0.18)	275	12623	12898	0.9786788649403009	EAST_ASIA
53	[0.18, 0.3)	393	11275	11668	0.9663181350702776	EAST_ASIA
53	[0.3, 0.51)	581	10472	11053	0.94743508549715	EAST_ASIA
54	[0.01, 0.03)	67	9233	9300	0.9927956989247312	EAST_ASIA
54	[0.03, 0.06)	141	10178	10319	0.9863358852601997	EAST_ASIA
54	[0.06, 0.1)	199	10253	10452	0.9809605817068504	EAST_ASIA
54	[0.1, 0.18)	309	12589	12898	0.9760427973329199	EAST_ASIA
54	[0.18, 0.3)	380	11288	11668	0.9674322934521769	EAST_ASIA
54	[0.3, 0.51)	537	10516	11053	0.9514159051841129	EAST_ASIA
55	[0.01, 0.03)	95	9205	9300	0.9897849462365591	EAST_ASIA
55	[0.03, 0.06)	115	10204	10319	0.9888555092547727	EAST_ASIA
55	[0.06, 0.1)	191	10261	10452	0.9817259854573287	EAST_ASIA
55	[0.1, 0.18)	289	12609	12898	0.9775934253372616	EAST_ASIA
55	[0.18, 0.3)	386	11282	11668	0.966918066506685	EAST_ASIA
55	[0.3, 0.51)	530	10523	11053	0.9520492174070389	EAST_ASIA
56	[0.01, 0.03)	101	9199	9300	0.9891397849462366	EAST_ASIA
56	[0.03, 0.06)	136	10183	10319	0.9868204283360791	EAST_ASIA
56	[0.06, 0.1)	162	10290	10452	0.9845005740528129	EAST_ASIA
56	[0.1, 0.18)	276	12622	12898	0.9786013335400837	EAST_ASIA
56	[0.18, 0.3)	401	11267	11668	0.9656324991429551	EAST_ASIA
56	[0.3, 0.51)	409	10644	11053	0.9629964715461865	EAST_ASIA
57	[0.01, 0.03)	99	9201	9300	0.9893548387096774	EAST_ASIA
57	[0.03, 0.06)	160	10159	10319	0.9844946215718577	EAST_ASIA
57	[0.06, 0.1)	224	10228	10452	0.9785686949866055	EAST_ASIA
57	[0.1, 0.18)	336	12562	12898	0.9739494495270584	EAST_ASIA
57	[0.18, 0.3)	413	11255	11668	0.9646040452519712	EAST_ASIA
57	[0.3, 0.51)	491	10562	11053	0.9555776712204831	EAST_ASIA
58	[0.01, 0.03)	107	9193	9300	0.988494623655914	EAST_ASIA
58	[0.03, 0.06)	161	10158	10319	0.9843977129566819	EAST_ASIA
58	[0.06, 0.1)	194	10258	10452	0.9814389590508994	EAST_ASIA
58	[0.1, 0.18)	293	12605	12898	0.9772832997363933	EAST_ASIA
58	[0.18, 0.3)	425	11243	11668	0.9635755913609874	EAST_ASIA
58	[0.3, 0.51)	468	10585	11053	0.9576585542386682	EAST_ASIA
59	[0.01, 0.03)	82	9218	9300	0.9911827956989248	EAST_ASIA
59	[0.03, 0.06)	188	10131	10319	0.9817811803469328	EAST_ASIA
59	[0.06, 0.1)	166	10286	10452	0.9841178721775736	EAST_ASIA
59	[0.1, 0.18)	224	12674	12898	0.9826329663513723	EAST_ASIA
59	[0.18, 0.3)	327	11341	11668	0.9719746314706891	EAST_ASIA
59	[0.3, 0.51)	498	10555	11053	0.9549443589975573	EAST_ASIA
60	[0.01, 0.03)	140	9160	9300	0.9849462365591398	MIDDLE_EAST
60	[0.03, 0.06)	151	10168	10319	0.9853667991084407	MIDDLE_EAST
60	[0.06, 0.1)	189	10263	10452	0.9819173363949484	MIDDLE_EAST
60	[0.1, 0.18)	261	12637	12898	0.9797643045433401	MIDDLE_EAST
60	[0.18, 0.3)	355	11313	11668	0.96957490572506	MIDDLE_EAST
60	[0.3, 0.51)	388	10665	11053	0.9648964082149643	MIDDLE_EAST
61	[0.01, 0.03)	186	9114	9300	0.98	MIDDLE_EAST
61	[0.03, 0.06)	183	10136	10319	0.9822657234228123	MIDDLE_EAST
61	[0.06, 0.1)	213	10239	10452	0.9796211251435132	MIDDLE_EAST
61	[0.1, 0.18)	307	12591	12898	0.976197860133354	MIDDLE_EAST
61	[0.18, 0.3)	380	11288	11668	0.9674322934521769	MIDDLE_EAST
61	[0.3, 0.51)	527	10526	11053	0.9523206369311499	MIDDLE_EAST
62	[0.01, 0.03)	212	9088	9300	0.9772043010752688	MIDDLE_EAST
62	[0.03, 0.06)	151	10168	10319	0.9853667991084407	MIDDLE_EAST
62	[0.06, 0.1)	126	10326	10452	0.9879448909299655	MIDDLE_EAST
62	[0.1, 0.18)	222	12676	12898	0.9827880291518065	MIDDLE_EAST
62	[0.18, 0.3)	417	11251	11668	0.9642612272883099	MIDDLE_EAST
62	[0.3, 0.51)	550	10503	11053	0.9502397539129648	MIDDLE_EAST
63	[0.01, 0.03)	181	9119	9300	0.9805376344086022	MIDDLE_EAST
63	[0.03, 0.06)	205	10114	10319	0.9801337338889428	MIDDLE_EAST
63	[0.06, 0.1)	193	10259	10452	0.9815346345197091	MIDDLE_EAST
63	[0.1, 0.18)	236	12662	12898	0.9817025895487672	MIDDLE_EAST
63	[0.18, 0.3)	333	11335	11668	0.9714604045251971	MIDDLE_EAST
63	[0.3, 0.51)	503	10550	11053	0.9544919931240388	MIDDLE_EAST
64	[0.01, 0.03)	174	9126	9300	0.9812903225806452	EUROPE
64	[0.03, 0.06)	124	10195	10319	0.9879833317181898	EUROPE
64	[0.06, 0.1)	155	10297	10452	0.9851703023344814	EUROPE
64	[0.1, 0.18)	250	12648	12898	0.980617149945728	EUROPE
64	[0.18, 0.3)	288	11380	11668	0.9753171066163867	EUROPE
64	[0.3, 0.51)	385	10668	11053	0.9651678277390754	EUROPE
65	[0.01, 0.03)	152	9148	9300	0.9836559139784946	EUROPE
65	[0.03, 0.06)	150	10169	10319	0.9854637077236166	EUROPE
65	[0.06, 0.1)	131	10321	10452	0.9874665135859165	EUROPE
65	[0.1, 0.18)	190	12708	12898	0.9852690339587533	EUROPE
65	[0.18, 0.3)	322	11346	11668	0.9724031539252657	EUROPE
65	[0.3, 0.51)	383	10670	11053	0.9653487740884827	EUROPE
66	[0.01, 0.03)	149	9151	9300	0.9839784946236559	EUROPE
66	[0.03, 0.06)	119	10200	10319	0.9884678747940692	EUROPE
66	[0.06, 0.1)	120	10332	10452	0.9885189437428243	EUROPE
66	[0.1, 0.18)	269	12629	12898	0.9791440533416034	EUROPE
66	[0.18, 0.3)	335	11333	11668	0.9712889955433665	EUROPE
66	[0.3, 0.51)	379	10674	11053	0.9657106667872976	EUROPE
67	[0.01, 0.03)	154	9146	9300	0.9834408602150537	EUROPE
67	[0.03, 0.06)	121	10198	10319	0.9882740575637174	EUROPE
67	[0.06, 0.1)	130	10322	10452	0.9875621890547264	EUROPE
67	[0.1, 0.18)	268	12630	12898	0.9792215847418204	EUROPE
67	[0.18, 0.3)	376	11292	11668	0.9677751114158382	EUROPE
67	[0.3, 0.51)	497	10556	11053	0.9550348321722609	EUROPE
68	[0.01, 0.03)	124	9176	9300	0.9866666666666667	EAST_ASIA
68	[0.03, 0.06)	160	10159	10319	0.9844946215718577	EAST_ASIA
68	[0.06, 0.1)	167	10285	10452	0.9840221967087639	EAST_ASIA
68	[0.1, 0.18)	283	12615	12898	0.9780586137385641	EAST_ASIA
68	[0.18, 0.3)	417	11251	11668	0.9642612272883099	EAST_ASIA
68	[0.3, 0.51)	491	10562	11053	0.9555776712204831	EAST_ASIA
69	[0.01, 0.03)	85	9215	9300	0.9908602150537634	EAST_ASIA
69	[0.03, 0.06)	113	10206	10319	0.9890493264851246	EAST_ASIA
69	[0.06, 0.1)	177	10275	10452	0.9830654420206659	EAST_ASIA
69	[0.1, 0.18)	282	12616	12898	0.9781361451387812	EAST_ASIA
69	[0.18, 0.3)	350	11318	11668	0.9700034281796366	EAST_ASIA
69	[0.3, 0.51)	538	10515	11053	0.9513254320094092	EAST_ASIA
70	[0.01, 0.03)	89	9211	9300	0.9904301075268818	EAST_ASIA
70	[0.03, 0.06)	195	10124	10319	0.9811028200407016	EAST_ASIA
70	[0.06, 0.1)	152	10300	10452	0.9854573287409109	EAST_ASIA
70	[0.1, 0.18)	228	12670	12898	0.9823228407505039	EAST_ASIA
70	[0.18, 0.3)	346	11322	11668	0.9703462461432979	EAST_ASIA
70	[0.3, 0.51)	416	10637	11053	0.9623631593232607	EAST_ASIA
71	[0.01, 0.03)	77	9223	9300	0.9917204301075269	EAST_ASIA
71	[0.03, 0.06)	133	10186	10319	0.9871111541816068	EAST_ASIA
71	[0.06, 0.1)	182	10270	10452	0.9825870646766169	EAST_ASIA
71	[0.1, 0.18)	311	12587	12898	0.9758877345324857	EAST_ASIA
71	[0.18, 0.3)	389	11279	11668	0.966660953033939	EAST_ASIA
71	[0.3, 0.51)	408	10645	11053	0.9630869447208903	EAST_ASIA
72	[0.01, 0.03)	141	9159	9300	0.9848387096774194	CENTRAL_SOUTH_ASIA
72	[0.03, 0.06)	136	10183	10319	0.9868204283360791	CENTRAL_SOUTH_ASIA
72	[0.06, 0.1)	149	10303	10452	0.9857443551473403	CENTRAL_SOUTH_ASIA
72	[0.1, 0.18)	231	12667	12898	0.9820902465498527	CENTRAL_SOUTH_ASIA
72	[0.18, 0.3)	337	11331	11668	0.9711175865615358	CENTRAL_SOUTH_ASIA
72	[0.3, 0.51)	402	10651	11053	0.9636297837691125	CENTRAL_SOUTH_ASIA
73	[0.01, 0.03)	161	9139	9300	0.9826881720430107	CENTRAL_SOUTH_ASIA
73	[0.03, 0.06)	198	10121	10319	0.9808120941951739	CENTRAL_SOUTH_ASIA
73	[0.06, 0.1)	190	10262	10452	0.9818216609261385	CENTRAL_SOUTH_ASIA
73	[0.1, 0.18)	312	12586	12898	0.9758102031322685	CENTRAL_SOUTH_ASIA
73	[0.18, 0.3)	455	11213	11668	0.9610044566335276	CENTRAL_SOUTH_ASIA
73	[0.3, 0.51)	574	10479	11053	0.948068397720076	CENTRAL_SOUTH_ASIA
74	[0.01, 0.03)	129	9171	9300	0.9861290322580645	CENTRAL_SOUTH_ASIA
74	[0.03, 0.06)	100	10219	10319	0.9903091384824111	CENTRAL_SOUTH_ASIA
74	[0.06, 0.1)	172	10280	10452	0.9835438193647149	CENTRAL_SOUTH_ASIA
74	[0.1, 0.18)	295	12603	12898	0.9771282369359591	CENTRAL_SOUTH_ASIA
74	[0.18, 0.3)	442	11226	11668	0.9621186150154268	CENTRAL_SOUTH_ASIA
74	[0.3, 0.51)	488	10565	11053	0.9558490907445942	CENTRAL_SOUTH_ASIA
75	[0.01, 0.03)	148	9152	9300	0.9840860215053764	CENTRAL_SOUTH_ASIA
75	[0.03, 0.06)	98	10221	10319	0.9905029557127628	CENTRAL_SOUTH_ASIA
75	[0.06, 0.1)	128	10324	10452	0.9877535399923459	CENTRAL_SOUTH_ASIA
75	[0.1, 0.18)	253	12645	12898	0.9803845557450768	CENTRAL_SOUTH_ASIA
75	[0.18, 0.3)	405	11263	11668	0.9652896811792938	CENTRAL_SOUTH_ASIA
75	[0.3, 0.51)	525	10528	11053	0.9525015832805573	CENTRAL_SOUTH_ASIA
76	[0.01, 0.03)	102	9198	9300	0.9890322580645161	EAST_ASIA
76	[0.03, 0.06)	147	10172	10319	0.9857544335691443	EAST_ASIA
76	[0.06, 0.1)	154	10298	10452	0.9852659778032913	EAST_ASIA
76	[0.1, 0.18)	273	12625	12898	0.978833927740735	EAST_ASIA
76	[0.18, 0.3)	394	11274	11668	0.9662324305793624	EAST_ASIA
76	[0.3, 0.51)	390	10663	11053	0.9647154618655569	EAST_ASIA
77	[0.01, 0.03)	76	9224	9300	0.9918279569892473	EAST_ASIA
77	[0.03, 0.06)	115	10204	10319	0.9888555092547727	EAST_ASIA
77	[0.06, 0.1)	157	10295	10452	0.9849789513968619	EAST_ASIA
77	[0.1, 0.18)	282	12616	12898	0.9781361451387812	EAST_ASIA
77	[0.18, 0.3)	378	11290	11668	0.9676037024340075	EAST_ASIA
77	[0.3, 0.51)	551	10502	11053	0.9501492807382611	EAST_ASIA
78	[0.01, 0.03)	89	9211	9300	0.9904301075268818	EAST_ASIA
78	[0.03, 0.06)	133	10186	10319	0.9871111541816068	EAST_ASIA
78	[0.06, 0.1)	195	10257	10452	0.9813432835820896	EAST_ASIA
78	[0.1, 0.18)	273	12625	12898	0.978833927740735	EAST_ASIA
78	[0.18, 0.3)	375	11293	11668	0.9678608159067535	EAST_ASIA
78	[0.3, 0.51)	726	10327	11053	0.9343164751651135	EAST_ASIA
79	[0.01, 0.03)	92	9208	9300	0.9901075268817204	EAST_ASIA
79	[0.03, 0.06)	115	10204	10319	0.9888555092547727	EAST_ASIA
79	[0.06, 0.1)	133	10319	10452	0.987275162648297	EAST_ASIA
79	[0.1, 0.18)	297	12601	12898	0.9769731741355249	EAST_ASIA
79	[0.18, 0.3)	317	11351	11668	0.9728316763798424	EAST_ASIA
79	[0.3, 0.51)	368	10685	11053	0.9667058717090383	EAST_ASIA
80	[0.01, 0.03)	82	9218	9300	0.9911827956989248	EAST_ASIA
80	[0.03, 0.06)	112	10207	10319	0.9891462351003004	EAST_ASIA
80	[0.06, 0.1)	151	10301	10452	0.9855530042097206	EAST_ASIA
80	[0.1, 0.18)	219	12679	12898	0.9830206233524578	EAST_ASIA
80	[0.18, 0.3)	386	11282	11668	0.966918066506685	EAST_ASIA
80	[0.3, 0.51)	468	10585	11053	0.9576585542386682	EAST_ASIA
81	[0.01, 0.03)	116	9184	9300	0.9875268817204301	EAST_ASIA
81	[0.03, 0.06)	135	10184	10319	0.9869173369512549	EAST_ASIA
81	[0.06, 0.1)	142	10310	10452	0.9864140834290088	EAST_ASIA
81	[0.1, 0.18)	234	12664	12898	0.9818576523492014	EAST_ASIA
81	[0.18, 0.3)	422	11246	11668	0.9638327048337333	EAST_ASIA
81	[0.3, 0.51)	533	10520	11053	0.9517777978829277	EAST_ASIA
82	[0.01, 0.03)	78	9222	9300	0.9916129032258064	EAST_ASIA
82	[0.03, 0.06)	132	10187	10319	0.9872080627967826	EAST_ASIA
82	[0.06, 0.1)	180	10272	10452	0.9827784156142365	EAST_ASIA
82	[0.1, 0.18)	301	12597	12898	0.9766630485346566	EAST_ASIA
82	[0.18, 0.3)	470	11198	11668	0.9597188892697978	EAST_ASIA
82	[0.3, 0.51)	554	10499	11053	0.94987786121415	EAST_ASIA
83	[0.01, 0.03)	83	9217	9300	0.9910752688172043	EAST_ASIA
83	[0.03, 0.06)	87	10232	10319	0.9915689504796976	EAST_ASIA
83	[0.06, 0.1)	164	10288	10452	0.9843092231151933	EAST_ASIA
83	[0.1, 0.18)	189	12709	12898	0.9853465653589704	EAST_ASIA
83	[0.18, 0.3)	348	11320	11668	0.9701748371614672	EAST_ASIA
83	[0.3, 0.51)	621	10432	11053	0.9438161585090021	EAST_ASIA
84	[0.01, 0.03)	188	9112	9300	0.9797849462365591	CENTRAL_SOUTH_ASIA
84	[0.03, 0.06)	145	10174	10319	0.9859482507994961	CENTRAL_SOUTH_ASIA
84	[0.06, 0.1)	159	10293	10452	0.9847876004592423	CENTRAL_SOUTH_ASIA
84	[0.1, 0.18)	306	12592	12898	0.9762753915335711	CENTRAL_SOUTH_ASIA
84	[0.18, 0.3)	363	11305	11668	0.9688892697977374	CENTRAL_SOUTH_ASIA
84	[0.3, 0.51)	322	10731	11053	0.9708676377454085	CENTRAL_SOUTH_ASIA
85	[0.01, 0.03)	197	9103	9300	0.9788172043010752	CENTRAL_SOUTH_ASIA
85	[0.03, 0.06)	186	10133	10319	0.9819749975772846	CENTRAL_SOUTH_ASIA
85	[0.06, 0.1)	165	10287	10452	0.9842135476463835	CENTRAL_SOUTH_ASIA
85	[0.1, 0.18)	290	12608	12898	0.9775158939370445	CENTRAL_SOUTH_ASIA
85	[0.18, 0.3)	428	11240	11668	0.9633184778882413	CENTRAL_SOUTH_ASIA
85	[0.3, 0.51)	477	10576	11053	0.9568442956663349	CENTRAL_SOUTH_ASIA
86	[0.01, 0.03)	151	9149	9300	0.983763440860215	CENTRAL_SOUTH_ASIA
86	[0.03, 0.06)	145	10174	10319	0.9859482507994961	CENTRAL_SOUTH_ASIA
86	[0.06, 0.1)	157	10295	10452	0.9849789513968619	CENTRAL_SOUTH_ASIA
86	[0.1, 0.18)	242	12656	12898	0.9812374011474647	CENTRAL_SOUTH_ASIA
86	[0.18, 0.3)	332	11336	11668	0.9715461090161125	CENTRAL_SOUTH_ASIA
86	[0.3, 0.51)	468	10585	11053	0.9576585542386682	CENTRAL_SOUTH_ASIA
87	[0.01, 0.03)	192	9108	9300	0.9793548387096774	CENTRAL_SOUTH_ASIA
87	[0.03, 0.06)	171	10148	10319	0.9834286268049229	CENTRAL_SOUTH_ASIA
87	[0.06, 0.1)	169	10283	10452	0.9838308457711443	CENTRAL_SOUTH_ASIA
87	[0.1, 0.18)	253	12645	12898	0.9803845557450768	CENTRAL_SOUTH_ASIA
87	[0.18, 0.3)	289	11379	11668	0.9752314021254713	CENTRAL_SOUTH_ASIA
87	[0.3, 0.51)	431	10622	11053	0.9610060617027052	CENTRAL_SOUTH_ASIA
88	[0.01, 0.03)	80	9220	9300	0.9913978494623656	AMERICA
88	[0.03, 0.06)	104	10215	10319	0.9899215040217075	AMERICA
88	[0.06, 0.1)	189	10263	10452	0.9819173363949484	AMERICA
88	[0.1, 0.18)	165	12733	12898	0.9872073189641805	AMERICA
88	[0.18, 0.3)	259	11409	11668	0.9778025368529311	AMERICA
88	[0.3, 0.51)	343	10710	11053	0.9689677010766308	AMERICA
89	[0.01, 0.03)	94	9206	9300	0.9898924731182795	AMERICA
89	[0.03, 0.06)	76	10243	10319	0.9926349452466324	AMERICA
89	[0.06, 0.1)	148	10304	10452	0.98584003061615	AMERICA
89	[0.1, 0.18)	187	12711	12898	0.9855016281594046	AMERICA
89	[0.18, 0.3)	238	11430	11668	0.9796023311621529	AMERICA
89	[0.3, 0.51)	258	10795	11053	0.9766579209264453	AMERICA
90	[0.01, 0.03)	83	9217	9300	0.9910752688172043	AMERICA
90	[0.03, 0.06)	75	10244	10319	0.9927318538618083	AMERICA
90	[0.06, 0.1)	154	10298	10452	0.9852659778032913	AMERICA
90	[0.1, 0.18)	187	12711	12898	0.9855016281594046	AMERICA
90	[0.18, 0.3)	294	11374	11668	0.9748028796708947	AMERICA
90	[0.3, 0.51)	397	10656	11053	0.964082149642631	AMERICA
91	[0.01, 0.03)	74	9226	9300	0.9920430107526882	AMERICA
91	[0.03, 0.06)	102	10217	10319	0.9901153212520593	AMERICA
91	[0.06, 0.1)	137	10315	10452	0.9868924607730578	AMERICA
91	[0.1, 0.18)	212	12686	12898	0.9835633431539773	AMERICA
91	[0.18, 0.3)	266	11402	11668	0.9772026054165238	AMERICA
91	[0.3, 0.51)	454	10599	11053	0.95892517868452	AMERICA
92	[0.01, 0.03)	84	9216	9300	0.9909677419354839	EAST_ASIA
92	[0.03, 0.06)	128	10191	10319	0.9875956972574862	EAST_ASIA
92	[0.06, 0.1)	165	10287	10452	0.9842135476463835	EAST_ASIA
92	[0.1, 0.18)	236	12662	12898	0.9817025895487672	EAST_ASIA
92	[0.18, 0.3)	427	11241	11668	0.9634041823791567	EAST_ASIA
92	[0.3, 0.51)	542	10511	11053	0.9509635393105944	EAST_ASIA
93	[0.01, 0.03)	100	9200	9300	0.989247311827957	EAST_ASIA
93	[0.03, 0.06)	173	10146	10319	0.9832348095745712	EAST_ASIA
93	[0.06, 0.1)	231	10221	10452	0.9778989667049368	EAST_ASIA
93	[0.1, 0.18)	288	12610	12898	0.9776709567374787	EAST_ASIA
93	[0.18, 0.3)	344	11324	11668	0.9705176551251286	EAST_ASIA
93	[0.3, 0.51)	428	10625	11053	0.9612774812268162	EAST_ASIA
94	[0.01, 0.03)	75	9225	9300	0.9919354838709677	EAST_ASIA
94	[0.03, 0.06)	119	10200	10319	0.9884678747940692	EAST_ASIA
94	[0.06, 0.1)	153	10299	10452	0.985361653272101	EAST_ASIA
94	[0.1, 0.18)	230	12668	12898	0.9821677779500698	EAST_ASIA
94	[0.18, 0.3)	337	11331	11668	0.9711175865615358	EAST_ASIA
94	[0.3, 0.51)	455	10598	11053	0.9588347055098163	EAST_ASIA
95	[0.01, 0.03)	87	9213	9300	0.9906451612903225	EAST_ASIA
95	[0.03, 0.06)	114	10205	10319	0.9889524178699486	EAST_ASIA
95	[0.06, 0.1)	161	10291	10452	0.9845962495216226	EAST_ASIA
95	[0.1, 0.18)	342	12556	12898	0.9734842611257559	EAST_ASIA
95	[0.18, 0.3)	384	11284	11668	0.9670894754885156	EAST_ASIA
95	[0.3, 0.51)	486	10567	11053	0.9560300370940016	EAST_ASIA
96	[0.01, 0.03)	126	9174	9300	0.9864516129032258	CENTRAL_SOUTH_ASIA
96	[0.03, 0.06)	116	10203	10319	0.9887586006395969	CENTRAL_SOUTH_ASIA
96	[0.06, 0.1)	134	10318	10452	0.9871794871794872	CENTRAL_SOUTH_ASIA
96	[0.1, 0.18)	168	12730	12898	0.9869747247635292	CENTRAL_SOUTH_ASIA
96	[0.18, 0.3)	288	11380	11668	0.9753171066163867	CENTRAL_SOUTH_ASIA
96	[0.3, 0.51)	502	10551	11053	0.9545824662987424	CENTRAL_SOUTH_ASIA
97	[0.01, 0.03)	152	9148	9300	0.9836559139784946	CENTRAL_SOUTH_ASIA
97	[0.03, 0.06)	171	10148	10319	0.9834286268049229	CENTRAL_SOUTH_ASIA
97	[0.06, 0.1)	154	10298	10452	0.9852659778032913	CENTRAL_SOUTH_ASIA
97	[0.1, 0.18)	284	12614	12898	0.977981082338347	CENTRAL_SOUTH_ASIA
97	[0.18, 0.3)	343	11325	11668	0.9706033596160438	CENTRAL_SOUTH_ASIA
97	[0.3, 0.51)	490	10563	11053	0.9556681443951869	CENTRAL_SOUTH_ASIA
98	[0.01, 0.03)	166	9134	9300	0.9821505376344086	CENTRAL_SOUTH_ASIA
98	[0.03, 0.06)	137	10182	10319	0.9867235197209032	CENTRAL_SOUTH_ASIA
98	[0.06, 0.1)	133	10319	10452	0.987275162648297	CENTRAL_SOUTH_ASIA
98	[0.1, 0.18)	272	12626	12898	0.9789114591409521	CENTRAL_SOUTH_ASIA
98	[0.18, 0.3)	333	11335	11668	0.9714604045251971	CENTRAL_SOUTH_ASIA
98	[0.3, 0.51)	470	10583	11053	0.9574776078892608	CENTRAL_SOUTH_ASIA
99	[0.01, 0.03)	185	9115	9300	0.9801075268817204	CENTRAL_SOUTH_ASIA
99	[0.03, 0.06)	247	10072	10319	0.9760635720515554	CENTRAL_SOUTH_ASIA
99	[0.06, 0.1)	326	10126	10452	0.9688097971680061	CENTRAL_SOUTH_ASIA
99	[0.1, 0.18)	263	12635	12898	0.9796092417429059	CENTRAL_SOUTH_ASIA
99	[0.18, 0.3)	408	11260	11668	0.9650325677065478	CENTRAL_SOUTH_ASIA
99	[0.3, 0.51)	534	10519	11053	0.951687324708224	CENTRAL_SOUTH_ASIA
100	[0.01, 0.03)	92	9208	9300	0.9901075268817204	AFRICA
100	[0.03, 0.06)	210	10109	10319	0.9796491908130632	AFRICA
100	[0.06, 0.1)	250	10202	10452	0.9760811327975507	AFRICA
100	[0.1, 0.18)	471	12427	12898	0.9634827104977516	AFRICA
100	[0.18, 0.3)	485	11183	11668	0.9584333219060679	AFRICA
100	[0.3, 0.51)	518	10535	11053	0.9531348955034832	AFRICA
101	[0.01, 0.03)	111	9189	9300	0.9880645161290322	AFRICA
101	[0.03, 0.06)	247	10072	10319	0.9760635720515554	AFRICA
101	[0.06, 0.1)	247	10205	10452	0.9763681592039801	AFRICA
101	[0.1, 0.18)	512	12386	12898	0.9603039230888509	AFRICA
101	[0.18, 0.3)	540	11128	11668	0.953719574905725	AFRICA
101	[0.3, 0.51)	572	10481	11053	0.9482493440694834	AFRICA
102	[0.01, 0.03)	116	9184	9300	0.9875268817204301	AFRICA
102	[0.03, 0.06)	232	10087	10319	0.9775172012791937	AFRICA
102	[0.06, 0.1)	295	10157	10452	0.9717757367011098	AFRICA
102	[0.1, 0.18)	523	12375	12898	0.959451077686463	AFRICA
102	[0.18, 0.3)	503	11165	11668	0.9568906410695921	AFRICA
102	[0.3, 0.51)	681	10372	11053	0.93838776802678	AFRICA
103	[0.01, 0.03)	126	9174	9300	0.9864516129032258	AFRICA
103	[0.03, 0.06)	241	10078	10319	0.9766450237426108	AFRICA
103	[0.06, 0.1)	284	10168	10452	0.9728281668580177	AFRICA
103	[0.1, 0.18)	557	12341	12898	0.956815010079082	AFRICA
103	[0.18, 0.3)	526	11142	11668	0.9549194377785396	AFRICA
103	[0.3, 0.51)	565	10488	11053	0.9488826562924093	AFRICA
104	[0.01, 0.03)	77	9223	9300	0.9917204301075269	AMERICA
104	[0.03, 0.06)	67	10252	10319	0.9935071227832154	AMERICA
104	[0.06, 0.1)	100	10352	10452	0.9904324531190203	AMERICA
104	[0.1, 0.18)	122	12776	12898	0.9905411691735153	AMERICA
104	[0.18, 0.3)	241	11427	11668	0.979345217689407	AMERICA
104	[0.3, 0.51)	213	10840	11053	0.9807292137881118	AMERICA
105	[0.01, 0.03)	110	9190	9300	0.9881720430107527	AMERICA
105	[0.03, 0.06)	145	10174	10319	0.9859482507994961	AMERICA
105	[0.06, 0.1)	125	10327	10452	0.9880405663987754	AMERICA
105	[0.1, 0.18)	234	12664	12898	0.9818576523492014	AMERICA
105	[0.18, 0.3)	309	11359	11668	0.9735173123071649	AMERICA
105	[0.3, 0.51)	426	10627	11053	0.9614584275762237	AMERICA
106	[0.01, 0.03)	59	9241	9300	0.9936559139784946	AMERICA
106	[0.03, 0.06)	82	10237	10319	0.992053493555577	AMERICA
106	[0.06, 0.1)	135	10317	10452	0.9870838117106774	AMERICA
106	[0.1, 0.18)	230	12668	12898	0.9821677779500698	AMERICA
106	[0.18, 0.3)	269	11399	11668	0.9769454919437779	AMERICA
106	[0.3, 0.51)	357	10696	11053	0.967701076630779	AMERICA
107	[0.01, 0.03)	65	9235	9300	0.9930107526881721	AMERICA
107	[0.03, 0.06)	93	10226	10319	0.9909874987886423	AMERICA
107	[0.06, 0.1)	120	10332	10452	0.9885189437428243	AMERICA
107	[0.1, 0.18)	212	12686	12898	0.9835633431539773	AMERICA
107	[0.18, 0.3)	240	11428	11668	0.9794309221803222	AMERICA
107	[0.3, 0.51)	413	10640	11053	0.9626345788473718	AMERICA
108	[0.01, 0.03)	327	8973	9300	0.9648387096774194	AFRICA
108	[0.03, 0.06)	469	9850	10319	0.954549859482508	AFRICA
108	[0.06, 0.1)	601	9851	10452	0.9424990432453119	AFRICA
108	[0.1, 0.18)	1109	11789	12898	0.9140176771592495	AFRICA
108	[0.18, 0.3)	1075	10593	11668	0.9078676722660267	AFRICA
108	[0.3, 0.51)	1308	9745	11053	0.8816610874875599	AFRICA
109	[0.01, 0.03)	337	8963	9300	0.963763440860215	AFRICA
109	[0.03, 0.06)	653	9666	10319	0.9367186742901444	AFRICA
109	[0.06, 0.1)	697	9755	10452	0.9333141982395714	AFRICA
109	[0.1, 0.18)	1183	11715	12898	0.908280353543185	AFRICA
109	[0.18, 0.3)	1126	10542	11668	0.9034967432293453	AFRICA
109	[0.3, 0.51)	1373	9680	11053	0.8757803311318194	AFRICA
110	[0.01, 0.03)	255	9045	9300	0.9725806451612903	AFRICA
110	[0.03, 0.06)	559	9760	10319	0.945828084116678	AFRICA
110	[0.06, 0.1)	688	9764	10452	0.9341752774588595	AFRICA
110	[0.1, 0.18)	1172	11726	12898	0.909133198945573	AFRICA
110	[0.18, 0.3)	1216	10452	11668	0.895783339046966	AFRICA
110	[0.3, 0.51)	1381	9672	11053	0.8750565457341898	AFRICA
111	[0.01, 0.03)	313	8987	9300	0.9663440860215053	AFRICA
111	[0.03, 0.06)	563	9756	10319	0.9454404496559744	AFRICA
111	[0.06, 0.1)	703	9749	10452	0.9327401454267126	AFRICA
111	[0.1, 0.18)	1110	11788	12898	0.9139401457590324	AFRICA
111	[0.18, 0.3)	1122	10546	11668	0.9038395611930066	AFRICA
111	[0.3, 0.51)	1250	9803	11053	0.8869085316203745	AFRICA
112	[0.01, 0.03)	89	9211	9300	0.9904301075268818	EAST_ASIA
112	[0.03, 0.06)	152	10167	10319	0.9852698904932649	EAST_ASIA
112	[0.06, 0.1)	174	10278	10452	0.9833524684270953	EAST_ASIA
112	[0.1, 0.18)	300	12598	12898	0.9767405799348736	EAST_ASIA
112	[0.18, 0.3)	446	11222	11668	0.9617757970517655	EAST_ASIA
112	[0.3, 0.51)	406	10647	11053	0.9632678910702976	EAST_ASIA
113	[0.01, 0.03)	94	9206	9300	0.9898924731182795	EAST_ASIA
113	[0.03, 0.06)	128	10191	10319	0.9875956972574862	EAST_ASIA
113	[0.06, 0.1)	164	10288	10452	0.9843092231151933	EAST_ASIA
113	[0.1, 0.18)	230	12668	12898	0.9821677779500698	EAST_ASIA
113	[0.18, 0.3)	377	11291	11668	0.9676894069249229	EAST_ASIA
113	[0.3, 0.51)	542	10511	11053	0.9509635393105944	EAST_ASIA
114	[0.01, 0.03)	71	9229	9300	0.9923655913978494	EAST_ASIA
114	[0.03, 0.06)	114	10205	10319	0.9889524178699486	EAST_ASIA
114	[0.06, 0.1)	150	10302	10452	0.9856486796785304	EAST_ASIA
114	[0.1, 0.18)	282	12616	12898	0.9781361451387812	EAST_ASIA
114	[0.18, 0.3)	383	11285	11668	0.9671751799794309	EAST_ASIA
114	[0.3, 0.51)	431	10622	11053	0.9610060617027052	EAST_ASIA
115	[0.01, 0.03)	82	9218	9300	0.9911827956989248	EAST_ASIA
115	[0.03, 0.06)	128	10191	10319	0.9875956972574862	EAST_ASIA
115	[0.06, 0.1)	191	10261	10452	0.9817259854573287	EAST_ASIA
115	[0.1, 0.18)	242	12656	12898	0.9812374011474647	EAST_ASIA
115	[0.18, 0.3)	376	11292	11668	0.9677751114158382	EAST_ASIA
115	[0.3, 0.51)	499	10554	11053	0.9548538858228536	EAST_ASIA
116	[0.01, 0.03)	108	9192	9300	0.9883870967741936	EAST_ASIA
116	[0.03, 0.06)	137	10182	10319	0.9867235197209032	EAST_ASIA
116	[0.06, 0.1)	163	10289	10452	0.984404898584003	EAST_ASIA
116	[0.1, 0.18)	322	12576	12898	0.9750348891300977	EAST_ASIA
116	[0.18, 0.3)	421	11247	11668	0.9639184093246486	EAST_ASIA
116	[0.3, 0.51)	515	10538	11053	0.9534063150275943	EAST_ASIA
117	[0.01, 0.03)	89	9211	9300	0.9904301075268818	EAST_ASIA
117	[0.03, 0.06)	105	10214	10319	0.9898245954065317	EAST_ASIA
117	[0.06, 0.1)	124	10328	10452	0.9881362418675852	EAST_ASIA
117	[0.1, 0.18)	228	12670	12898	0.9823228407505039	EAST_ASIA
117	[0.18, 0.3)	379	11289	11668	0.9675179979430922	EAST_ASIA
117	[0.3, 0.51)	394	10659	11053	0.9643535691667421	EAST_ASIA
118	[0.01, 0.03)	97	9203	9300	0.9895698924731183	EAST_ASIA
118	[0.03, 0.06)	112	10207	10319	0.9891462351003004	EAST_ASIA
118	[0.06, 0.1)	137	10315	10452	0.9868924607730578	EAST_ASIA
118	[0.1, 0.18)	274	12624	12898	0.9787563963405179	EAST_ASIA
118	[0.18, 0.3)	340	11328	11668	0.9708604730887899	EAST_ASIA
118	[0.3, 0.51)	526	10527	11053	0.9524111101058537	EAST_ASIA
119	[0.01, 0.03)	112	9188	9300	0.9879569892473118	EAST_ASIA
119	[0.03, 0.06)	100	10219	10319	0.9903091384824111	EAST_ASIA
119	[0.06, 0.1)	144	10308	10452	0.9862227324913893	EAST_ASIA
119	[0.1, 0.18)	266	12632	12898	0.9793766475422546	EAST_ASIA
119	[0.18, 0.3)	381	11287	11668	0.9673465889612616	EAST_ASIA
119	[0.3, 0.51)	545	10508	11053	0.9506921197864833	EAST_ASIA
120	[0.01, 0.03)	188	9112	9300	0.9797849462365591	MIDDLE_EAST
120	[0.03, 0.06)	184	10135	10319	0.9821688148076364	MIDDLE_EAST
120	[0.06, 0.1)	195	10257	10452	0.9813432835820896	MIDDLE_EAST
120	[0.1, 0.18)	346	12552	12898	0.9731741355248876	MIDDLE_EAST
120	[0.18, 0.3)	436	11232	11668	0.9626328419609188	MIDDLE_EAST
120	[0.3, 0.51)	493	10560	11053	0.9553967248710757	MIDDLE_EAST
121	[0.01, 0.03)	158	9142	9300	0.9830107526881721	MIDDLE_EAST
121	[0.03, 0.06)	168	10151	10319	0.9837193526504506	MIDDLE_EAST
121	[0.06, 0.1)	197	10255	10452	0.98115193264447	MIDDLE_EAST
121	[0.1, 0.18)	330	12568	12898	0.974414637928361	MIDDLE_EAST
121	[0.18, 0.3)	409	11259	11668	0.9649468632156325	MIDDLE_EAST
121	[0.3, 0.51)	552	10501	11053	0.9500588075635574	MIDDLE_EAST
122	[0.01, 0.03)	196	9104	9300	0.9789247311827957	MIDDLE_EAST
122	[0.03, 0.06)	191	10128	10319	0.9814904545014052	MIDDLE_EAST
122	[0.06, 0.1)	231	10221	10452	0.9778989667049368	MIDDLE_EAST
122	[0.1, 0.18)	338	12560	12898	0.9737943867266243	MIDDLE_EAST
122	[0.18, 0.3)	368	11300	11668	0.9684607473431608	MIDDLE_EAST
122	[0.3, 0.51)	425	10628	11053	0.9615489007509274	MIDDLE_EAST
123	[0.01, 0.03)	166	9134	9300	0.9821505376344086	MIDDLE_EAST
123	[0.03, 0.06)	165	10154	10319	0.9840100784959783	MIDDLE_EAST
123	[0.06, 0.1)	221	10231	10452	0.9788557213930348	MIDDLE_EAST
123	[0.1, 0.18)	413	12485	12898	0.9679795317103427	MIDDLE_EAST
123	[0.18, 0.3)	405	11263	11668	0.9652896811792938	MIDDLE_EAST
123	[0.3, 0.51)	488	10565	11053	0.9558490907445942	MIDDLE_EAST
124	[0.01, 0.03)	76	9224	9300	0.9918279569892473	EAST_ASIA
124	[0.03, 0.06)	87	10232	10319	0.9915689504796976	EAST_ASIA
124	[0.06, 0.1)	130	10322	10452	0.9875621890547264	EAST_ASIA
124	[0.1, 0.18)	235	12663	12898	0.9817801209489844	EAST_ASIA
124	[0.18, 0.3)	326	11342	11668	0.9720603359616043	EAST_ASIA
124	[0.3, 0.51)	377	10676	11053	0.965891613136705	EAST_ASIA
125	[0.01, 0.03)	101	9199	9300	0.9891397849462366	EAST_ASIA
125	[0.03, 0.06)	160	10159	10319	0.9844946215718577	EAST_ASIA
125	[0.06, 0.1)	197	10255	10452	0.98115193264447	EAST_ASIA
125	[0.1, 0.18)	256	12642	12898	0.9801519615444255	EAST_ASIA
125	[0.18, 0.3)	331	11337	11668	0.9716318135070278	EAST_ASIA
125	[0.3, 0.51)	483	10570	11053	0.9563014566181127	EAST_ASIA
126	[0.01, 0.03)	112	9188	9300	0.9879569892473118	EAST_ASIA
126	[0.03, 0.06)	136	10183	10319	0.9868204283360791	EAST_ASIA
126	[0.06, 0.1)	196	10256	10452	0.9812476081132797	EAST_ASIA
126	[0.1, 0.18)	240	12658	12898	0.9813924639478989	EAST_ASIA
126	[0.18, 0.3)	366	11302	11668	0.9686321563249914	EAST_ASIA
126	[0.3, 0.51)	437	10616	11053	0.9604632226544829	EAST_ASIA
127	[0.01, 0.03)	99	9201	9300	0.9893548387096774	EAST_ASIA
127	[0.03, 0.06)	114	10205	10319	0.9889524178699486	EAST_ASIA
127	[0.06, 0.1)	161	10291	10452	0.9845962495216226	EAST_ASIA
127	[0.1, 0.18)	338	12560	12898	0.9737943867266243	EAST_ASIA
127	[0.18, 0.3)	373	11295	11668	0.9680322248885842	EAST_ASIA
127	[0.3, 0.51)	450	10603	11053	0.9592870713833348	EAST_ASIA
128	[0.01, 0.03)	97	9203	9300	0.9895698924731183	EAST_ASIA
128	[0.03, 0.06)	129	10190	10319	0.9874987886423103	EAST_ASIA
128	[0.06, 0.1)	202	10250	10452	0.980673555300421	EAST_ASIA
128	[0.1, 0.18)	320	12578	12898	0.9751899519305318	EAST_ASIA
128	[0.18, 0.3)	371	11297	11668	0.9682036338704149	EAST_ASIA
128	[0.3, 0.51)	492	10561	11053	0.9554871980457794	EAST_ASIA
129	[0.01, 0.03)	93	9207	9300	0.99	EAST_ASIA
129	[0.03, 0.06)	101	10218	10319	0.9902122298672352	EAST_ASIA
129	[0.06, 0.1)	178	10274	10452	0.9829697665518561	EAST_ASIA
129	[0.1, 0.18)	305	12593	12898	0.9763529229337882	EAST_ASIA
129	[0.18, 0.3)	435	11233	11668	0.9627185464518341	EAST_ASIA
129	[0.3, 0.51)	435	10618	11053	0.9606441690038904	EAST_ASIA
130	[0.01, 0.03)	66	9234	9300	0.9929032258064516	EAST_ASIA
130	[0.03, 0.06)	136	10183	10319	0.9868204283360791	EAST_ASIA
130	[0.06, 0.1)	169	10283	10452	0.9838308457711443	EAST_ASIA
130	[0.1, 0.18)	230	12668	12898	0.9821677779500698	EAST_ASIA
130	[0.18, 0.3)	356	11312	11668	0.9694892012341446	EAST_ASIA
130	[0.3, 0.51)	419	10634	11053	0.9620917397991495	EAST_ASIA
131	[0.01, 0.03)	86	9214	9300	0.990752688172043	EAST_ASIA
131	[0.03, 0.06)	116	10203	10319	0.9887586006395969	EAST_ASIA
131	[0.06, 0.1)	166	10286	10452	0.9841178721775736	EAST_ASIA
131	[0.1, 0.18)	301	12597	12898	0.9766630485346566	EAST_ASIA
131	[0.18, 0.3)	358	11310	11668	0.9693177922523141	EAST_ASIA
131	[0.3, 0.51)	551	10502	11053	0.9501492807382611	EAST_ASIA
132	[0.01, 0.03)	112	9188	9300	0.9879569892473118	EUROPE
132	[0.03, 0.06)	104	10215	10319	0.9899215040217075	EUROPE
132	[0.06, 0.1)	119	10333	10452	0.9886146192116342	EUROPE
132	[0.1, 0.18)	225	12673	12898	0.9825554349511553	EUROPE
132	[0.18, 0.3)	302	11366	11668	0.9741172437435721	EUROPE
132	[0.3, 0.51)	368	10685	11053	0.9667058717090383	EUROPE
133	[0.01, 0.03)	162	9138	9300	0.9825806451612903	EUROPE
133	[0.03, 0.06)	96	10223	10319	0.9906967729431146	EUROPE
133	[0.06, 0.1)	130	10322	10452	0.9875621890547264	EUROPE
133	[0.1, 0.18)	203	12695	12898	0.9842611257559312	EUROPE
133	[0.18, 0.3)	239	11429	11668	0.9795166266712376	EUROPE
133	[0.3, 0.51)	365	10688	11053	0.9669772912331493	EUROPE
134	[0.01, 0.03)	134	9166	9300	0.9855913978494624	EUROPE
134	[0.03, 0.06)	134	10185	10319	0.9870142455664308	EUROPE
134	[0.06, 0.1)	128	10324	10452	0.9877535399923459	EUROPE
134	[0.1, 0.18)	171	12727	12898	0.986742130562878	EUROPE
134	[0.18, 0.3)	208	11460	11668	0.9821734658896126	EUROPE
134	[0.3, 0.51)	337	10716	11053	0.9695105401248529	EUROPE
135	[0.01, 0.03)	154	9146	9300	0.9834408602150537	EUROPE
135	[0.03, 0.06)	92	10227	10319	0.9910844074038182	EUROPE
135	[0.06, 0.1)	141	10311	10452	0.9865097588978186	EUROPE
135	[0.1, 0.18)	237	12661	12898	0.9816250581485502	EUROPE
135	[0.18, 0.3)	268	11400	11668	0.9770311964346932	EUROPE
135	[0.3, 0.51)	336	10717	11053	0.9696010132995567	EUROPE
136	[0.01, 0.03)	113	9187	9300	0.9878494623655913	EAST_ASIA
136	[0.03, 0.06)	129	10190	10319	0.9874987886423103	EAST_ASIA
136	[0.06, 0.1)	142	10310	10452	0.9864140834290088	EAST_ASIA
136	[0.1, 0.18)	268	12630	12898	0.9792215847418204	EAST_ASIA
136	[0.18, 0.3)	347	11321	11668	0.9702605416523826	EAST_ASIA
136	[0.3, 0.51)	445	10608	11053	0.9597394372568533	EAST_ASIA
137	[0.01, 0.03)	80	9220	9300	0.9913978494623656	EAST_ASIA
137	[0.03, 0.06)	125	10194	10319	0.9878864231030139	EAST_ASIA
137	[0.06, 0.1)	154	10298	10452	0.9852659778032913	EAST_ASIA
137	[0.1, 0.18)	205	12693	12898	0.984106062955497	EAST_ASIA
137	[0.18, 0.3)	360	11308	11668	0.9691463832704834	EAST_ASIA
137	[0.3, 0.51)	442	10611	11053	0.9600108567809644	EAST_ASIA
138	[0.01, 0.03)	100	9200	9300	0.989247311827957	EAST_ASIA
138	[0.03, 0.06)	154	10165	10319	0.985076073262913	EAST_ASIA
138	[0.06, 0.1)	128	10324	10452	0.9877535399923459	EAST_ASIA
138	[0.1, 0.18)	223	12675	12898	0.9827104977515894	EAST_ASIA
138	[0.18, 0.3)	299	11369	11668	0.9743743572163182	EAST_ASIA
138	[0.3, 0.51)	495	10558	11053	0.9552157785216683	EAST_ASIA
139	[0.01, 0.03)	103	9197	9300	0.9889247311827957	EAST_ASIA
139	[0.03, 0.06)	130	10189	10319	0.9874018800271344	EAST_ASIA
139	[0.06, 0.1)	184	10268	10452	0.9823957137389974	EAST_ASIA
139	[0.1, 0.18)	376	12522	12898	0.9708481935183749	EAST_ASIA
139	[0.18, 0.3)	394	11274	11668	0.9662324305793624	EAST_ASIA
139	[0.3, 0.51)	453	10600	11053	0.9590156518592238	EAST_ASIA
140	[0.01, 0.03)	189	9111	9300	0.9796774193548388	MIDDLE_EAST
140	[0.03, 0.06)	190	10129	10319	0.981587363116581	MIDDLE_EAST
140	[0.06, 0.1)	249	10203	10452	0.9761768082663606	MIDDLE_EAST
140	[0.1, 0.18)	319	12579	12898	0.975267483330749	MIDDLE_EAST
140	[0.18, 0.3)	419	11249	11668	0.9640898183064792	MIDDLE_EAST
140	[0.3, 0.51)	610	10443	11053	0.9448113634307428	MIDDLE_EAST
141	[0.01, 0.03)	201	9099	9300	0.9783870967741936	MIDDLE_EAST
141	[0.03, 0.06)	195	10124	10319	0.9811028200407016	MIDDLE_EAST
141	[0.06, 0.1)	234	10218	10452	0.9776119402985075	MIDDLE_EAST
141	[0.1, 0.18)	323	12575	12898	0.9749573577298806	MIDDLE_EAST
141	[0.18, 0.3)	427	11241	11668	0.9634041823791567	MIDDLE_EAST
141	[0.3, 0.51)	513	10540	11053	0.9535872613770017	MIDDLE_EAST
142	[0.01, 0.03)	200	9100	9300	0.978494623655914	MIDDLE_EAST
142	[0.03, 0.06)	171	10148	10319	0.9834286268049229	MIDDLE_EAST
142	[0.06, 0.1)	219	10233	10452	0.9790470723306545	MIDDLE_EAST
142	[0.1, 0.18)	326	12572	12898	0.9747247635292293	MIDDLE_EAST
142	[0.18, 0.3)	416	11252	11668	0.9643469317792253	MIDDLE_EAST
142	[0.3, 0.51)	550	10503	11053	0.9502397539129648	MIDDLE_EAST
143	[0.01, 0.03)	192	9108	9300	0.9793548387096774	MIDDLE_EAST
143	[0.03, 0.06)	207	10112	10319	0.9799399166585909	MIDDLE_EAST
143	[0.06, 0.1)	242	10210	10452	0.9768465365480291	MIDDLE_EAST
143	[0.1, 0.18)	398	12500	12898	0.969142502713599	MIDDLE_EAST
143	[0.18, 0.3)	410	11258	11668	0.9648611587247172	MIDDLE_EAST
143	[0.3, 0.51)	577	10476	11053	0.9477969781959649	MIDDLE_EAST
144	[0.01, 0.03)	154	9146	9300	0.9834408602150537	OCEANIA
144	[0.03, 0.06)	281	10038	10319	0.9727686791355752	OCEANIA
144	[0.06, 0.1)	336	10116	10452	0.9678530424799081	OCEANIA
144	[0.1, 0.18)	497	12401	12898	0.9614668940921073	OCEANIA
144	[0.18, 0.3)	586	11082	11668	0.9497771683236201	OCEANIA
144	[0.3, 0.51)	806	10247	11053	0.9270786211888176	OCEANIA
145	[0.01, 0.03)	120	9180	9300	0.9870967741935484	OCEANIA
145	[0.03, 0.06)	224	10095	10319	0.9782924702006008	OCEANIA
145	[0.06, 0.1)	345	10107	10452	0.96699196326062	OCEANIA
145	[0.1, 0.18)	404	12494	12898	0.9686773143122965	OCEANIA
145	[0.18, 0.3)	464	11204	11668	0.9602331162152897	OCEANIA
145	[0.3, 0.51)	786	10267	11053	0.9288880846828915	OCEANIA
146	[0.01, 0.03)	171	9129	9300	0.9816129032258064	OCEANIA
146	[0.03, 0.06)	203	10116	10319	0.9803275511192945	OCEANIA
146	[0.06, 0.1)	302	10150	10452	0.9711060084194413	OCEANIA
146	[0.1, 0.18)	481	12417	12898	0.9627073964955807	OCEANIA
146	[0.18, 0.3)	508	11160	11668	0.9564621186150154	OCEANIA
146	[0.3, 0.51)	641	10412	11053	0.9420066950149281	OCEANIA
147	[0.01, 0.03)	147	9153	9300	0.9841935483870968	OCEANIA
147	[0.03, 0.06)	340	9979	10319	0.9670510708401977	OCEANIA
147	[0.06, 0.1)	429	10023	10452	0.9589552238805971	OCEANIA
147	[0.1, 0.18)	526	12372	12898	0.9592184834858117	OCEANIA
147	[0.18, 0.3)	677	10991	11668	0.9419780596503257	OCEANIA
147	[0.3, 0.51)	864	10189	11053	0.9218311770560029	OCEANIA
148	[0.01, 0.03)	167	9133	9300	0.9820430107526882	OCEANIA
148	[0.03, 0.06)	215	10104	10319	0.9791646477371838	OCEANIA
148	[0.06, 0.1)	322	10130	10452	0.9691924990432453	OCEANIA
148	[0.1, 0.18)	479	12419	12898	0.9628624592960149	OCEANIA
148	[0.18, 0.3)	561	11107	11668	0.9519197805965033	OCEANIA
148	[0.3, 0.51)	695	10358	11053	0.9371211435809282	OCEANIA
149	[0.01, 0.03)	177	9123	9300	0.9809677419354839	OCEANIA
149	[0.03, 0.06)	331	9988	10319	0.9679232483767807	OCEANIA
149	[0.06, 0.1)	301	10151	10452	0.971201683888251	OCEANIA
149	[0.1, 0.18)	484	12414	12898	0.9624748022949294	OCEANIA
149	[0.18, 0.3)	552	11116	11668	0.9526911210147412	OCEANIA
149	[0.3, 0.51)	853	10200	11053	0.9228263819777436	OCEANIA
150	[0.01, 0.03)	132	9168	9300	0.9858064516129033	OCEANIA
150	[0.03, 0.06)	239	10080	10319	0.9768388409729625	OCEANIA
150	[0.06, 0.1)	303	10149	10452	0.9710103329506314	OCEANIA
150	[0.1, 0.18)	466	12432	12898	0.963870367498837	OCEANIA
150	[0.18, 0.3)	631	11037	11668	0.9459204662324305	OCEANIA
150	[0.3, 0.51)	803	10250	11053	0.9273500407129286	OCEANIA
151	[0.01, 0.03)	125	9175	9300	0.9865591397849462	OCEANIA
151	[0.03, 0.06)	225	10094	10319	0.978195561585425	OCEANIA
151	[0.06, 0.1)	259	10193	10452	0.9752200535782626	OCEANIA
151	[0.1, 0.18)	459	12439	12898	0.9644130873003567	OCEANIA
151	[0.18, 0.3)	510	11158	11668	0.9562907096331847	OCEANIA
151	[0.3, 0.51)	810	10243	11053	0.9267167284900028	OCEANIA
152	[0.01, 0.03)	137	9163	9300	0.985268817204301	CENTRAL_SOUTH_ASIA
152	[0.03, 0.06)	116	10203	10319	0.9887586006395969	CENTRAL_SOUTH_ASIA
152	[0.06, 0.1)	153	10299	10452	0.985361653272101	CENTRAL_SOUTH_ASIA
152	[0.1, 0.18)	240	12658	12898	0.9813924639478989	CENTRAL_SOUTH_ASIA
152	[0.18, 0.3)	317	11351	11668	0.9728316763798424	CENTRAL_SOUTH_ASIA
152	[0.3, 0.51)	412	10641	11053	0.9627250520220755	CENTRAL_SOUTH_ASIA
153	[0.01, 0.03)	190	9110	9300	0.9795698924731183	CENTRAL_SOUTH_ASIA
153	[0.03, 0.06)	170	10149	10319	0.9835255354200988	CENTRAL_SOUTH_ASIA
153	[0.06, 0.1)	168	10284	10452	0.983926521239954	CENTRAL_SOUTH_ASIA
153	[0.1, 0.18)	287	12611	12898	0.9777484881376958	CENTRAL_SOUTH_ASIA
153	[0.18, 0.3)	339	11329	11668	0.9709461775797051	CENTRAL_SOUTH_ASIA
153	[0.3, 0.51)	538	10515	11053	0.9513254320094092	CENTRAL_SOUTH_ASIA
154	[0.01, 0.03)	147	9153	9300	0.9841935483870968	CENTRAL_SOUTH_ASIA
154	[0.03, 0.06)	186	10133	10319	0.9819749975772846	CENTRAL_SOUTH_ASIA
154	[0.06, 0.1)	205	10247	10452	0.9803865288939916	CENTRAL_SOUTH_ASIA
154	[0.1, 0.18)	313	12585	12898	0.9757326717320515	CENTRAL_SOUTH_ASIA
154	[0.18, 0.3)	389	11279	11668	0.966660953033939	CENTRAL_SOUTH_ASIA
154	[0.3, 0.51)	545	10508	11053	0.9506921197864833	CENTRAL_SOUTH_ASIA
155	[0.01, 0.03)	145	9155	9300	0.9844086021505376	CENTRAL_SOUTH_ASIA
155	[0.03, 0.06)	138	10181	10319	0.9866266111057272	CENTRAL_SOUTH_ASIA
155	[0.06, 0.1)	169	10283	10452	0.9838308457711443	CENTRAL_SOUTH_ASIA
155	[0.1, 0.18)	306	12592	12898	0.9762753915335711	CENTRAL_SOUTH_ASIA
155	[0.18, 0.3)	444	11224	11668	0.9619472060335962	CENTRAL_SOUTH_ASIA
155	[0.3, 0.51)	477	10576	11053	0.9568442956663349	CENTRAL_SOUTH_ASIA
156	[0.01, 0.03)	75	9225	9300	0.9919354838709677	AMERICA
156	[0.03, 0.06)	72	10247	10319	0.993022579707336	AMERICA
156	[0.06, 0.1)	112	10340	10452	0.9892843474933027	AMERICA
156	[0.1, 0.18)	180	12718	12898	0.9860443479609242	AMERICA
156	[0.18, 0.3)	297	11371	11668	0.9745457661981488	AMERICA
156	[0.3, 0.51)	395	10658	11053	0.9642630959920384	AMERICA
157	[0.01, 0.03)	85	9215	9300	0.9908602150537634	AMERICA
157	[0.03, 0.06)	86	10233	10319	0.9916658590948735	AMERICA
157	[0.06, 0.1)	117	10335	10452	0.9888059701492538	AMERICA
157	[0.1, 0.18)	251	12647	12898	0.980539618545511	AMERICA
157	[0.18, 0.3)	253	11415	11668	0.978316763798423	AMERICA
157	[0.3, 0.51)	387	10666	11053	0.9649868813896679	AMERICA
158	[0.01, 0.03)	77	9223	9300	0.9917204301075269	AMERICA
158	[0.03, 0.06)	70	10249	10319	0.9932163969376877	AMERICA
158	[0.06, 0.1)	95	10357	10452	0.9909108304630693	AMERICA
158	[0.1, 0.18)	203	12695	12898	0.9842611257559312	AMERICA
158	[0.18, 0.3)	323	11345	11668	0.9723174494343504	AMERICA
158	[0.3, 0.51)	333	10720	11053	0.9698724328236678	AMERICA
159	[0.01, 0.03)	83	9217	9300	0.9910752688172043	AMERICA
159	[0.03, 0.06)	76	10243	10319	0.9926349452466324	AMERICA
159	[0.06, 0.1)	159	10293	10452	0.9847876004592423	AMERICA
159	[0.1, 0.18)	233	12665	12898	0.9819351837494185	AMERICA
159	[0.18, 0.3)	307	11361	11668	0.9736887212889955	AMERICA
159	[0.3, 0.51)	450	10603	11053	0.9592870713833348	AMERICA
160	[0.01, 0.03)	146	9154	9300	0.9843010752688172	EUROPE
160	[0.03, 0.06)	131	10188	10319	0.9873049714119585	EUROPE
160	[0.06, 0.1)	197	10255	10452	0.98115193264447	EUROPE
160	[0.1, 0.18)	290	12608	12898	0.9775158939370445	EUROPE
160	[0.18, 0.3)	339	11329	11668	0.9709461775797051	EUROPE
160	[0.3, 0.51)	454	10599	11053	0.95892517868452	EUROPE
161	[0.01, 0.03)	182	9118	9300	0.9804301075268818	EUROPE
161	[0.03, 0.06)	122	10197	10319	0.9881771489485415	EUROPE
161	[0.06, 0.1)	111	10341	10452	0.9893800229621125	EUROPE
161	[0.1, 0.18)	238	12660	12898	0.9815475267483331	EUROPE
161	[0.18, 0.3)	249	11419	11668	0.9786595817620843	EUROPE
161	[0.3, 0.51)	386	10667	11053	0.9650773545643717	EUROPE
162	[0.01, 0.03)	129	9171	9300	0.9861290322580645	EUROPE
162	[0.03, 0.06)	130	10189	10319	0.9874018800271344	EUROPE
162	[0.06, 0.1)	141	10311	10452	0.9865097588978186	EUROPE
162	[0.1, 0.18)	322	12576	12898	0.9750348891300977	EUROPE
162	[0.18, 0.3)	385	11283	11668	0.9670037709976003	EUROPE
162	[0.3, 0.51)	687	10366	11053	0.9378449289785579	EUROPE
163	[0.01, 0.03)	208	9092	9300	0.9776344086021506	EUROPE
163	[0.03, 0.06)	153	10166	10319	0.985172981878089	EUROPE
163	[0.06, 0.1)	170	10282	10452	0.9837351703023345	EUROPE
163	[0.1, 0.18)	235	12663	12898	0.9817801209489844	EUROPE
163	[0.18, 0.3)	350	11318	11668	0.9700034281796366	EUROPE
163	[0.3, 0.51)	417	10636	11053	0.962272686148557	EUROPE
164	[0.01, 0.03)	354	8946	9300	0.9619354838709677	AFRICA
164	[0.03, 0.06)	785	9534	10319	0.9239267370869271	AFRICA
164	[0.06, 0.1)	915	9537	10452	0.9124569460390356	AFRICA
164	[0.1, 0.18)	1404	11494	12898	0.8911459140952086	AFRICA
164	[0.18, 0.3)	1429	10239	11668	0.8775282824820021	AFRICA
164	[0.3, 0.51)	1774	9279	11053	0.8395005880756355	AFRICA
165	[0.01, 0.03)	450	8850	9300	0.9516129032258065	AFRICA
165	[0.03, 0.06)	811	9508	10319	0.9214071130923539	AFRICA
165	[0.06, 0.1)	898	9554	10452	0.9140834290088021	AFRICA
165	[0.1, 0.18)	1488	11410	12898	0.8846332764769732	AFRICA
165	[0.18, 0.3)	1575	10093	11668	0.8650154268083647	AFRICA
165	[0.3, 0.51)	1680	9373	11053	0.8480050664977834	AFRICA
166	[0.01, 0.03)	356	8944	9300	0.9617204301075268	AFRICA
166	[0.03, 0.06)	824	9495	10319	0.9201473010950674	AFRICA
166	[0.06, 0.1)	1031	9421	10452	0.9013585916570991	AFRICA
166	[0.1, 0.18)	1558	11340	12898	0.879206078461777	AFRICA
166	[0.18, 0.3)	1470	10198	11668	0.8740143983544738	AFRICA
166	[0.3, 0.51)	1710	9343	11053	0.8452908712566723	AFRICA
167	[0.01, 0.03)	330	8970	9300	0.964516129032258	AFRICA
167	[0.03, 0.06)	721	9598	10319	0.930128888458184	AFRICA
167	[0.06, 0.1)	880	9572	10452	0.9158055874473785	AFRICA
167	[0.1, 0.18)	1387	11511	12898	0.892463947898899	AFRICA
167	[0.18, 0.3)	1430	10238	11668	0.8774425779910867	AFRICA
167	[0.3, 0.51)	1640	9413	11053	0.8516239934859314	AFRICA
168	[0.01, 0.03)	170	9130	9300	0.9817204301075269	EUROPE
168	[0.03, 0.06)	132	10187	10319	0.9872080627967826	EUROPE
168	[0.06, 0.1)	144	10308	10452	0.9862227324913893	EUROPE
168	[0.1, 0.18)	277	12621	12898	0.9785238021398667	EUROPE
168	[0.18, 0.3)	359	11309	11668	0.9692320877613987	EUROPE
168	[0.3, 0.51)	538	10515	11053	0.9513254320094092	EUROPE
169	[0.01, 0.03)	178	9122	9300	0.9808602150537634	EUROPE
169	[0.03, 0.06)	140	10179	10319	0.9864327938753755	EUROPE
169	[0.06, 0.1)	159	10293	10452	0.9847876004592423	EUROPE
169	[0.1, 0.18)	327	12571	12898	0.9746472321290123	EUROPE
169	[0.18, 0.3)	409	11259	11668	0.9649468632156325	EUROPE
169	[0.3, 0.51)	406	10647	11053	0.9632678910702976	EUROPE
170	[0.01, 0.03)	184	9116	9300	0.9802150537634409	EUROPE
170	[0.03, 0.06)	104	10215	10319	0.9899215040217075	EUROPE
170	[0.06, 0.1)	118	10334	10452	0.9887102946804439	EUROPE
170	[0.1, 0.18)	253	12645	12898	0.9803845557450768	EUROPE
170	[0.18, 0.3)	335	11333	11668	0.9712889955433665	EUROPE
170	[0.3, 0.51)	477	10576	11053	0.9568442956663349	EUROPE
171	[0.01, 0.03)	170	9130	9300	0.9817204301075269	EUROPE
171	[0.03, 0.06)	162	10157	10319	0.9843008043415059	EUROPE
171	[0.06, 0.1)	167	10285	10452	0.9840221967087639	EUROPE
171	[0.1, 0.18)	274	12624	12898	0.9787563963405179	EUROPE
171	[0.18, 0.3)	397	11271	11668	0.9659753171066164	EUROPE
171	[0.3, 0.51)	572	10481	11053	0.9482493440694834	EUROPE
172	[0.01, 0.03)	86	9214	9300	0.990752688172043	EAST_ASIA
172	[0.03, 0.06)	132	10187	10319	0.9872080627967826	EAST_ASIA
172	[0.06, 0.1)	206	10246	10452	0.9802908534251817	EAST_ASIA
172	[0.1, 0.18)	249	12649	12898	0.9806946813459451	EAST_ASIA
172	[0.18, 0.3)	390	11278	11668	0.9665752485430237	EAST_ASIA
172	[0.3, 0.51)	455	10598	11053	0.9588347055098163	EAST_ASIA
173	[0.01, 0.03)	81	9219	9300	0.9912903225806452	EAST_ASIA
173	[0.03, 0.06)	94	10225	10319	0.9908905901734664	EAST_ASIA
173	[0.06, 0.1)	144	10308	10452	0.9862227324913893	EAST_ASIA
173	[0.1, 0.18)	239	12659	12898	0.981469995348116	EAST_ASIA
173	[0.18, 0.3)	367	11301	11668	0.9685464518340761	EAST_ASIA
173	[0.3, 0.51)	469	10584	11053	0.9575680810639645	EAST_ASIA
174	[0.01, 0.03)	91	9209	9300	0.9902150537634409	EAST_ASIA
174	[0.03, 0.06)	97	10222	10319	0.9905998643279388	EAST_ASIA
174	[0.06, 0.1)	166	10286	10452	0.9841178721775736	EAST_ASIA
174	[0.1, 0.18)	291	12607	12898	0.9774383625368274	EAST_ASIA
174	[0.18, 0.3)	334	11334	11668	0.9713747000342818	EAST_ASIA
174	[0.3, 0.51)	486	10567	11053	0.9560300370940016	EAST_ASIA
175	[0.01, 0.03)	90	9210	9300	0.9903225806451613	EAST_ASIA
175	[0.03, 0.06)	169	10150	10319	0.9836224440352748	EAST_ASIA
175	[0.06, 0.1)	233	10219	10452	0.9777076157673172	EAST_ASIA
175	[0.1, 0.18)	331	12567	12898	0.9743371065281439	EAST_ASIA
175	[0.18, 0.3)	413	11255	11668	0.9646040452519712	EAST_ASIA
175	[0.3, 0.51)	530	10523	11053	0.9520492174070389	EAST_ASIA
176	[0.01, 0.03)	148	9152	9300	0.9840860215053764	CENTRAL_SOUTH_ASIA
176	[0.03, 0.06)	123	10196	10319	0.9880802403333656	CENTRAL_SOUTH_ASIA
176	[0.06, 0.1)	124	10328	10452	0.9881362418675852	CENTRAL_SOUTH_ASIA
176	[0.1, 0.18)	303	12595	12898	0.9765079857342224	CENTRAL_SOUTH_ASIA
176	[0.18, 0.3)	330	11338	11668	0.9717175179979431	CENTRAL_SOUTH_ASIA
176	[0.3, 0.51)	408	10645	11053	0.9630869447208903	CENTRAL_SOUTH_ASIA
177	[0.01, 0.03)	141	9159	9300	0.9848387096774194	CENTRAL_SOUTH_ASIA
177	[0.03, 0.06)	139	10180	10319	0.9865297024905514	CENTRAL_SOUTH_ASIA
177	[0.06, 0.1)	153	10299	10452	0.985361653272101	CENTRAL_SOUTH_ASIA
177	[0.1, 0.18)	257	12641	12898	0.9800744301442084	CENTRAL_SOUTH_ASIA
177	[0.18, 0.3)	476	11192	11668	0.9592046623243058	CENTRAL_SOUTH_ASIA
177	[0.3, 0.51)	482	10571	11053	0.9563919297928164	CENTRAL_SOUTH_ASIA
178	[0.01, 0.03)	152	9148	9300	0.9836559139784946	CENTRAL_SOUTH_ASIA
178	[0.03, 0.06)	124	10195	10319	0.9879833317181898	CENTRAL_SOUTH_ASIA
178	[0.06, 0.1)	141	10311	10452	0.9865097588978186	CENTRAL_SOUTH_ASIA
178	[0.1, 0.18)	276	12622	12898	0.9786013335400837	CENTRAL_SOUTH_ASIA
178	[0.18, 0.3)	367	11301	11668	0.9685464518340761	CENTRAL_SOUTH_ASIA
178	[0.3, 0.51)	553	10500	11053	0.9499683343888538	CENTRAL_SOUTH_ASIA
179	[0.01, 0.03)	153	9147	9300	0.9835483870967742	CENTRAL_SOUTH_ASIA
179	[0.03, 0.06)	174	10145	10319	0.9831379009593952	CENTRAL_SOUTH_ASIA
179	[0.06, 0.1)	203	10249	10452	0.9805778798316112	CENTRAL_SOUTH_ASIA
179	[0.1, 0.18)	316	12582	12898	0.9755000775314002	CENTRAL_SOUTH_ASIA
179	[0.18, 0.3)	361	11307	11668	0.969060678779568	CENTRAL_SOUTH_ASIA
179	[0.3, 0.51)	489	10564	11053	0.9557586175698906	CENTRAL_SOUTH_ASIA
180	[0.01, 0.03)	81	9219	9300	0.9912903225806452	AMERICA
180	[0.03, 0.06)	130	10189	10319	0.9874018800271344	AMERICA
180	[0.06, 0.1)	142	10310	10452	0.9864140834290088	AMERICA
180	[0.1, 0.18)	230	12668	12898	0.9821677779500698	AMERICA
180	[0.18, 0.3)	255	11413	11668	0.9781453548165924	AMERICA
180	[0.3, 0.51)	287	10766	11053	0.974034198860038	AMERICA
181	[0.01, 0.03)	72	9228	9300	0.9922580645161291	AMERICA
181	[0.03, 0.06)	92	10227	10319	0.9910844074038182	AMERICA
181	[0.06, 0.1)	153	10299	10452	0.985361653272101	AMERICA
181	[0.1, 0.18)	217	12681	12898	0.983175686152892	AMERICA
181	[0.18, 0.3)	189	11479	11668	0.9838018512170038	AMERICA
181	[0.3, 0.51)	355	10698	11053	0.9678820229801863	AMERICA
182	[0.01, 0.03)	73	9227	9300	0.9921505376344086	AMERICA
182	[0.03, 0.06)	55	10264	10319	0.9946700261653261	AMERICA
182	[0.06, 0.1)	83	10369	10452	0.9920589360887868	AMERICA
182	[0.1, 0.18)	153	12745	12898	0.9881376957667856	AMERICA
182	[0.18, 0.3)	257	11411	11668	0.9779739458347617	AMERICA
182	[0.3, 0.51)	257	10796	11053	0.976748394101149	AMERICA
183	[0.01, 0.03)	89	9211	9300	0.9904301075268818	AMERICA
183	[0.03, 0.06)	93	10226	10319	0.9909874987886423	AMERICA
183	[0.06, 0.1)	102	10350	10452	0.9902411021814007	AMERICA
183	[0.1, 0.18)	172	12726	12898	0.9866645991626609	AMERICA
183	[0.18, 0.3)	296	11372	11668	0.9746314706890641	AMERICA
183	[0.3, 0.51)	362	10691	11053	0.9672487107572605	AMERICA
184	[0.01, 0.03)	114	9186	9300	0.987741935483871	EAST_ASIA
184	[0.03, 0.06)	128	10191	10319	0.9875956972574862	EAST_ASIA
184	[0.06, 0.1)	181	10271	10452	0.9826827401454267	EAST_ASIA
184	[0.1, 0.18)	296	12602	12898	0.977050705535742	EAST_ASIA
184	[0.18, 0.3)	443	11225	11668	0.9620329105245115	EAST_ASIA
184	[0.3, 0.51)	559	10494	11053	0.9494254953406315	EAST_ASIA
185	[0.01, 0.03)	124	9176	9300	0.9866666666666667	EAST_ASIA
185	[0.03, 0.06)	121	10198	10319	0.9882740575637174	EAST_ASIA
185	[0.06, 0.1)	212	10240	10452	0.979716800612323	EAST_ASIA
185	[0.1, 0.18)	314	12584	12898	0.9756551403318344	EAST_ASIA
185	[0.18, 0.3)	434	11234	11668	0.9628042509427494	EAST_ASIA
185	[0.3, 0.51)	440	10613	11053	0.9601918031303719	EAST_ASIA
186	[0.01, 0.03)	111	9189	9300	0.9880645161290322	EAST_ASIA
186	[0.03, 0.06)	128	10191	10319	0.9875956972574862	EAST_ASIA
186	[0.06, 0.1)	131	10321	10452	0.9874665135859165	EAST_ASIA
186	[0.1, 0.18)	283	12615	12898	0.9780586137385641	EAST_ASIA
186	[0.18, 0.3)	355	11313	11668	0.96957490572506	EAST_ASIA
186	[0.3, 0.51)	570	10483	11053	0.9484302904188908	EAST_ASIA
187	[0.01, 0.03)	107	9193	9300	0.988494623655914	EAST_ASIA
187	[0.03, 0.06)	109	10210	10319	0.9894369609458281	EAST_ASIA
187	[0.06, 0.1)	138	10314	10452	0.986796785304248	EAST_ASIA
187	[0.1, 0.18)	274	12624	12898	0.9787563963405179	EAST_ASIA
187	[0.18, 0.3)	402	11266	11668	0.9655467946520397	EAST_ASIA
187	[0.3, 0.51)	562	10491	11053	0.9491540758165204	EAST_ASIA
188	[0.01, 0.03)	73	9227	9300	0.9921505376344086	EAST_ASIA
188	[0.03, 0.06)	108	10211	10319	0.989533869561004	EAST_ASIA
188	[0.06, 0.1)	149	10303	10452	0.9857443551473403	EAST_ASIA
188	[0.1, 0.18)	248	12650	12898	0.9807722127461622	EAST_ASIA
188	[0.18, 0.3)	370	11298	11668	0.9682893383613301	EAST_ASIA
188	[0.3, 0.51)	449	10604	11053	0.9593775445580386	EAST_ASIA
189	[0.01, 0.03)	77	9223	9300	0.9917204301075269	EAST_ASIA
189	[0.03, 0.06)	106	10213	10319	0.9897276867913557	EAST_ASIA
189	[0.06, 0.1)	141	10311	10452	0.9865097588978186	EAST_ASIA
189	[0.1, 0.18)	219	12679	12898	0.9830206233524578	EAST_ASIA
189	[0.18, 0.3)	405	11263	11668	0.9652896811792938	EAST_ASIA
189	[0.3, 0.51)	578	10475	11053	0.9477065050212612	EAST_ASIA
190	[0.01, 0.03)	72	9228	9300	0.9922580645161291	EAST_ASIA
190	[0.03, 0.06)	96	10223	10319	0.9906967729431146	EAST_ASIA
190	[0.06, 0.1)	146	10306	10452	0.9860313815537696	EAST_ASIA
190	[0.1, 0.18)	207	12691	12898	0.9839510001550628	EAST_ASIA
190	[0.18, 0.3)	348	11320	11668	0.9701748371614672	EAST_ASIA
190	[0.3, 0.51)	380	10673	11053	0.9656201936125939	EAST_ASIA
191	[0.01, 0.03)	84	9216	9300	0.9909677419354839	EAST_ASIA
191	[0.03, 0.06)	155	10164	10319	0.9849791646477372	EAST_ASIA
191	[0.06, 0.1)	207	10245	10452	0.980195177956372	EAST_ASIA
191	[0.1, 0.18)	302	12596	12898	0.9765855171344394	EAST_ASIA
191	[0.18, 0.3)	324	11344	11668	0.972231744943435	EAST_ASIA
191	[0.3, 0.51)	481	10572	11053	0.9564824029675202	EAST_ASIA
192	[0.01, 0.03)	139	9161	9300	0.9850537634408603	EUROPE
192	[0.03, 0.06)	111	10208	10319	0.9892431437154763	EUROPE
192	[0.06, 0.1)	155	10297	10452	0.9851703023344814	EUROPE
192	[0.1, 0.18)	324	12574	12898	0.9748798263296635	EUROPE
192	[0.18, 0.3)	334	11334	11668	0.9713747000342818	EUROPE
192	[0.3, 0.51)	455	10598	11053	0.9588347055098163	EUROPE
193	[0.01, 0.03)	156	9144	9300	0.983225806451613	EUROPE
193	[0.03, 0.06)	143	10176	10319	0.9861420680298478	EUROPE
193	[0.06, 0.1)	120	10332	10452	0.9885189437428243	EUROPE
193	[0.1, 0.18)	203	12695	12898	0.9842611257559312	EUROPE
193	[0.18, 0.3)	294	11374	11668	0.9748028796708947	EUROPE
193	[0.3, 0.51)	385	10668	11053	0.9651678277390754	EUROPE
194	[0.01, 0.03)	174	9126	9300	0.9812903225806452	EUROPE
194	[0.03, 0.06)	128	10191	10319	0.9875956972574862	EUROPE
194	[0.06, 0.1)	155	10297	10452	0.9851703023344814	EUROPE
194	[0.1, 0.18)	269	12629	12898	0.9791440533416034	EUROPE
194	[0.18, 0.3)	376	11292	11668	0.9677751114158382	EUROPE
194	[0.3, 0.51)	599	10454	11053	0.9458065683524834	EUROPE
195	[0.01, 0.03)	169	9131	9300	0.9818279569892473	EUROPE
195	[0.03, 0.06)	135	10184	10319	0.9869173369512549	EUROPE
195	[0.06, 0.1)	176	10276	10452	0.9831611174894757	EUROPE
195	[0.1, 0.18)	320	12578	12898	0.9751899519305318	EUROPE
195	[0.18, 0.3)	370	11298	11668	0.9682893383613301	EUROPE
195	[0.3, 0.51)	509	10544	11053	0.9539491540758165	EUROPE
196	[0.01, 0.03)	139	9161	9300	0.9850537634408603	CENTRAL_SOUTH_ASIA
196	[0.03, 0.06)	136	10183	10319	0.9868204283360791	CENTRAL_SOUTH_ASIA
196	[0.06, 0.1)	131	10321	10452	0.9874665135859165	CENTRAL_SOUTH_ASIA
196	[0.1, 0.18)	262	12636	12898	0.9796867731431229	CENTRAL_SOUTH_ASIA
196	[0.18, 0.3)	374	11294	11668	0.9679465203976688	CENTRAL_SOUTH_ASIA
196	[0.3, 0.51)	455	10598	11053	0.9588347055098163	CENTRAL_SOUTH_ASIA
197	[0.01, 0.03)	139	9161	9300	0.9850537634408603	CENTRAL_SOUTH_ASIA
197	[0.03, 0.06)	190	10129	10319	0.981587363116581	CENTRAL_SOUTH_ASIA
197	[0.06, 0.1)	228	10224	10452	0.9781859931113662	CENTRAL_SOUTH_ASIA
197	[0.1, 0.18)	325	12573	12898	0.9748022949294465	CENTRAL_SOUTH_ASIA
197	[0.18, 0.3)	399	11269	11668	0.9658039081247858	CENTRAL_SOUTH_ASIA
197	[0.3, 0.51)	494	10559	11053	0.9553062516963721	CENTRAL_SOUTH_ASIA
198	[0.01, 0.03)	187	9113	9300	0.9798924731182795	CENTRAL_SOUTH_ASIA
198	[0.03, 0.06)	129	10190	10319	0.9874987886423103	CENTRAL_SOUTH_ASIA
198	[0.06, 0.1)	199	10253	10452	0.9809605817068504	CENTRAL_SOUTH_ASIA
198	[0.1, 0.18)	346	12552	12898	0.9731741355248876	CENTRAL_SOUTH_ASIA
198	[0.18, 0.3)	352	11316	11668	0.9698320191978059	CENTRAL_SOUTH_ASIA
198	[0.3, 0.51)	608	10445	11053	0.9449923097801501	CENTRAL_SOUTH_ASIA
199	[0.01, 0.03)	131	9169	9300	0.9859139784946237	CENTRAL_SOUTH_ASIA
199	[0.03, 0.06)	146	10173	10319	0.9858513421843201	CENTRAL_SOUTH_ASIA
199	[0.06, 0.1)	177	10275	10452	0.9830654420206659	CENTRAL_SOUTH_ASIA
199	[0.1, 0.18)	307	12591	12898	0.976197860133354	CENTRAL_SOUTH_ASIA
199	[0.18, 0.3)	353	11315	11668	0.9697463147068907	CENTRAL_SOUTH_ASIA
199	[0.3, 0.51)	350	10703	11053	0.9683343888537049	CENTRAL_SOUTH_ASIA
200	[0.01, 0.03)	109	9191	9300	0.9882795698924731	EAST_ASIA
200	[0.03, 0.06)	131	10188	10319	0.9873049714119585	EAST_ASIA
200	[0.06, 0.1)	177	10275	10452	0.9830654420206659	EAST_ASIA
200	[0.1, 0.18)	322	12576	12898	0.9750348891300977	EAST_ASIA
200	[0.18, 0.3)	450	11218	11668	0.9614329790881042	EAST_ASIA
200	[0.3, 0.51)	562	10491	11053	0.9491540758165204	EAST_ASIA
201	[0.01, 0.03)	64	9236	9300	0.9931182795698925	EAST_ASIA
201	[0.03, 0.06)	142	10177	10319	0.9862389766450237	EAST_ASIA
201	[0.06, 0.1)	172	10280	10452	0.9835438193647149	EAST_ASIA
201	[0.1, 0.18)	201	12697	12898	0.9844161885563654	EAST_ASIA
201	[0.18, 0.3)	370	11298	11668	0.9682893383613301	EAST_ASIA
201	[0.3, 0.51)	469	10584	11053	0.9575680810639645	EAST_ASIA
202	[0.01, 0.03)	94	9206	9300	0.9898924731182795	EAST_ASIA
202	[0.03, 0.06)	115	10204	10319	0.9888555092547727	EAST_ASIA
202	[0.06, 0.1)	196	10256	10452	0.9812476081132797	EAST_ASIA
202	[0.1, 0.18)	357	12541	12898	0.9723212901224996	EAST_ASIA
202	[0.18, 0.3)	368	11300	11668	0.9684607473431608	EAST_ASIA
202	[0.3, 0.51)	495	10558	11053	0.9552157785216683	EAST_ASIA
203	[0.01, 0.03)	111	9189	9300	0.9880645161290322	EAST_ASIA
203	[0.03, 0.06)	165	10154	10319	0.9840100784959783	EAST_ASIA
203	[0.06, 0.1)	293	10159	10452	0.9719670876387294	EAST_ASIA
203	[0.1, 0.18)	307	12591	12898	0.976197860133354	EAST_ASIA
203	[0.18, 0.3)	415	11253	11668	0.9644326362701405	EAST_ASIA
203	[0.3, 0.51)	477	10576	11053	0.9568442956663349	EAST_ASIA
204	[0.01, 0.03)	135	9165	9300	0.9854838709677419	EAST_ASIA
204	[0.03, 0.06)	142	10177	10319	0.9862389766450237	EAST_ASIA
204	[0.06, 0.1)	165	10287	10452	0.9842135476463835	EAST_ASIA
204	[0.1, 0.18)	297	12601	12898	0.9769731741355249	EAST_ASIA
204	[0.18, 0.3)	424	11244	11668	0.9636612958519026	EAST_ASIA
204	[0.3, 0.51)	537	10516	11053	0.9514159051841129	EAST_ASIA
205	[0.01, 0.03)	99	9201	9300	0.9893548387096774	EAST_ASIA
205	[0.03, 0.06)	116	10203	10319	0.9887586006395969	EAST_ASIA
205	[0.06, 0.1)	151	10301	10452	0.9855530042097206	EAST_ASIA
205	[0.1, 0.18)	251	12647	12898	0.980539618545511	EAST_ASIA
205	[0.18, 0.3)	386	11282	11668	0.966918066506685	EAST_ASIA
205	[0.3, 0.51)	535	10518	11053	0.9515968515335204	EAST_ASIA
206	[0.01, 0.03)	102	9198	9300	0.9890322580645161	EAST_ASIA
206	[0.03, 0.06)	106	10213	10319	0.9897276867913557	EAST_ASIA
206	[0.06, 0.1)	143	10309	10452	0.986318407960199	EAST_ASIA
206	[0.1, 0.18)	261	12637	12898	0.9797643045433401	EAST_ASIA
206	[0.18, 0.3)	324	11344	11668	0.972231744943435	EAST_ASIA
206	[0.3, 0.51)	511	10542	11053	0.9537682077264091	EAST_ASIA
207	[0.01, 0.03)	109	9191	9300	0.9882795698924731	EAST_ASIA
207	[0.03, 0.06)	119	10200	10319	0.9884678747940692	EAST_ASIA
207	[0.06, 0.1)	171	10281	10452	0.9836394948335246	EAST_ASIA
207	[0.1, 0.18)	231	12667	12898	0.9820902465498527	EAST_ASIA
207	[0.18, 0.3)	337	11331	11668	0.9711175865615358	EAST_ASIA
207	[0.3, 0.51)	506	10547	11053	0.9542205735999276	EAST_ASIA
208	[0.01, 0.03)	110	9190	9300	0.9881720430107527	EAST_ASIA
208	[0.03, 0.06)	129	10190	10319	0.9874987886423103	EAST_ASIA
208	[0.06, 0.1)	246	10206	10452	0.9764638346727899	EAST_ASIA
208	[0.1, 0.18)	276	12622	12898	0.9786013335400837	EAST_ASIA
208	[0.18, 0.3)	392	11276	11668	0.966403839561193	EAST_ASIA
208	[0.3, 0.51)	450	10603	11053	0.9592870713833348	EAST_ASIA
209	[0.01, 0.03)	101	9199	9300	0.9891397849462366	EAST_ASIA
209	[0.03, 0.06)	171	10148	10319	0.9834286268049229	EAST_ASIA
209	[0.06, 0.1)	152	10300	10452	0.9854573287409109	EAST_ASIA
209	[0.1, 0.18)	315	12583	12898	0.9755776089316173	EAST_ASIA
209	[0.18, 0.3)	481	11187	11668	0.9587761398697292	EAST_ASIA
209	[0.3, 0.51)	624	10429	11053	0.943544738984891	EAST_ASIA
210	[0.01, 0.03)	67	9233	9300	0.9927956989247312	EAST_ASIA
210	[0.03, 0.06)	179	10140	10319	0.9826533578835158	EAST_ASIA
210	[0.06, 0.1)	166	10286	10452	0.9841178721775736	EAST_ASIA
210	[0.1, 0.18)	293	12605	12898	0.9772832997363933	EAST_ASIA
210	[0.18, 0.3)	322	11346	11668	0.9724031539252657	EAST_ASIA
210	[0.3, 0.51)	553	10500	11053	0.9499683343888538	EAST_ASIA
211	[0.01, 0.03)	78	9222	9300	0.9916129032258064	EAST_ASIA
211	[0.03, 0.06)	152	10167	10319	0.9852698904932649	EAST_ASIA
211	[0.06, 0.1)	129	10323	10452	0.9876578645235362	EAST_ASIA
211	[0.1, 0.18)	292	12606	12898	0.9773608311366103	EAST_ASIA
211	[0.18, 0.3)	321	11347	11668	0.972488858416181	EAST_ASIA
211	[0.3, 0.51)	418	10635	11053	0.9621822129738532	EAST_ASIA
212	[0.01, 0.03)	136	9164	9300	0.9853763440860215	AFRICA
212	[0.03, 0.06)	197	10122	10319	0.9809090028103499	AFRICA
212	[0.06, 0.1)	242	10210	10452	0.9768465365480291	AFRICA
212	[0.1, 0.18)	455	12443	12898	0.964723212901225	AFRICA
212	[0.18, 0.3)	512	11156	11668	0.9561193006513541	AFRICA
212	[0.3, 0.51)	616	10437	11053	0.9442685243825206	AFRICA
213	[0.01, 0.03)	92	9208	9300	0.9901075268817204	AFRICA
213	[0.03, 0.06)	183	10136	10319	0.9822657234228123	AFRICA
213	[0.06, 0.1)	200	10252	10452	0.9808649062380406	AFRICA
213	[0.1, 0.18)	362	12536	12898	0.9719336331214141	AFRICA
213	[0.18, 0.3)	402	11266	11668	0.9655467946520397	AFRICA
213	[0.3, 0.51)	387	10666	11053	0.9649868813896679	AFRICA
214	[0.01, 0.03)	136	9164	9300	0.9853763440860215	AFRICA
214	[0.03, 0.06)	162	10157	10319	0.9843008043415059	AFRICA
214	[0.06, 0.1)	229	10223	10452	0.9780903176425565	AFRICA
214	[0.1, 0.18)	409	12489	12898	0.9682896573112111	AFRICA
214	[0.18, 0.3)	436	11232	11668	0.9626328419609188	AFRICA
214	[0.3, 0.51)	574	10479	11053	0.948068397720076	AFRICA
215	[0.01, 0.03)	101	9199	9300	0.9891397849462366	AFRICA
215	[0.03, 0.06)	140	10179	10319	0.9864327938753755	AFRICA
215	[0.06, 0.1)	244	10208	10452	0.9766551856104095	AFRICA
215	[0.1, 0.18)	357	12541	12898	0.9723212901224996	AFRICA
215	[0.18, 0.3)	433	11235	11668	0.9628899554336647	AFRICA
215	[0.3, 0.51)	497	10556	11053	0.9550348321722609	AFRICA
