ref	sample	acc	continent
SNPBag omni	0	97.46993454102602	EUR
SNPBag omni	1	97.45775612726445	EUR
SNPBag omni	10	96.29167300959053	AFR
SNPBag omni	100	96.91581671487288	AFR
SNPBag omni	101	96.6067894656721	AFR
SNPBag omni	102	96.4225909575278	AFR
SNPBag omni	103	96.50022834525804	AFR
SNPBag omni	104	98.75171258943524	AMR
SNPBag omni	105	97.94641497944892	AMR
SNPBag omni	106	98.27675445273252	AMR
SNPBag omni	107	98.26000913381031	AMR
SNPBag omni	108	92.5574668899376	AFR
SNPBag omni	109	91.82676206424112	AFR
SNPBag omni	11	96.1303090272492	AFR
SNPBag omni	110	91.97594763282082	AFR
SNPBag omni	111	92.29563099406305	AFR
SNPBag omni	112	97.61455320444512	EAS
SNPBag omni	113	97.66326685949154	EAS
SNPBag omni	114	97.82158623839244	EAS
SNPBag omni	115	97.68914598873496	EAS
SNPBag omni	116	97.46384533414523	EAS
SNPBag omni	117	97.99208403105496	EAS
SNPBag omni	118	97.7378596437814	EAS
SNPBag omni	119	97.64347693712894	EAS
SNPBag omni	12	96.00091338103212	AFR
SNPBag omni	120	97.19592023138986	ME
SNPBag omni	121	97.23854467955547	ME
SNPBag omni	122	97.33749429136856	ME
SNPBag omni	123	97.17156340386664	ME
SNPBag omni	124	98.12604658243264	EAS
SNPBag omni	125	97.67392297153296	EAS
SNPBag omni	126	97.7363373420612	EAS
SNPBag omni	127	97.66326685949154	EAS
SNPBag omni	128	97.54757192875628	EAS
SNPBag omni	129	97.64499923884914	EAS
SNPBag omni	13	95.90957527782008	AFR
SNPBag omni	130	97.9053128330035	EAS
SNPBag omni	131	97.59780788552293	EAS
SNPBag omni	132	98.12756888415284	EUR
SNPBag omni	133	98.18084944435988	EUR
SNPBag omni	134	98.30720048713656	EUR
SNPBag omni	135	98.13061348759324	EUR
SNPBag omni	136	97.80179631602984	EAS
SNPBag omni	137	97.92053585020552	EAS
SNPBag omni	138	97.87029989343888	EAS
SNPBag omni	139	97.50342517887046	EAS
SNPBag omni	14	95.06469782310852	AFR
SNPBag omni	140	96.99193180088294	ME
SNPBag omni	141	97.1182828436596	ME
SNPBag omni	142	97.13502816258185	ME
SNPBag omni	143	96.91581671487288	ME
SNPBag omni	144	95.95067742426548	OC
SNPBag omni	145	96.43324706956918	OC
SNPBag omni	146	96.48957223321662	OC
SNPBag omni	147	95.45897396864058	OC
SNPBag omni	148	96.2871061044299	OC
SNPBag omni	149	95.89282995889783	OC
SNPBag omni	15	92.83148119957374	AFR
SNPBag omni	150	96.08159537220276	OC
SNPBag omni	151	96.36474349216014	OC
SNPBag omni	152	97.9068351347237	CSA
SNPBag omni	153	97.42426548942	CSA
SNPBag omni	154	97.28269142944131	CSA
SNPBag omni	155	97.4440554117826	CSA
SNPBag omni	156	98.27827675445272	AMR
SNPBag omni	157	98.20520627188309	AMR
SNPBag omni	158	98.32394580605876	AMR
SNPBag omni	159	98.00882934997716	AMR
SNPBag omni	16	98.02557466889937	EUR
SNPBag omni	160	97.62977622164712	EUR
SNPBag omni	161	98.03927538438118	EUR
SNPBag omni	162	97.2689907139595	EUR
SNPBag omni	163	97.66631146293196	EUR
SNPBag omni	164	89.85994824174152	AFR
SNPBag omni	165	89.49307352717308	AFR
SNPBag omni	166	89.42152534632363	AFR
SNPBag omni	167	90.27553661135636	AFR
SNPBag omni	168	97.53387121327448	EUR
SNPBag omni	169	97.53539351499468	EUR
SNPBag omni	17	98.19302785812148	EUR
SNPBag omni	170	97.7606941695844	EUR
SNPBag omni	171	97.34815040340996	EUR
SNPBag omni	172	97.68914598873496	EAS
SNPBag omni	173	97.87791140203989	EAS
SNPBag omni	174	97.76982797990564	EAS
SNPBag omni	175	97.31161516212514	EAS
SNPBag omni	176	97.81397472979144	CSA
SNPBag omni	177	97.49124676510884	CSA
SNPBag omni	178	97.54452732531588	CSA
SNPBag omni	179	97.4181762825392	CSA
SNPBag omni	18	98.0666768153448	EUR
SNPBag omni	180	98.28741056477394	AMR
SNPBag omni	181	98.35895874562338	AMR
SNPBag omni	182	98.66341908966358	AMR
SNPBag omni	183	98.30415588369615	AMR
SNPBag omni	184	97.38011873953415	EAS
SNPBag omni	185	97.49581367026946	EAS
SNPBag omni	186	97.59780788552293	EAS
SNPBag omni	187	97.5764956614401	EAS
SNPBag omni	188	97.87334449687928	EAS
SNPBag omni	189	97.67696757497336	EAS
SNPBag omni	19	97.87791140203989	EUR
SNPBag omni	190	98.098645151469	EAS
SNPBag omni	191	97.63586542852794	EAS
SNPBag omni	192	97.68914598873496	EUR
SNPBag omni	193	98.01948546201858	EUR
SNPBag omni	194	97.4105647739382	EUR
SNPBag omni	195	97.4440554117826	EUR
SNPBag omni	196	97.7211143248592	CSA
SNPBag omni	197	97.29791444664332	CSA
SNPBag omni	198	97.22788856751409	CSA
SNPBag omni	199	97.7713502816258	CSA
SNPBag omni	2	97.35423961029076	EUR
SNPBag omni	20	97.84289846247526	ME
SNPBag omni	200	97.33444968792814	EAS
SNPBag omni	201	97.84137616075506	EAS
SNPBag omni	202	97.52625970467346	EAS
SNPBag omni	203	97.30857055868472	EAS
SNPBag omni	204	97.4120870756584	EAS
SNPBag omni	205	97.65869995433096	EAS
SNPBag omni	206	97.79722941086924	EAS
SNPBag omni	207	97.757649566144	EAS
SNPBag omni	208	97.55975034251787	EAS
SNPBag omni	209	97.19287562794946	EAS
SNPBag omni	21	96.80773329273862	ME
SNPBag omni	210	97.59476328208252	EAS
SNPBag omni	211	97.88400060892069	EAS
SNPBag omni	212	96.71487288780637	AFR
SNPBag omni	213	97.52473740295326	AFR
SNPBag omni	214	97.03760085248896	AFR
SNPBag omni	215	97.30248135180392	AFR
SNPBag omni	22	97.098492921297	ME
SNPBag omni	23	97.3907748515756	ME
SNPBag omni	24	97.84289846247526	EUR
SNPBag omni	25	98.0727660222256	EUR
SNPBag omni	26	97.79875171258944	EUR
SNPBag omni	27	97.47450144618664	EUR
SNPBag omni	28	92.74471000152232	AFR
SNPBag omni	29	92.77363373420611	AFR
SNPBag omni	3	97.719592023139	EUR
SNPBag omni	30	92.9334754148272	AFR
SNPBag omni	31	93.12680773329274	AFR
SNPBag omni	32	96.14705434617142	OC
SNPBag omni	33	96.4439031816106	OC
SNPBag omni	34	96.749885827371	OC
SNPBag omni	35	96.55807581062568	OC
SNPBag omni	36	97.54148272187548	CSA
SNPBag omni	37	97.32683817932714	CSA
SNPBag omni	38	97.33597198964836	CSA
SNPBag omni	39	97.0634799817324	CSA
SNPBag omni	4	97.88552291064089	CSA
SNPBag omni	40	97.94184807428832	CSA
SNPBag omni	41	97.48211295478764	CSA
SNPBag omni	42	97.79114020398843	CSA
SNPBag omni	43	97.33292738620794	CSA
SNPBag omni	44	97.00106561120414	EAS
SNPBag omni	45	97.77743948850664	EAS
SNPBag omni	46	97.38316334297458	EAS
SNPBag omni	47	97.7409042472218	EAS
SNPBag omni	48	98.16714872887806	AMR
SNPBag omni	49	98.51575582280408	AMR
SNPBag omni	5	97.37098492921297	CSA
SNPBag omni	50	98.48074288323946	AMR
SNPBag omni	51	97.95707109149032	AMR
SNPBag omni	52	97.88095600548029	EAS
SNPBag omni	53	97.56127264423807	EAS
SNPBag omni	54	97.51408129091186	EAS
SNPBag omni	55	97.55518343735729	EAS
SNPBag omni	56	97.7393819455016	EAS
SNPBag omni	57	97.37707413609378	EAS
SNPBag omni	58	97.49124676510884	EAS
SNPBag omni	59	97.7393819455016	EAS
SNPBag omni	6	97.15634038666464	CSA
SNPBag omni	60	97.7409042472218	ME
SNPBag omni	61	97.26594611051912	ME
SNPBag omni	62	97.4455777135028	ME
SNPBag omni	63	97.48667985994824	ME
SNPBag omni	64	97.9053128330035	EUR
SNPBag omni	65	97.97838331557315	EUR
SNPBag omni	66	97.91292434160452	EUR
SNPBag omni	67	97.64652154056934	EUR
SNPBag omni	68	97.50038057543004	EAS
SNPBag omni	69	97.64804384228954	EAS
SNPBag omni	7	97.70741360937738	CSA
SNPBag omni	70	97.82919774699346	EAS
SNPBag omni	71	97.7165474196986	EAS
SNPBag omni	72	97.87486679859948	CSA
SNPBag omni	73	97.12284974882022	CSA
SNPBag omni	74	97.52473740295326	CSA
SNPBag omni	75	97.62977622164712	CSA
SNPBag omni	76	97.77743948850664	EAS
SNPBag omni	77	97.62673161820672	EAS
SNPBag omni	78	97.27355761912013	EAS
SNPBag omni	79	97.98751712589436	EAS
SNPBag omni	8	95.8151925711676	AFR
SNPBag omni	80	97.84137616075506	EAS
SNPBag omni	81	97.59171867864212	EAS
SNPBag omni	82	97.38925254985536	EAS
SNPBag omni	83	97.7287258334602	EAS
SNPBag omni	84	97.742426548942	CSA
SNPBag omni	85	97.34662810168976	CSA
SNPBag omni	86	97.7241589282996	CSA
SNPBag omni	87	97.70893591109758	CSA
SNPBag omni	88	98.26457603897092	AMR
SNPBag omni	89	98.47617597807886	AMR
SNPBag omni	9	96.53524128482265	AFR
SNPBag omni	90	98.18846095296088	AMR
SNPBag omni	91	98.10473435834982	AMR
SNPBag omni	92	97.59171867864212	EAS
SNPBag omni	93	97.61912010960572	EAS
SNPBag omni	94	97.91596894504492	EAS
SNPBag omni	95	97.60389709240371	EAS
SNPBag omni	96	97.96924950525194	CSA
SNPBag omni	97	97.57345105799968	CSA
SNPBag omni	98	97.69980210077638	CSA
SNPBag omni	99	97.01172172324554	CSA
SNPBag base	0	96.9386512406759	EUR
SNPBag base	1	97.1076267316182	EUR
SNPBag base	10	94.71609072918253	AFR
SNPBag base	100	95.73298827827676	AFR
SNPBag base	101	95.60968183894047	AFR
SNPBag base	102	95.38742578779112	AFR
SNPBag base	103	95.43918404627796	AFR
SNPBag base	104	98.27218754757192	AMR
SNPBag base	105	97.92510275536613	AMR
SNPBag base	106	97.91444664332472	AMR
SNPBag base	107	98.10473435834982	AMR
SNPBag base	108	91.57710458212816	AFR
SNPBag base	109	91.00624143705282	AFR
SNPBag base	11	95.21083878824784	AFR
SNPBag base	110	91.1432485918709	AFR
SNPBag base	111	91.40203988430508	AFR
SNPBag base	112	97.27507992084033	EAS
SNPBag base	113	97.56736185111887	EAS
SNPBag base	114	97.60085248896333	EAS
SNPBag base	115	97.49276906682904	EAS
SNPBag base	116	97.26746841223932	EAS
SNPBag base	117	97.70589130765718	EAS
SNPBag base	118	97.33292738620794	EAS
SNPBag base	119	97.34967270513016	EAS
SNPBag base	12	94.6932562033795	AFR
SNPBag base	120	96.4652154056934	ME
SNPBag base	121	96.7620642411326	ME
SNPBag base	122	96.7711980514538	ME
SNPBag base	123	96.765108844573	ME
SNPBag base	124	97.71045821281778	EAS
SNPBag base	125	97.4196985842594	EAS
SNPBag base	126	97.447100015223	EAS
SNPBag base	127	97.5780179631603	EAS
SNPBag base	128	97.27355761912013	EAS
SNPBag base	129	97.46384533414523	EAS
SNPBag base	13	95.09057695235197	AFR
SNPBag base	130	97.20353173999086	EAS
SNPBag base	131	97.27507992084033	EAS
SNPBag base	132	97.7150251179784	EUR
SNPBag base	133	97.64195463540874	EUR
SNPBag base	134	97.7591718678642	EUR
SNPBag base	135	97.7256812300198	EUR
SNPBag base	136	97.51712589435226	EAS
SNPBag base	137	97.63738773024814	EAS
SNPBag base	138	97.44862231694324	EAS
SNPBag base	139	97.32683817932714	EAS
SNPBag base	14	93.74790683513471	AFR
SNPBag base	140	96.7483635256508	ME
SNPBag base	141	96.86710305982643	ME
SNPBag base	142	96.7666311462932	ME
SNPBag base	143	96.7742426548942	ME
SNPBag base	144	96.06180544984016	OC
SNPBag base	145	96.32668594915512	OC
SNPBag base	146	96.23230324250264	OC
SNPBag base	147	95.7756127264424	OC
SNPBag base	148	96.20033490637844	OC
SNPBag base	149	95.91109757954028	OC
SNPBag base	15	91.9409346932562	AFR
SNPBag base	150	96.1379205358502	OC
SNPBag base	151	96.1303090272492	OC
SNPBag base	152	97.56431724767847	CSA
SNPBag base	153	96.97975338712132	CSA
SNPBag base	154	96.80468868929822	CSA
SNPBag base	155	97.24311158471608	CSA
SNPBag base	156	98.0788552291064	AMR
SNPBag base	157	98.01948546201858	AMR
SNPBag base	158	98.02253006545898	AMR
SNPBag base	159	97.83528695387426	AMR
SNPBag base	16	97.58867407520172	EUR
SNPBag base	160	97.32836048104735	EUR
SNPBag base	161	97.49733597198966	EUR
SNPBag base	162	96.90668290455169	EUR
SNPBag base	163	97.19592023138986	EUR
SNPBag base	164	89.71076267316182	AFR
SNPBag base	165	89.47480590653068	AFR
SNPBag base	166	89.0318161059522	AFR
SNPBag base	167	89.6772720353174	AFR
SNPBag base	168	97.20962094687168	EUR
SNPBag base	169	97.12893895570102	EUR
SNPBag base	17	97.92662505708633	EUR
SNPBag base	170	97.2689907139595	EUR
SNPBag base	171	97.13046125742122	EUR
SNPBag base	172	97.46080073070482	EAS
SNPBag base	173	97.65413304917034	EAS
SNPBag base	174	97.33292738620794	EAS
SNPBag base	175	96.96909727507992	EAS
SNPBag base	176	97.2689907139595	CSA
SNPBag base	177	97.01172172324554	CSA
SNPBag base	178	97.21114324859188	CSA
SNPBag base	179	97.05586847313138	CSA
SNPBag base	18	97.66783376465216	EUR
SNPBag base	180	97.97381641041254	AMR
SNPBag base	181	98.17171563403868	AMR
SNPBag base	182	98.35286953874258	AMR
SNPBag base	183	98.12300197899224	AMR
SNPBag base	184	97.32227127416654	EAS
SNPBag base	185	97.4227431876998	EAS
SNPBag base	186	97.36946262749277	EAS
SNPBag base	187	97.52321510123306	EAS
SNPBag base	188	97.51560359263206	EAS
SNPBag base	189	97.50951438575126	EAS
SNPBag base	19	97.49581367026946	EUR
SNPBag base	190	97.7211143248592	EAS
SNPBag base	191	97.36641802405236	EAS
SNPBag base	192	97.447100015223	EUR
SNPBag base	193	97.63586542852794	EUR
SNPBag base	194	97.37250723093317	EUR
SNPBag base	195	96.97214187852032	EUR
SNPBag base	196	97.46384533414523	CSA
SNPBag base	197	96.99497640432334	CSA
SNPBag base	198	96.98432029228194	CSA
SNPBag base	199	97.4120870756584	CSA
SNPBag base	2	96.97518648196072	EUR
SNPBag base	20	97.48363525650784	ME
SNPBag base	200	97.02085553356676	EAS
SNPBag base	201	97.57040645455928	EAS
SNPBag base	202	97.33597198964836	EAS
SNPBag base	203	97.19592023138986	EAS
SNPBag base	204	97.26746841223932	EAS
SNPBag base	205	97.34815040340996	EAS
SNPBag base	206	97.62673161820672	EAS
SNPBag base	207	97.439488506622	EAS
SNPBag base	208	97.29943674836352	EAS
SNPBag base	209	96.9371289389557	EAS
SNPBag base	21	96.53067437966205	ME
SNPBag base	210	97.30095905008372	EAS
SNPBag base	211	97.58106256660068	EAS
SNPBag base	212	95.73907748515757	AFR
SNPBag base	213	96.23382554422288	AFR
SNPBag base	214	95.74973359719895	AFR
SNPBag base	215	96.33277515603592	AFR
SNPBag base	22	96.7514081290912	ME
SNPBag base	23	96.96453036991932	ME
SNPBag base	24	97.69980210077638	EUR
SNPBag base	25	97.63434312680774	EUR
SNPBag base	26	97.47450144618664	EUR
SNPBag base	27	97.04064545592936	EUR
SNPBag base	28	92.04445121022988	AFR
SNPBag base	29	92.07641954635407	AFR
SNPBag base	3	97.4257877911402	EUR
SNPBag base	30	91.78718221951593	AFR
SNPBag base	31	92.2743187699802	AFR
SNPBag base	32	96.07550616532195	OC
SNPBag base	33	96.34038666463694	OC
SNPBag base	34	96.4560815953722	OC
SNPBag base	35	96.47130461257422	OC
SNPBag base	36	97.15177348150404	CSA
SNPBag base	37	96.98888719744254	CSA
SNPBag base	38	97.12284974882022	CSA
SNPBag base	39	96.57938803470849	CSA
SNPBag base	4	97.750038057543	CSA
SNPBag base	40	97.34053889480894	CSA
SNPBag base	41	97.27660222256053	CSA
SNPBag base	42	97.34662810168976	CSA
SNPBag base	43	96.98584259400214	CSA
SNPBag base	44	96.96757497335972	EAS
SNPBag base	45	97.27812452428071	EAS
SNPBag base	46	97.0787029989344	EAS
SNPBag base	47	97.51560359263206	EAS
SNPBag base	48	97.79114020398843	AMR
SNPBag base	49	97.97381641041254	AMR
SNPBag base	5	96.95235195615771	CSA
SNPBag base	50	97.94184807428832	AMR
SNPBag base	51	97.87486679859948	AMR
SNPBag base	52	97.4273100928604	EAS
SNPBag base	53	97.29639214492312	EAS
SNPBag base	54	97.45014461866342	EAS
SNPBag base	55	97.21571015375248	EAS
SNPBag base	56	97.50646978231086	EAS
SNPBag base	57	97.23397777439487	EAS
SNPBag base	58	97.36946262749277	EAS
SNPBag base	59	97.38620794641498	EAS
SNPBag base	6	96.58395493986907	CSA
SNPBag base	60	97.27812452428071	ME
SNPBag base	61	96.98127568884154	ME
SNPBag base	62	97.30095905008372	ME
SNPBag base	63	97.20657634343128	ME
SNPBag base	64	97.53539351499468	EUR
SNPBag base	65	97.52169279951286	EUR
SNPBag base	66	97.46993454102602	EUR
SNPBag base	67	97.37098492921297	EUR
SNPBag base	68	97.12893895570102	EAS
SNPBag base	69	97.17308570558684	EAS
SNPBag base	7	97.31465976556554	CSA
SNPBag base	70	97.49276906682904	EAS
SNPBag base	71	97.36489572233216	EAS
SNPBag base	72	97.58562947176132	CSA
SNPBag base	73	96.7711980514538	CSA
SNPBag base	74	97.22179936063328	CSA
SNPBag base	75	97.28421373116151	CSA
SNPBag base	76	97.38773024813518	EAS
SNPBag base	77	97.29639214492312	EAS
SNPBag base	78	97.24158928299588	EAS
SNPBag base	79	97.67544527325316	EAS
SNPBag base	8	94.97183741817628	AFR
SNPBag base	80	97.35576191201096	EAS
SNPBag base	81	97.32988278276754	EAS
SNPBag base	82	97.22027705891308	EAS
SNPBag base	83	97.49124676510884	EAS
SNPBag base	84	97.20962094687168	CSA
SNPBag base	85	96.98279799056174	CSA
SNPBag base	86	97.36641802405236	CSA
SNPBag base	87	97.45623382554425	CSA
SNPBag base	88	97.7561272644238	AMR
SNPBag base	89	97.70589130765718	AMR
SNPBag base	9	95.3204445121023	AFR
SNPBag base	90	97.87791140203989	AMR
SNPBag base	91	97.8977013244025	AMR
SNPBag base	92	97.30248135180392	EAS
SNPBag base	93	97.19744253311006	EAS
SNPBag base	94	97.70893591109758	EAS
SNPBag base	95	97.46841223930583	EAS
SNPBag base	96	97.7363373420612	CSA
SNPBag base	97	97.01476632668596	CSA
SNPBag base	98	97.16699649870606	CSA
SNPBag base	99	96.9386512406759	CSA
REF	HGDP00001	97.06639061001415	CSA
REF	HGDP00021	96.59986839946345	CSA
REF	HGDP00023	97.01124694045667	CSA
REF	HGDP00039	97.41856582479537	CSA
REF	HGDP00052	96.8087715648116	CSA
REF	HGDP00068	97.69191603953429	CSA
REF	HGDP00086	97.01970455848696	CSA
REF	HGDP00092	97.39437703722875	CSA
REF	HGDP00099	97.52445520253458	CSA
REF	HGDP00100	97.27918427965622	CSA
REF	HGDP00105	96.88455182236297	CSA
REF	HGDP00118	97.31284559941676	CSA
REF	HGDP00131	97.32350219813492	CSA
REF	HGDP00141	96.91905890392654	CSA
REF	HGDP00143	97.2259012860654	CSA
REF	HGDP00151	97.93667950533083	CSA
REF	HGDP00163	97.39792923680146	CSA
REF	HGDP00179	97.73555734857058	CSA
REF	HGDP00197	97.35682521317426	CSA
REF	HGDP00201	97.20746367875937	CSA
REF	HGDP00213	97.76346748807052	CSA
REF	HGDP00214	97.02274930097786	CSA
REF	HGDP00239	97.25262735904111	CSA
REF	HGDP00248	97.0562414683778	CSA
REF	HGDP00274	97.27681614660773	CSA
REF	HGDP00277	97.41738175827112	CSA
REF	HGDP00302	97.49163964457706	CSA
REF	HGDP00313	97.17295659719579	CSA
REF	HGDP00341	97.17261829247458	CSA
REF	HGDP00376	97.85802365764916	CSA
REF	HGDP00417	97.38693433336209	CSA
REF	HGDP00433	97.08567397912321	CSA
REF	HGDP00452	92.48709790369479	AFR
REF	HGDP00453	92.67993159478537	AFR
REF	HGDP00462	91.67905707708104	AFR
REF	HGDP00463	91.11577971626383	AFR
REF	HGDP00491	95.89653288406467	OC
REF	HGDP00519	97.76871121124931	EUR
REF	HGDP00520	97.89608293878545	EUR
REF	HGDP00525	97.56708159740724	EUR
REF	HGDP00537	97.63169779915864	EUR
REF	HGDP00540	95.40057816276855	OC
REF	HGDP00541	94.95215525480266	OC
REF	HGDP00543	95.74903202561643	OC
REF	HGDP00546	95.75258422518915	OC
REF	HGDP00550	95.1674862098538	OC
REF	HGDP00553	95.69439581314077	OC
REF	HGDP00555	94.91358851658454	OC
REF	HGDP00575	97.17363320663821	ME
REF	HGDP00576	97.07586314220808	ME
REF	HGDP00579	97.2348663611775	ME
REF	HGDP00588	97.20458808862907	ME
REF	HGDP00636	96.32668733708513	ME
REF	HGDP00637	96.65805681151183	ME
REF	HGDP00651	97.63609576053437	ME
REF	HGDP00664	95.62690402125907	OC
REF	HGDP00666	97.38659602864088	EUR
REF	HGDP00703	97.76718884000385	AMR
REF	HGDP00704	97.99689774570649	AMR
REF	HGDP00708	97.85565552460066	AMR
REF	HGDP00711	97.20340402210483	EAS
REF	HGDP00712	96.92565584599016	EAS
REF	HGDP00719	97.15891695126551	EAS
REF	HGDP00724	96.67531035229362	ME
REF	HGDP00726	96.80403529871461	ME
REF	HGDP00741	96.67886255186635	ME
REF	HGDP00756	97.23249822812903	EAS
REF	HGDP00757	97.21338401138057	EAS
REF	HGDP00761	97.21896603928056	EAS
REF	HGDP00772	97.5542260180012	EAS
REF	HGDP00794	98.23912392609395	EUR
REF	HGDP00806	98.14203047110624	EUR
REF	HGDP00808	97.93904763837932	EUR
REF	HGDP00820	96.96337682240525	EAS
REF	HGDP00822	97.40012821748934	EAS
REF	HGDP00832	98.49640466657532	AMR
REF	HGDP00837	98.12105557839112	AMR
REF	HGDP00849	98.07623020283059	AMR
REF	HGDP00854	98.09923492387298	AMR
REF	HGDP00856	97.8392477456219	AMR
REF	HGDP00873	97.89371480573696	AMR
REF	HGDP00876	97.83231249883708	AMR
REF	HGDP00879	97.24230906504415	EUR
REF	HGDP00888	97.56369855019513	EUR
REF	HGDP00896	97.93042086798842	EUR
REF	HGDP00904	96.86273116784481	AFR
REF	HGDP00905	96.35933374268205	AFR
REF	HGDP00920	97.19934436545029	AFR
REF	HGDP00924	97.54661416177393	AFR
REF	HGDP00933	97.55794736993452	AFR
REF	HGDP00940	97.11341496626257	AFR
REF	HGDP00945	97.38828755224694	EAS
REF	HGDP00957	97.17786201565336	EAS
REF	HGDP00958	97.43040649003777	EAS
REF	HGDP00964	97.08854956925352	EAS
REF	HGDP00976	97.37813841061059	EAS
REF	HGDP00984	91.17396812831221	AFR
REF	HGDP00992	88.22581163531429	AFR
REF	HGDP00993	94.82495267962712	AFR
REF	HGDP00994	96.01426292704627	AFR
REF	HGDP00995	97.78410407606444	AMR
REF	HGDP00999	98.100080685676	AMR
REF	HGDP01014	97.84939688725825	AMR
REF	HGDP01037	97.75145767046753	AMR
REF	HGDP01057	97.78968610396441	AMR
REF	HGDP01062	97.27766190841075	EUR
REF	HGDP01071	97.34430793848944	EUR
REF	HGDP01086	92.12511185199845	AFR
REF	HGDP01094	92.07487360089854	AFR
REF	HGDP01096	97.23892601783204	EAS
REF	HGDP01099	97.23351314229265	EAS
REF	HGDP01103	97.28882596421074	EAS
REF	HGDP01149	97.63592660817378	EUR
REF	HGDP01161	97.37526282048029	EUR
REF	HGDP01162	97.5691114257345	EUR
REF	HGDP01169	97.61427510601624	EUR
REF	HGDP01171	97.76465155459476	EUR
REF	HGDP01180	97.53545010597395	EAS
REF	HGDP01181	96.83126882877212	EAS
REF	HGDP01185	97.40232719817722	EAS
REF	HGDP01189	97.36392961231971	EAS
REF	HGDP01190	97.47472440851648	EAS
REF	HGDP01195	97.5043260716225	EAS
REF	HGDP01202	96.43071603885768	AFR
REF	HGDP01204	97.29948256292892	EAS
REF	HGDP01205	97.36697435481061	EAS
REF	HGDP01212	97.24433889337143	EAS
REF	HGDP01213	97.21592129678966	EAS
REF	HGDP01214	97.07924618942019	EAS
REF	HGDP01220	97.09345498771108	EAS
REF	HGDP01222	97.29711442988042	EAS
REF	HGDP01224	97.24044838907749	EAS
REF	HGDP01225	97.52902231627094	EAS
REF	HGDP01231	97.3553028419288	EAS
REF	HGDP01233	97.52039554588004	EAS
REF	HGDP01234	97.12559393622617	EAS
REF	HGDP01239	96.97826223013855	EAS
REF	HGDP01243	97.21067757361088	EAS
REF	HGDP01244	97.33077574964096	EAS
REF	HGDP01249	97.20932435472602	EAS
REF	HGDP01254	97.19410064227151	ME
REF	HGDP01262	97.06419162932629	ME
REF	HGDP01272	97.18090675814426	ME
REF	HGDP01285	96.60003755182407	AFR
REF	HGDP01287	97.18209082466849	EAS
REF	HGDP01288	97.3375418440652	EAS
REF	HGDP01292	97.26193073887443	EAS
REF	HGDP01295	97.24806024530476	EAS
REF	HGDP01299	97.22336400065632	CSA
REF	HGDP01301	97.22234908649268	CSA
REF	HGDP01302	97.51278368965278	CSA
REF	HGDP01309	97.51836571755277	EAS
REF	HGDP01310	97.76042274557962	EAS
REF	HGDP01317	97.63541915109197	EAS
REF	HGDP01318	97.29474629683195	EAS
REF	HGDP01326	97.21270740193815	EAS
REF	HGDP01327	97.03678894690815	EAS
REF	HGDP01328	97.31487542774403	EAS
REF	HGDP01332	97.3141988183016	EAS
REF	HGDP01337	97.29457714447135	EAS
REF	HGDP01339	97.5166741939467	EAS
REF	HGDP01346	97.20695622167756	EAS
REF	HGDP01347	97.43243631836503	EAS
REF	HGDP01348	97.16635965513217	EAS
REF	HGDP01353	97.23063755216236	EAS
REF	HGDP01357	97.8272379280189	EUR
REF	HGDP01358	97.97338556758228	EUR
REF	HGDP01367	97.92534629717026	EUR
REF	HGDP01374	98.23557172652123	EUR
REF	HGDP01382	97.28696528824408	EUR
REF	HGDP01383	97.13168342120798	EUR
REF	HGDP01387	97.06605230529296	EUR
REF	HGDP01405	96.73840418279957	AFR
REF	HGDP01415	95.93662199352823	AFR
REF	LP6005441-DNA_A01	97.31927338911979	EUR
REF	LP6005441-DNA_A03	95.7510618539437	OC
REF	LP6005441-DNA_A04	98.01990246674887	AMR
REF	LP6005441-DNA_A06	97.5043260716225	EUR
REF	LP6005441-DNA_B02	96.51258578139088	AFR
REF	LP6005441-DNA_B03	95.96757687551909	OC
REF	LP6005441-DNA_B06	97.06419162932627	EUR
REF	LP6005441-DNA_B11	88.53468384578042	AFR
REF	LP6005441-DNA_B12	97.94276899031266	AMR
REF	LP6005441-DNA_C05	97.37492451575908	EAS
REF	LP6005441-DNA_C08	97.1787077774564	EAS
REF	LP6005441-DNA_C09	97.95680863624291	EUR
REF	LP6005441-DNA_D11	97.23283653285024	EUR
REF	LP6005441-DNA_D12	97.32350219813492	EAS
REF	LP6005441-DNA_E02	96.99094865718399	ME
REF	LP6005441-DNA_E08	96.97555579236887	EAS
REF	LP6005441-DNA_E10	97.92788358257934	AMR
REF	LP6005441-DNA_F09	97.17566303496548	EAS
REF	LP6005441-DNA_F10	97.87730702675822	AMR
REF	LP6005441-DNA_F12	97.42685429046506	EAS
REF	LP6005441-DNA_G03	96.6336988715846	EAS
REF	LP6005441-DNA_G05	97.15012102851401	EAS
REF	LP6005441-DNA_G08	97.1912250521412	ME
REF	LP6005441-DNA_G10	97.45442612524378	EUR
REF	LP6005441-DNA_H06	97.85159586794613	AMR
REF	LP6005441-DNA_H09	96.8157068115964	ME
REF	LP6005441-DNA_H12	97.41805836771356	EUR
REF	LP6005442-DNA_B01	97.02460997694453	CSA
REF	LP6005442-DNA_D01	97.27952258437742	EAS
REF	LP6005442-DNA_G01	97.07586314220809	EAS
REF	LP6005443-DNA_A01	96.67243476216332	AFR
REF	LP6005443-DNA_B01	97.56572837852238	EAS
REF	LP6005443-DNA_E01	97.23909517019266	EAS
REF	LP6005443-DNA_E02	95.98855176823422	AFR
REF	LP6005443-DNA_E08	95.8327624441163	OC
REF	LP6005443-DNA_E09	97.22556298134418	EAS
REF	LP6005443-DNA_F01	97.46812746645286	EAS
REF	LP6005443-DNA_G02	91.93380053215333	AFR
REF	LP6005443-DNA_G08	88.5842454874379	AFR
REF	LP6005592-DNA_C03	91.97067574676538	AFR
REF	SS6004467	97.26091582471079	EAS
REF	SS6004473	87.75928942476357	AFR
noREF	HGDP00001	96.75988653259651	CSA
noREF	HGDP00021	96.62118159689977	CSA
noREF	HGDP00023	96.88607419360841	CSA
noREF	HGDP00039	97.16991185470489	CSA
noREF	HGDP00052	96.67158900036029	CSA
noREF	HGDP00068	97.30337306722284	CSA
noREF	HGDP00086	96.91601416143563	CSA
noREF	HGDP00092	97.22217993413207	CSA
noREF	HGDP00099	97.24146330324112	CSA
noREF	HGDP00100	97.1293152881595	CSA
noREF	HGDP00105	96.71607607119962	CSA
noREF	HGDP00118	97.16010101778976	CSA
noREF	HGDP00131	97.10309667226561	CSA
noREF	HGDP00141	96.60477381792101	CSA
noREF	HGDP00143	96.89402435455688	CSA
noREF	HGDP00151	97.86580466623701	CSA
noREF	HGDP00163	97.32705439770766	CSA
noREF	HGDP00179	97.36663605008941	CSA
noREF	HGDP00197	97.09159431174442	CSA
noREF	HGDP00201	96.90265112494778	CSA
noREF	HGDP00213	97.36866587841668	CSA
noREF	HGDP00214	97.07146518083233	CSA
noREF	HGDP00239	96.83904983736001	CSA
noREF	HGDP00248	96.9062033245205	CSA
noREF	HGDP00274	97.21084672597149	CSA
noREF	HGDP00277	97.30269645778041	CSA
noREF	HGDP00302	97.53172875404063	CSA
noREF	HGDP00313	97.1118925950171	CSA
noREF	HGDP00341	97.0266398052718	CSA
noREF	HGDP00376	97.26531378608655	CSA
noREF	HGDP00417	97.15807118946248	CSA
noREF	HGDP00433	96.83465187598425	CSA
noREF	HGDP00452	91.87256737761403	AFR
noREF	HGDP00453	92.05762006011676	AFR
noREF	HGDP00462	90.80166378261892	AFR
noREF	HGDP00463	90.63521785978284	AFR
noREF	HGDP00491	95.97772601715543	OC
noREF	HGDP00519	97.65030455882527	EUR
noREF	HGDP00520	97.442754612362	EUR
noREF	HGDP00525	97.51684334630733	EUR
noREF	HGDP00537	97.37035740202272	EUR
noREF	HGDP00540	95.63603824873178	OC
noREF	HGDP00541	94.98919962177531	OC
noREF	HGDP00543	95.76780793764368	OC
noREF	HGDP00546	95.65041619938327	OC
noREF	HGDP00550	95.36725514772921	OC
noREF	HGDP00553	95.572436961144	OC
noREF	HGDP00555	95.04891040506917	OC
noREF	HGDP00575	97.04000284175966	ME
noREF	HGDP00576	96.91753653268108	ME
noREF	HGDP00579	97.06977365722628	ME
noREF	HGDP00588	97.05742553490205	ME
noREF	HGDP00636	96.34106528773663	ME
noREF	HGDP00637	96.5457396440696	ME
noREF	HGDP00651	97.58332022402539	ME
noREF	HGDP00664	95.8180461887436	OC
noREF	HGDP00666	97.17346405427762	EUR
noREF	HGDP00703	97.66941877557372	AMR
noREF	HGDP00704	97.93498798172477	AMR
noREF	HGDP00708	97.78951695160383	AMR
noREF	HGDP00711	97.2463687216987	EAS
noREF	HGDP00712	96.87321861420237	EAS
noREF	HGDP00719	96.86137794895996	EAS
noREF	HGDP00724	96.75464280941772	ME
noREF	HGDP00726	96.62033583509675	ME
noREF	HGDP00741	96.59716196169376	ME
noREF	HGDP00756	97.3170744084319	EAS
noREF	HGDP00757	97.20475724098968	EAS
noREF	HGDP00761	97.1555339040534	EAS
noREF	HGDP00772	97.37543197284089	EAS
noREF	HGDP00794	97.71644313182213	EUR
noREF	HGDP00806	97.9060629280612	EUR
noREF	HGDP00808	97.66163776698585	EUR
noREF	HGDP00820	96.99500831383853	EAS
noREF	HGDP00822	97.32992998783794	EAS
noREF	HGDP00832	98.46155928029053	AMR
noREF	HGDP00837	98.07572274574878	AMR
noREF	HGDP00849	98.08062816420635	AMR
noREF	HGDP00854	98.00721603970344	AMR
noREF	HGDP00856	97.824193185528	AMR
noREF	HGDP00873	97.8446606211613	AMR
noREF	HGDP00876	97.78478068550686	AMR
noREF	HGDP00879	97.0413560606445	EUR
noREF	HGDP00888	97.37137231618637	EUR
noREF	HGDP00896	97.52885316391033	EUR
noREF	HGDP00904	95.29096743309601	AFR
noREF	HGDP00905	94.89582751872094	AFR
noREF	HGDP00920	95.20486888154768	AFR
noREF	HGDP00924	96.13588347432182	AFR
noREF	HGDP00933	96.11254044855822	AFR
noREF	HGDP00940	95.27185321634755	AFR
noREF	HGDP00945	97.31470627538343	EAS
noREF	HGDP00957	97.2903483354562	EAS
noREF	HGDP00958	97.19816029892606	EAS
noREF	HGDP00964	96.94849141467193	EAS
noREF	HGDP00976	97.3664668977288	EAS
noREF	HGDP00984	90.61525788123136	AFR
noREF	HGDP00992	87.9658244570632	AFR
noREF	HGDP00993	93.48763411667791	AFR
noREF	HGDP00994	94.416957185846	AFR
noREF	HGDP00995	97.65199608243132	AMR
noREF	HGDP00999	98.10312542816692	AMR
noREF	HGDP01014	97.78731797091594	AMR
noREF	HGDP01037	97.72236346444333	AMR
noREF	HGDP01057	97.86106840014006	AMR
noREF	HGDP01062	97.12187258429284	EUR
noREF	HGDP01071	97.0912560070232	EUR
noREF	HGDP01086	91.15959017766073	AFR
noREF	HGDP01094	91.4138261756512	AFR
noREF	HGDP01096	97.13641968730494	EAS
noREF	HGDP01099	97.26886598565926	EAS
noREF	HGDP01103	97.33923336767127	EAS
noREF	HGDP01149	97.56589753088299	EUR
noREF	HGDP01161	97.22167247705026	EUR
noREF	HGDP01162	97.27123411870775	EUR
noREF	HGDP01169	97.46254543855287	EUR
noREF	HGDP01171	97.6245934000132	EUR
noREF	HGDP01180	97.18242912938972	EAS
noREF	HGDP01181	96.85850235882967	EAS
noREF	HGDP01185	97.2756320800835	EAS
noREF	HGDP01189	97.11037022377167	EAS
noREF	HGDP01190	97.32519372174099	EAS
noREF	HGDP01195	97.50669420467096	EAS
noREF	HGDP01202	94.95097118827842	AFR
noREF	HGDP01204	97.28425885047439	EAS
noREF	HGDP01205	97.28611952644104	EAS
noREF	HGDP01212	97.35259640415912	EAS
noREF	HGDP01213	97.20966265944723	EAS
noREF	HGDP01214	96.96083953699616	EAS
noREF	HGDP01220	97.01902794904454	EAS
noREF	HGDP01222	97.21812027747754	EAS
noREF	HGDP01224	97.24501550281386	EAS
noREF	HGDP01225	97.50703250939219	EAS
noREF	HGDP01231	97.27191072815016	EAS
noREF	HGDP01233	97.36037741274698	EAS
noREF	HGDP01234	97.23605042770174	EAS
noREF	HGDP01239	96.82839323864184	EAS
noREF	HGDP01243	97.08956448341715	EAS
noREF	HGDP01244	97.55659415104967	EAS
noREF	HGDP01249	97.1232258031777	EAS
noREF	HGDP01254	96.79879157553583	ME
noREF	HGDP01262	96.68664356045421	ME
noREF	HGDP01272	96.84243288457212	ME
noREF	HGDP01285	95.22262987941127	AFR
noREF	HGDP01287	96.91263111422352	EAS
noREF	HGDP01288	97.22860772383508	EAS
noREF	HGDP01292	97.08702719800806	EAS
noREF	HGDP01295	97.14639967658069	EAS
noREF	HGDP01299	97.21490638262603	CSA
noREF	HGDP01301	97.12153427957163	CSA
noREF	HGDP01302	97.37627773464392	CSA
noREF	HGDP01309	97.33162151144401	EAS
noREF	HGDP01310	97.34261641488337	EAS
noREF	HGDP01317	97.4398790222317	EAS
noREF	HGDP01318	97.29136324961983	EAS
noREF	HGDP01326	97.11882784180195	EAS
noREF	HGDP01327	97.01987371084756	EAS
noREF	HGDP01328	97.27410970883804	EAS
noREF	HGDP01332	97.23571212298053	EAS
noREF	HGDP01337	97.27850767021378	EAS
noREF	HGDP01339	97.36917333549849	EAS
noREF	HGDP01346	97.1502901808746	EAS
noREF	HGDP01347	97.3048954384683	EAS
noREF	HGDP01348	97.01513744475061	EAS
noREF	HGDP01353	97.15604136113522	EAS
noREF	HGDP01357	97.34075573891671	EUR
noREF	HGDP01358	97.53798739138304	EUR
noREF	HGDP01367	97.67111029917979	EUR
noREF	HGDP01374	97.84618299240675	EUR
noREF	HGDP01382	97.05302757352631	EUR
noREF	HGDP01383	97.00177440826275	EUR
noREF	HGDP01387	96.91669077087805	EUR
noREF	HGDP01405	95.03656228274492	AFR
noREF	HGDP01415	94.68303384907888	AFR
noREF	LP6005441-DNA_A01	97.23385144701386	EUR
noREF	LP6005441-DNA_A03	95.7918275728497	OC
noREF	LP6005441-DNA_A04	97.95325643667019	AMR
noREF	LP6005441-DNA_A06	97.40740176899538	EUR
noREF	LP6005441-DNA_B02	95.13906861327204	AFR
noREF	LP6005441-DNA_B03	96.12860992281577	OC
noREF	LP6005441-DNA_B06	96.80623427940249	EUR
noREF	LP6005441-DNA_B11	88.2383289099991	AFR
noREF	LP6005441-DNA_B12	97.98116657617015	AMR
noREF	LP6005441-DNA_C05	97.17515557788367	EAS
noREF	LP6005441-DNA_C08	97.0941315971535	EAS
noREF	LP6005441-DNA_C09	97.69005536356764	EUR
noREF	LP6005441-DNA_D11	97.16940439762307	EUR
noREF	LP6005441-DNA_D12	97.25313481612292	EAS
noREF	LP6005441-DNA_E02	96.91533755199322	ME
noREF	LP6005441-DNA_E08	96.98688900052944	EAS
noREF	LP6005441-DNA_E10	97.88187414049457	AMR
noREF	LP6005441-DNA_F09	97.1262705456686	EAS
noREF	LP6005441-DNA_F10	97.74604479492814	AMR
noREF	LP6005441-DNA_F12	97.42093395784383	EAS
noREF	LP6005441-DNA_G03	96.69070321710875	EAS
noREF	LP6005441-DNA_G05	97.16483728388671	EAS
noREF	LP6005441-DNA_G08	96.76631432229952	ME
noREF	LP6005441-DNA_G10	97.3257011788228	EUR
noREF	LP6005441-DNA_H06	97.80440235933712	AMR
noREF	LP6005441-DNA_H09	96.61729109260584	ME
noREF	LP6005441-DNA_H12	97.07061941902931	EUR
noREF	LP6005442-DNA_B01	96.91888975156593	CSA
noREF	LP6005442-DNA_D01	97.08465906495958	EAS
noREF	LP6005442-DNA_G01	97.17836947273517	EAS
noREF	LP6005443-DNA_A01	94.98327928915413	AFR
noREF	LP6005443-DNA_B01	97.48030643641647	EAS
noREF	LP6005443-DNA_E01	97.1912250521412	EAS
noREF	LP6005443-DNA_E02	94.58323395632148	AFR
noREF	LP6005443-DNA_E08	95.7833699548194	OC
noREF	LP6005443-DNA_E09	97.01057033101425	EAS
noREF	LP6005443-DNA_F01	97.31927338911979	EAS
noREF	LP6005443-DNA_G02	91.1034315939396	AFR
noREF	LP6005443-DNA_G08	88.48968931785927	AFR
noREF	LP6005592-DNA_C03	91.39708009195121	AFR
noREF	SS6004467	97.11848953708073	EAS
noREF	SS6004473	87.48035718212465	AFR
